CustomerID,InvoiceID,InvoiceDate,Amount,ProductCategory,Quantity,UnitPrice
C1029,INV-600288,2024-12-01 00:00:00,200.18,Apparel & Designer Wear,2,100.09
C1075,INV-600747,2024-12-01 00:00:00,178.82,Electronics & Gadgets,1,178.82
C1075,INV-600747,2024-12-01 00:00:00,104.65,Sports & Outdoors,1,104.65
C1030,INV-600298,2024-12-01 00:00:00,461.14,Apparel & Designer Wear,2,230.57
C1630,INV-602814,2024-12-02 00:00:00,105.45,Electronics & Gadgets,1,105.45
C1630,INV-602814,2024-12-02 00:00:00,186.88,Home & Smart Living,1,186.88
C1630,INV-602814,2024-12-02 00:00:00,165.96,Apparel & Designer Wear,2,82.98
C1647,INV-602879,2024-12-02 00:00:00,138.25,Home & Smart Living,1,138.25
C1167,INV-601475,2024-12-02 00:00:00,105.58,Apparel & Designer Wear,1,105.58
C1647,INV-602879,2024-12-02 00:00:00,86.06,Beauty & Wellness,1,86.06
C1647,INV-602879,2024-12-02 00:00:00,169.98,Beauty & Wellness,2,84.99
C1167,INV-601475,2024-12-02 00:00:00,129.31,Electronics & Gadgets,1,129.31
C1039,INV-600387,2024-12-03 00:00:00,122.36,Home & Smart Living,1,122.36
C1039,INV-600387,2024-12-03 00:00:00,92.5,Electronics & Gadgets,1,92.5
C1175,INV-601536,2024-12-03 00:00:00,163.31,Gourmet Foods & Coffee,7,23.33
C1657,INV-602916,2024-12-03 00:00:00,275.78,Sports & Outdoors,1,275.78
C1063,INV-600629,2024-12-03 00:00:00,72.5,Home & Smart Living,1,72.5
C1657,INV-602916,2024-12-03 00:00:00,282.96,Beauty & Wellness,3,94.32
C1063,INV-600629,2024-12-03 00:00:00,78.59,Electronics & Gadgets,1,78.59
C1063,INV-600629,2024-12-03 00:00:00,83.28,Electronics & Gadgets,1,83.28
C1004,INV-600037,2024-12-03 00:00:00,243.94,Sports & Outdoors,2,121.97
C1636,INV-602834,2024-12-04 00:00:00,221.64,Sports & Outdoors,4,55.41
C1615,INV-602739,2024-12-04 00:00:00,125.62,Apparel & Designer Wear,2,62.81
C1059,INV-600586,2024-12-04 00:00:00,76.95,Sports & Outdoors,1,76.95
C1059,INV-600586,2024-12-04 00:00:00,111.05,Sports & Outdoors,1,111.05
C1615,INV-602739,2024-12-04 00:00:00,112.55,Home & Smart Living,1,112.55
C1084,INV-600837,2024-12-04 00:00:00,141.42,Sports & Outdoors,1,141.42
C1084,INV-600837,2024-12-04 00:00:00,162.92,Home & Smart Living,1,162.92
C1059,INV-600586,2024-12-04 00:00:00,88.6,Sports & Outdoors,2,44.3
C1636,INV-602834,2024-12-04 00:00:00,251.82,Beauty & Wellness,3,83.94
C1600,INV-602667,2024-12-04 00:00:00,292.8,Electronics & Gadgets,1,292.8
C1620,INV-602769,2024-12-04 00:00:00,367.89,Home & Smart Living,3,122.63
C1640,INV-602852,2024-12-04 00:00:00,307.42,Sports & Outdoors,2,153.71
C1088,INV-600877,2024-12-04 00:00:00,112.88,Electronics & Gadgets,1,112.88
C1615,INV-602739,2024-12-04 00:00:00,97.05,Home & Smart Living,1,97.05
C1088,INV-600877,2024-12-04 00:00:00,69.91,Electronics & Gadgets,1,69.91
C1088,INV-600877,2024-12-04 00:00:00,121.29,Gourmet Foods & Coffee,3,40.43
C1033,INV-600330,2024-12-04 00:00:00,255.51,Home & Smart Living,3,85.17
C1072,INV-600717,2024-12-05 00:00:00,184.76,Gourmet Foods & Coffee,4,46.19
C1072,INV-600717,2024-12-05 00:00:00,182.14,Apparel & Designer Wear,2,91.07
C1068,INV-600678,2024-12-05 00:00:00,129.87,Gourmet Foods & Coffee,9,14.43
C1068,INV-600678,2024-12-05 00:00:00,122.3,Beauty & Wellness,1,122.3
C1068,INV-600678,2024-12-05 00:00:00,150.6,Sports & Outdoors,1,150.6
C1588,INV-602602,2024-12-05 00:00:00,175.44,Beauty & Wellness,2,87.72
C1067,INV-600667,2024-12-06 00:00:00,91.93,Electronics & Gadgets,1,91.93
C1067,INV-600667,2024-12-06 00:00:00,98.25,Gourmet Foods & Coffee,3,32.75
C1616,INV-602744,2024-12-06 00:00:00,194.12,Electronics & Gadgets,1,194.12
C1725,INV-603014,2024-12-06 00:00:00,28.0,Apparel & Designer Wear,1,28.0
C1067,INV-600667,2024-12-06 00:00:00,110.24,Home & Smart Living,1,110.24
C1616,INV-602744,2024-12-06 00:00:00,113.41,Electronics & Gadgets,1,113.41
C1725,INV-603014,2024-12-06 00:00:00,28.0,Apparel & Designer Wear,1,28.0
C1632,INV-602820,2024-12-06 00:00:00,183.69,Home & Smart Living,3,61.23
C1594,INV-602633,2024-12-06 00:00:00,338.72,Home & Smart Living,4,84.68
C1018,INV-600178,2024-12-06 00:00:00,166.49,Sports & Outdoors,1,166.49
C1018,INV-600178,2024-12-06 00:00:00,101.46,Apparel & Designer Wear,1,101.46
C1658,INV-602918,2024-12-06 00:00:00,132.59,Sports & Outdoors,1,132.59
C1658,INV-602918,2024-12-06 00:00:00,143.57,Sports & Outdoors,1,143.57
C1658,INV-602918,2024-12-06 00:00:00,99.18,Apparel & Designer Wear,1,99.18
C1632,INV-602820,2024-12-06 00:00:00,91.0,Sports & Outdoors,1,91.0
C1031,INV-600308,2024-12-06 00:00:00,226.91,Sports & Outdoors,1,226.91
C1031,INV-600308,2024-12-06 00:00:00,182.68,Electronics & Gadgets,1,182.68
C1619,INV-602763,2024-12-06 00:00:00,294.9,Beauty & Wellness,10,29.49
C1632,INV-602820,2024-12-06 00:00:00,99.66,Apparel & Designer Wear,1,99.66
C1053,INV-600528,2024-12-07 00:00:00,143.0,Beauty & Wellness,1,143.0
C1017,INV-600169,2024-12-07 00:00:00,227.22,Apparel & Designer Wear,2,113.61
C1172,INV-601516,2024-12-07 00:00:00,48.75,Beauty & Wellness,1,48.75
C1053,INV-600528,2024-12-07 00:00:00,130.96,Gourmet Foods & Coffee,4,32.74
C1172,INV-601516,2024-12-07 00:00:00,88.14,Sports & Outdoors,1,88.14
C1172,INV-601516,2024-12-07 00:00:00,97.46,Home & Smart Living,2,48.73
C1053,INV-600528,2024-12-07 00:00:00,80.31,Home & Smart Living,1,80.31
C1652,INV-602895,2024-12-08 00:00:00,323.78,Electronics & Gadgets,1,323.78
C1635,INV-602831,2024-12-08 00:00:00,436.46,Home & Smart Living,2,218.23
C1085,INV-600847,2024-12-08 00:00:00,365.3,Beauty & Wellness,10,36.53
C1652,INV-602895,2024-12-08 00:00:00,248.39,Electronics & Gadgets,1,248.39
C1637,INV-602840,2024-12-08 00:00:00,300.0,Gourmet Foods & Coffee,5,60.0
C1637,INV-602840,2024-12-08 00:00:00,309.8,Home & Smart Living,1,309.8
C1066,INV-600657,2024-12-09 00:00:00,409.72,Beauty & Wellness,4,102.43
C1036,INV-600356,2024-12-09 00:00:00,465.54,Home & Smart Living,3,155.18
C1008,INV-600079,2024-12-10 00:00:00,181.09,Sports & Outdoors,1,181.09
C1097,INV-600949,2024-12-10 00:00:00,63.59,Apparel & Designer Wear,1,63.59
C1008,INV-600079,2024-12-10 00:00:00,128.44,Gourmet Foods & Coffee,4,32.11
C1097,INV-600949,2024-12-10 00:00:00,78.89,Electronics & Gadgets,1,78.89
C1593,INV-602627,2024-12-11 00:00:00,91.28,Home & Smart Living,1,91.28
C1006,INV-600059,2024-12-11 00:00:00,81.38,Gourmet Foods & Coffee,2,40.69
C1006,INV-600059,2024-12-11 00:00:00,76.96,Gourmet Foods & Coffee,4,19.24
C1584,INV-602580,2024-12-11 00:00:00,99.0,Beauty & Wellness,5,19.8
C1584,INV-602580,2024-12-11 00:00:00,65.29,Home & Smart Living,1,65.29
C1584,INV-602580,2024-12-11 00:00:00,120.93,Sports & Outdoors,1,120.93
C1574,INV-602536,2024-12-11 00:00:00,253.59,Sports & Outdoors,3,84.53
C1006,INV-600059,2024-12-11 00:00:00,92.22,Gourmet Foods & Coffee,2,46.11
C1079,INV-600786,2024-12-11 00:00:00,372.1,Gourmet Foods & Coffee,5,74.42
C1593,INV-602627,2024-12-11 00:00:00,162.02,Home & Smart Living,1,162.02
C1019,INV-600188,2024-12-11 00:00:00,208.35,Home & Smart Living,1,208.35
C1070,INV-600697,2024-12-12 00:00:00,168.78,Sports & Outdoors,1,168.78
C1070,INV-600697,2024-12-12 00:00:00,230.87,Sports & Outdoors,1,230.87
C1046,INV-600456,2024-12-12 00:00:00,181.3,Sports & Outdoors,1,181.3
C1046,INV-600456,2024-12-12 00:00:00,115.83,Electronics & Gadgets,1,115.83
C1037,INV-600365,2024-12-12 00:00:00,440.09,Home & Smart Living,7,62.87
C1573,INV-602528,2024-12-13 00:00:00,78.77,Home & Smart Living,1,78.77
C1573,INV-602528,2024-12-13 00:00:00,106.05,Home & Smart Living,1,106.05
C1601,INV-602673,2024-12-13 00:00:00,233.3,Apparel & Designer Wear,1,233.3
C1743,INV-603032,2024-12-13 00:00:00,16.42,Gourmet Foods & Coffee,1,16.42
C1112,INV-601054,2024-12-13 00:00:00,286.5,Home & Smart Living,1,286.5
C1743,INV-603032,2024-12-13 00:00:00,19.74,Gourmet Foods & Coffee,1,19.74
C1743,INV-603032,2024-12-13 00:00:00,14.25,Gourmet Foods & Coffee,1,14.25
C1056,INV-600557,2024-12-13 00:00:00,110.12,Beauty & Wellness,4,27.53
C1570,INV-602513,2024-12-13 00:00:00,161.23,Home & Smart Living,1,161.23
C1570,INV-602513,2024-12-13 00:00:00,112.3,Beauty & Wellness,2,56.15
C1123,INV-601139,2024-12-13 00:00:00,292.48,Home & Smart Living,2,146.24
C1733,INV-603022,2024-12-13 00:00:00,18.0,Beauty & Wellness,1,18.0
C1617,INV-602750,2024-12-13 00:00:00,114.45,Beauty & Wellness,3,38.15
C1573,INV-602528,2024-12-13 00:00:00,108.3,Gourmet Foods & Coffee,2,54.15
C1617,INV-602750,2024-12-13 00:00:00,124.86,Electronics & Gadgets,1,124.86
C1617,INV-602750,2024-12-13 00:00:00,65.0,Electronics & Gadgets,1,65.0
C1056,INV-600557,2024-12-13 00:00:00,96.58,Apparel & Designer Wear,1,96.58
C1056,INV-600557,2024-12-13 00:00:00,133.32,Sports & Outdoors,1,133.32
C1733,INV-603022,2024-12-13 00:00:00,65.0,Electronics & Gadgets,1,65.0
C1634,INV-602829,2024-12-14 00:00:00,126.98,Home & Smart Living,2,63.49
C1577,INV-602551,2024-12-14 00:00:00,111.84,Apparel & Designer Wear,1,111.84
C1634,INV-602829,2024-12-14 00:00:00,268.95,Apparel & Designer Wear,5,53.79
C1577,INV-602551,2024-12-14 00:00:00,117.54,Apparel & Designer Wear,3,39.18
C1047,INV-600467,2024-12-14 00:00:00,210.76,Sports & Outdoors,2,105.38
C1024,INV-600238,2024-12-14 00:00:00,105.35,Home & Smart Living,1,105.35
C1012,INV-600119,2024-12-14 00:00:00,143.75,Home & Smart Living,1,143.75
C1577,INV-602551,2024-12-14 00:00:00,52.02,Apparel & Designer Wear,1,52.02
C1024,INV-600238,2024-12-14 00:00:00,140.47,Apparel & Designer Wear,1,140.47
C1576,INV-602546,2024-12-14 00:00:00,177.91,Electronics & Gadgets,1,177.91
C1012,INV-600119,2024-12-14 00:00:00,142.05,Home & Smart Living,1,142.05
C1024,INV-600238,2024-12-14 00:00:00,124.19,Home & Smart Living,1,124.19
C1047,INV-600467,2024-12-14 00:00:00,186.4,Gourmet Foods & Coffee,5,37.28
C1012,INV-600119,2024-12-14 00:00:00,108.95,Gourmet Foods & Coffee,5,21.79
C1190,INV-601648,2024-12-15 00:00:00,61.95,Home & Smart Living,1,61.95
C1587,INV-602596,2024-12-15 00:00:00,93.95,Sports & Outdoors,1,93.95
C1134,INV-601221,2024-12-15 00:00:00,121.47,Gourmet Foods & Coffee,3,40.49
C1190,INV-601648,2024-12-15 00:00:00,126.2,Apparel & Designer Wear,2,63.1
C1587,INV-602596,2024-12-15 00:00:00,82.14,Home & Smart Living,1,82.14
C1021,INV-600209,2024-12-16 00:00:00,62.03,Sports & Outdoors,1,62.03
C1021,INV-600209,2024-12-16 00:00:00,123.57,Electronics & Gadgets,1,123.57
C1042,INV-600418,2024-12-16 00:00:00,182.88,Sports & Outdoors,2,91.44
C1586,INV-602590,2024-12-16 00:00:00,139.11,Home & Smart Living,1,139.11
C1042,INV-600418,2024-12-16 00:00:00,156.9,Home & Smart Living,2,78.45
C1598,INV-602655,2024-12-16 00:00:00,81.85,Apparel & Designer Wear,1,81.85
C1598,INV-602655,2024-12-16 00:00:00,68.67,Electronics & Gadgets,1,68.67
C1598,INV-602655,2024-12-16 00:00:00,65.0,Electronics & Gadgets,1,65.0
C1021,INV-600209,2024-12-16 00:00:00,110.73,Sports & Outdoors,1,110.73
C1586,INV-602590,2024-12-16 00:00:00,174.98,Electronics & Gadgets,1,174.98
C1654,INV-602901,2024-12-17 00:00:00,87.48,Apparel & Designer Wear,1,87.48
C1680,INV-602954,2024-12-17 00:00:00,42.0,Sports & Outdoors,1,42.0
C1680,INV-602954,2024-12-17 00:00:00,21.97,Gourmet Foods & Coffee,1,21.97
C1654,INV-602901,2024-12-17 00:00:00,152.34,Electronics & Gadgets,1,152.34
C1583,INV-602575,2024-12-17 00:00:00,118.03,Electronics & Gadgets,1,118.03
C1029,INV-600287,2024-12-17 00:00:00,305.75,Gourmet Foods & Coffee,5,61.15
C1583,INV-602575,2024-12-17 00:00:00,97.22,Beauty & Wellness,1,97.22
C1654,INV-602901,2024-12-17 00:00:00,89.0,Home & Smart Living,1,89.0
C1680,INV-602954,2024-12-17 00:00:00,20.88,Beauty & Wellness,1,20.88
C1043,INV-600427,2024-12-17 00:00:00,77.56,Home & Smart Living,2,38.78
C1043,INV-600427,2024-12-17 00:00:00,83.26,Electronics & Gadgets,1,83.26
C1043,INV-600427,2024-12-17 00:00:00,107.8,Sports & Outdoors,1,107.8
C1583,INV-602575,2024-12-17 00:00:00,110.86,Apparel & Designer Wear,1,110.86
C1055,INV-600547,2024-12-18 00:00:00,74.14,Sports & Outdoors,1,74.14
C1055,INV-600547,2024-12-18 00:00:00,119.67,Sports & Outdoors,1,119.67
C1064,INV-600639,2024-12-18 00:00:00,365.6,Gourmet Foods & Coffee,5,73.12
C1055,INV-600547,2024-12-18 00:00:00,90.47,Electronics & Gadgets,1,90.47
C1649,INV-602887,2024-12-18 00:00:00,509.16,Home & Smart Living,3,169.72
C1650,INV-602890,2024-12-18 00:00:00,648.1,Gourmet Foods & Coffee,10,64.81
C1010,INV-600100,2024-12-19 00:00:00,86.46,Apparel & Designer Wear,2,43.23
C1052,INV-600517,2024-12-19 00:00:00,162.44,Sports & Outdoors,1,162.44
C1647,INV-602878,2024-12-19 00:00:00,560.82,Electronics & Gadgets,3,186.94
C1636,INV-602833,2024-12-19 00:00:00,167.1,Home & Smart Living,1,167.1
C1636,INV-602833,2024-12-19 00:00:00,207.57,Gourmet Foods & Coffee,3,69.19
C1010,INV-600100,2024-12-19 00:00:00,77.38,Apparel & Designer Wear,2,38.69
C1010,INV-600100,2024-12-19 00:00:00,100.85,Electronics & Gadgets,1,100.85
C1636,INV-602833,2024-12-19 00:00:00,107.38,Sports & Outdoors,1,107.38
C1025,INV-600249,2024-12-19 00:00:00,139.95,Gourmet Foods & Coffee,3,46.65
C1025,INV-600249,2024-12-19 00:00:00,96.04,Sports & Outdoors,2,48.02
C1052,INV-600517,2024-12-19 00:00:00,193.77,Apparel & Designer Wear,3,64.59
C1054,INV-600537,2024-12-19 00:00:00,426.63,Sports & Outdoors,3,142.21
C1094,INV-600931,2024-12-20 00:00:00,160.02,Beauty & Wellness,3,53.34
C1633,INV-602824,2024-12-20 00:00:00,398.95,Beauty & Wellness,5,79.79
C1022,INV-600219,2024-12-20 00:00:00,111.31,Home & Smart Living,1,111.31
C1646,INV-602873,2024-12-20 00:00:00,452.08,Beauty & Wellness,4,113.02
C1022,INV-600219,2024-12-20 00:00:00,67.5,Electronics & Gadgets,1,67.5
C1022,INV-600219,2024-12-20 00:00:00,87.46,Beauty & Wellness,1,87.46
C1058,INV-600575,2024-12-20 00:00:00,339.0,Gourmet Foods & Coffee,12,28.25
C1063,INV-600628,2024-12-21 00:00:00,118.14,Beauty & Wellness,6,19.69
C1063,INV-600628,2024-12-21 00:00:00,157.92,Sports & Outdoors,1,157.92
C1198,INV-601710,2024-12-21 00:00:00,94.82,Home & Smart Living,1,94.82
C1005,INV-600048,2024-12-21 00:00:00,113.88,Home & Smart Living,1,113.88
C1005,INV-600048,2024-12-21 00:00:00,219.6,Gourmet Foods & Coffee,3,73.2
C1198,INV-601710,2024-12-21 00:00:00,71.41,Sports & Outdoors,1,71.41
C1067,INV-600666,2024-12-21 00:00:00,404.3,Apparel & Designer Wear,2,202.15
C1198,INV-601710,2024-12-21 00:00:00,70.29,Sports & Outdoors,1,70.29
C1618,INV-602758,2024-12-22 00:00:00,130.65,Apparel & Designer Wear,1,130.65
C1618,INV-602758,2024-12-22 00:00:00,131.3,Beauty & Wellness,5,26.26
C1566,INV-602493,2024-12-22 00:00:00,126.36,Sports & Outdoors,1,126.36
C1566,INV-602493,2024-12-22 00:00:00,179.64,Home & Smart Living,2,89.82
C1049,INV-600490,2024-12-22 00:00:00,80.55,Apparel & Designer Wear,1,80.55
C1049,INV-600490,2024-12-22 00:00:00,90.11,Electronics & Gadgets,1,90.11
C1049,INV-600490,2024-12-22 00:00:00,112.04,Gourmet Foods & Coffee,2,56.02
C1082,INV-600815,2024-12-22 00:00:00,458.36,Apparel & Designer Wear,4,114.59
C1182,INV-601586,2024-12-22 00:00:00,114.27,Electronics & Gadgets,1,114.27
C1182,INV-601586,2024-12-22 00:00:00,93.74,Beauty & Wellness,2,46.87
C1648,INV-602883,2024-12-22 00:00:00,430.84,Sports & Outdoors,2,215.42
C1720,INV-603009,2024-12-22 00:00:00,41.87,Home & Smart Living,1,41.87
C1625,INV-602792,2024-12-22 00:00:00,89.85,Home & Smart Living,1,89.85
C1625,INV-602792,2024-12-22 00:00:00,158.07,Sports & Outdoors,3,52.69
C1053,INV-600527,2024-12-22 00:00:00,91.26,Gourmet Foods & Coffee,2,45.63
C1053,INV-600527,2024-12-22 00:00:00,129.3,Home & Smart Living,3,43.1
C1053,INV-600527,2024-12-22 00:00:00,98.76,Beauty & Wellness,1,98.76
C1695,INV-602974,2024-12-22 00:00:00,37.72,Home & Smart Living,1,37.72
C1695,INV-602974,2024-12-22 00:00:00,65.0,Electronics & Gadgets,1,65.0
C1579,INV-602558,2024-12-23 00:00:00,70.12,Electronics & Gadgets,1,70.12
C1579,INV-602558,2024-12-23 00:00:00,90.99,Home & Smart Living,1,90.99
C1579,INV-602558,2024-12-23 00:00:00,65.0,Electronics & Gadgets,1,65.0
C1149,INV-601343,2024-12-23 00:00:00,99.64,Home & Smart Living,2,49.82
C1723,INV-603012,2024-12-23 00:00:00,65.0,Electronics & Gadgets,1,65.0
C1723,INV-603012,2024-12-23 00:00:00,14.0,Gourmet Foods & Coffee,1,14.0
C1723,INV-603012,2024-12-23 00:00:00,35.0,Home & Smart Living,1,35.0
C1149,INV-601343,2024-12-23 00:00:00,97.8,Sports & Outdoors,1,97.8
C1149,INV-601343,2024-12-23 00:00:00,48.18,Sports & Outdoors,1,48.18
C1608,INV-602703,2024-12-24 00:00:00,169.16,Apparel & Designer Wear,1,169.16
C1608,INV-602703,2024-12-24 00:00:00,126.68,Beauty & Wellness,2,63.34
C1004,INV-600036,2024-12-24 00:00:00,229.35,Home & Smart Living,1,229.35
C1713,INV-603002,2024-12-24 00:00:00,35.0,Home & Smart Living,1,35.0
C1713,INV-603002,2024-12-24 00:00:00,42.0,Sports & Outdoors,1,42.0
C1125,INV-601155,2024-12-24 00:00:00,112.5,Beauty & Wellness,1,112.5
C1125,INV-601155,2024-12-24 00:00:00,69.69,Electronics & Gadgets,1,69.69
C1009,INV-600089,2024-12-24 00:00:00,103.96,Electronics & Gadgets,1,103.96
C1009,INV-600089,2024-12-24 00:00:00,126.5,Gourmet Foods & Coffee,2,63.25
C1004,INV-600036,2024-12-24 00:00:00,158.74,Electronics & Gadgets,1,158.74
C1074,INV-600737,2024-12-24 00:00:00,358.82,Gourmet Foods & Coffee,7,51.26
C1744,INV-603033,2024-12-24 00:00:00,56.01,Home & Smart Living,1,56.01
C1032,INV-600319,2024-12-25 00:00:00,235.35,Beauty & Wellness,5,47.07
C1565,INV-602486,2024-12-25 00:00:00,313.98,Sports & Outdoors,3,104.66
C1719,INV-603008,2024-12-25 00:00:00,42.0,Sports & Outdoors,1,42.0
C1719,INV-603008,2024-12-25 00:00:00,65.0,Electronics & Gadgets,1,65.0
C1645,INV-602870,2024-12-25 00:00:00,270.2,Beauty & Wellness,7,38.6
C1645,INV-602870,2024-12-25 00:00:00,313.69,Gourmet Foods & Coffee,13,24.13
C1032,INV-600319,2024-12-25 00:00:00,205.35,Sports & Outdoors,1,205.35
C1013,INV-600129,2024-12-26 00:00:00,318.35,Apparel & Designer Wear,5,63.67
C1090,INV-600897,2024-12-26 00:00:00,282.38,Gourmet Foods & Coffee,14,20.17
C1062,INV-600618,2024-12-26 00:00:00,431.55,Sports & Outdoors,9,47.95
C1175,INV-601535,2024-12-27 00:00:00,83.96,Gourmet Foods & Coffee,4,20.99
C1631,INV-602817,2024-12-27 00:00:00,170.21,Electronics & Gadgets,1,170.21
C1175,INV-601535,2024-12-27 00:00:00,102.29,Beauty & Wellness,1,102.29
C1175,INV-601535,2024-12-27 00:00:00,60.38,Gourmet Foods & Coffee,1,60.38
C1630,INV-602813,2024-12-27 00:00:00,158.93,Electronics & Gadgets,1,158.93
C1612,INV-602722,2024-12-27 00:00:00,93.71,Home & Smart Living,1,93.71
C1083,INV-600824,2024-12-27 00:00:00,380.76,Beauty & Wellness,12,31.73
C1612,INV-602722,2024-12-27 00:00:00,56.19,Beauty & Wellness,3,18.73
C1612,INV-602722,2024-12-27 00:00:00,112.19,Apparel & Designer Wear,1,112.19
C1103,INV-600991,2024-12-27 00:00:00,128.4,Sports & Outdoors,2,64.2
C1630,INV-602813,2024-12-27 00:00:00,267.93,Gourmet Foods & Coffee,13,20.61
C1017,INV-600168,2024-12-27 00:00:00,113.61,Home & Smart Living,1,113.61
C1017,INV-600168,2024-12-27 00:00:00,206.53,Home & Smart Living,1,206.53
C1631,INV-602817,2024-12-27 00:00:00,190.71,Home & Smart Living,1,190.71
C1115,INV-601078,2024-12-28 00:00:00,90.08,Gourmet Foods & Coffee,2,45.04
C1086,INV-600856,2024-12-28 00:00:00,213.42,Electronics & Gadgets,1,213.42
C1034,INV-600339,2024-12-28 00:00:00,114.36,Beauty & Wellness,1,114.36
C1115,INV-601078,2024-12-28 00:00:00,92.31,Electronics & Gadgets,1,92.31
C1034,INV-600339,2024-12-28 00:00:00,130.16,Home & Smart Living,1,130.16
C1086,INV-600856,2024-12-28 00:00:00,135.59,Sports & Outdoors,1,135.59
C1564,INV-602481,2024-12-28 00:00:00,191.01,Beauty & Wellness,3,63.67
C1564,INV-602481,2024-12-28 00:00:00,158.88,Electronics & Gadgets,2,79.44
C1620,INV-602768,2024-12-28 00:00:00,219.1,Electronics & Gadgets,1,219.1
C1034,INV-600339,2024-12-28 00:00:00,152.35,Sports & Outdoors,1,152.35
C1115,INV-601078,2024-12-28 00:00:00,44.32,Sports & Outdoors,1,44.32
C1088,INV-600876,2024-12-29 00:00:00,74.56,Electronics & Gadgets,1,74.56
C1088,INV-600876,2024-12-29 00:00:00,154.88,Home & Smart Living,1,154.88
C1088,INV-600876,2024-12-29 00:00:00,78.48,Apparel & Designer Wear,1,78.48
C1655,INV-602904,2024-12-29 00:00:00,160.6,Gourmet Foods & Coffee,5,32.12
C1600,INV-602666,2024-12-29 00:00:00,113.59,Apparel & Designer Wear,1,113.59
C1600,INV-602666,2024-12-29 00:00:00,185.48,Electronics & Gadgets,2,92.74
C1655,INV-602904,2024-12-29 00:00:00,107.85,Sports & Outdoors,1,107.85
C1655,INV-602904,2024-12-29 00:00:00,120.06,Gourmet Foods & Coffee,6,20.01
C1014,INV-600140,2024-12-29 00:00:00,198.96,Gourmet Foods & Coffee,3,66.32
C1196,INV-601696,2024-12-29 00:00:00,138.2,Electronics & Gadgets,1,138.2
C1039,INV-600386,2024-12-29 00:00:00,153.13,Sports & Outdoors,1,153.13
C1039,INV-600386,2024-12-29 00:00:00,109.8,Home & Smart Living,1,109.8
C1077,INV-600766,2024-12-29 00:00:00,109.88,Home & Smart Living,1,109.88
C1196,INV-601696,2024-12-29 00:00:00,156.48,Electronics & Gadgets,1,156.48
C1077,INV-600766,2024-12-29 00:00:00,92.13,Home & Smart Living,1,92.13
C1595,INV-602638,2024-12-30 00:00:00,345.76,Apparel & Designer Wear,4,86.44
C1742,INV-603031,2024-12-30 00:00:00,18.0,Beauty & Wellness,1,18.0
C1742,INV-603031,2024-12-30 00:00:00,65.0,Electronics & Gadgets,1,65.0
C1742,INV-603031,2024-12-30 00:00:00,19.3,Gourmet Foods & Coffee,1,19.3
C1059,INV-600585,2024-12-31 00:00:00,65.75,Sports & Outdoors,1,65.75
C1059,INV-600585,2024-12-31 00:00:00,124.03,Apparel & Designer Wear,1,124.03
C1599,INV-602661,2024-12-31 00:00:00,111.3,Home & Smart Living,1,111.3
C1599,INV-602661,2024-12-31 00:00:00,112.4,Electronics & Gadgets,1,112.4
C1186,INV-601617,2024-12-31 00:00:00,91.26,Gourmet Foods & Coffee,3,30.42
C1186,INV-601617,2024-12-31 00:00:00,65.0,Electronics & Gadgets,1,65.0
C1186,INV-601617,2024-12-31 00:00:00,69.23,Electronics & Gadgets,1,69.23
C1642,INV-602858,2024-12-31 00:00:00,176.8,Sports & Outdoors,1,176.8
C1059,INV-600585,2024-12-31 00:00:00,112.1,Gourmet Foods & Coffee,2,56.05
C1599,INV-602661,2024-12-31 00:00:00,65.0,Electronics & Gadgets,1,65.0
C1642,INV-602858,2024-12-31 00:00:00,127.49,Electronics & Gadgets,1,127.49
C1747,INV-603036,2025-01-01 00:00:00,42.0,Sports & Outdoors,1,42.0
C1644,INV-602864,2025-01-01 00:00:00,106.32,Apparel & Designer Wear,1,106.32
C1747,INV-603036,2025-01-01 00:00:00,42.0,Sports & Outdoors,1,42.0
C1596,INV-602643,2025-01-01 00:00:00,319.32,Sports & Outdoors,6,53.22
C1747,INV-603036,2025-01-01 00:00:00,42.0,Sports & Outdoors,1,42.0
C1167,INV-601474,2025-01-01 00:00:00,178.62,Sports & Outdoors,2,89.31
C1644,INV-602864,2025-01-01 00:00:00,142.7,Apparel & Designer Wear,2,71.35
C1621,INV-602773,2025-01-01 00:00:00,258.12,Home & Smart Living,2,129.06
C1644,INV-602864,2025-01-01 00:00:00,200.96,Electronics & Gadgets,1,200.96
C1724,INV-603013,2025-01-01 00:00:00,51.75,Apparel & Designer Wear,1,51.75
C1732,INV-603021,2025-01-02 00:00:00,18.0,Beauty & Wellness,1,18.0
C1637,INV-602839,2025-01-02 00:00:00,101.33,Beauty & Wellness,1,101.33
C1637,INV-602839,2025-01-02 00:00:00,181.95,Electronics & Gadgets,1,181.95
C1040,INV-600397,2025-01-02 00:00:00,459.36,Apparel & Designer Wear,3,153.12
C1637,INV-602839,2025-01-02 00:00:00,100.04,Beauty & Wellness,1,100.04
C1732,INV-603021,2025-01-02 00:00:00,18.0,Beauty & Wellness,1,18.0
C1051,INV-600508,2025-01-02 00:00:00,137.41,Beauty & Wellness,1,137.41
C1051,INV-600508,2025-01-02 00:00:00,188.01,Gourmet Foods & Coffee,9,20.89
C1055,INV-600546,2025-01-02 00:00:00,156.02,Home & Smart Living,2,78.01
C1055,INV-600546,2025-01-02 00:00:00,148.7,Gourmet Foods & Coffee,2,74.35
C1055,INV-600546,2025-01-02 00:00:00,124.8,Gourmet Foods & Coffee,2,62.4
C1732,INV-603021,2025-01-02 00:00:00,42.0,Sports & Outdoors,1,42.0
C1007,INV-600068,2025-01-03 00:00:00,100.76,Beauty & Wellness,1,100.76
C1651,INV-602893,2025-01-03 00:00:00,173.28,Electronics & Gadgets,1,173.28
C1007,INV-600068,2025-01-03 00:00:00,75.27,Gourmet Foods & Coffee,3,25.09
C1651,INV-602893,2025-01-03 00:00:00,123.66,Home & Smart Living,1,123.66
C1589,INV-602607,2025-01-03 00:00:00,127.45,Electronics & Gadgets,1,127.45
C1651,INV-602893,2025-01-03 00:00:00,210.49,Gourmet Foods & Coffee,7,30.07
C1007,INV-600068,2025-01-03 00:00:00,73.84,Electronics & Gadgets,1,73.84
C1589,INV-602607,2025-01-03 00:00:00,72.71,Apparel & Designer Wear,1,72.71
C1589,INV-602607,2025-01-03 00:00:00,75.64,Gourmet Foods & Coffee,4,18.91
C1078,INV-600776,2025-01-04 00:00:00,99.12,Sports & Outdoors,1,99.12
C1021,INV-600208,2025-01-04 00:00:00,175.59,Apparel & Designer Wear,3,58.53
C1021,INV-600208,2025-01-04 00:00:00,102.84,Gourmet Foods & Coffee,1,102.84
C1018,INV-600177,2025-01-04 00:00:00,441.15,Beauty & Wellness,5,88.23
C1030,INV-600297,2025-01-04 00:00:00,80.89,Beauty & Wellness,1,80.89
C1030,INV-600297,2025-01-04 00:00:00,147.36,Electronics & Gadgets,1,147.36
C1078,INV-600776,2025-01-04 00:00:00,112.0,Apparel & Designer Wear,1,112.0
C1078,INV-600776,2025-01-04 00:00:00,84.18,Gourmet Foods & Coffee,2,42.09
C1030,INV-600297,2025-01-04 00:00:00,132.43,Sports & Outdoors,1,132.43
C1139,INV-601256,2025-01-05 00:00:00,105.96,Apparel & Designer Wear,2,52.98
C1572,INV-602523,2025-01-05 00:00:00,65.0,Electronics & Gadgets,1,65.0
C1639,INV-602847,2025-01-05 00:00:00,88.64,Beauty & Wellness,2,44.32
C1139,INV-601256,2025-01-05 00:00:00,104.81,Sports & Outdoors,1,104.81
C1139,INV-601256,2025-01-05 00:00:00,65.0,Electronics & Gadgets,1,65.0
C1158,INV-601409,2025-01-05 00:00:00,93.15,Gourmet Foods & Coffee,5,18.63
C1572,INV-602523,2025-01-05 00:00:00,120.09,Electronics & Gadgets,1,120.09
C1158,INV-601409,2025-01-05 00:00:00,118.47,Gourmet Foods & Coffee,3,39.49
C1068,INV-600677,2025-01-05 00:00:00,120.57,Apparel & Designer Wear,1,120.57
C1639,INV-602847,2025-01-05 00:00:00,118.3,Electronics & Gadgets,1,118.3
C1639,INV-602847,2025-01-05 00:00:00,193.72,Home & Smart Living,4,48.43
C1572,INV-602523,2025-01-05 00:00:00,101.82,Apparel & Designer Wear,2,50.91
C1068,INV-600677,2025-01-05 00:00:00,139.78,Electronics & Gadgets,1,139.78
C1027,INV-600267,2025-01-06 00:00:00,230.49,Apparel & Designer Wear,1,230.49
C1061,INV-600607,2025-01-06 00:00:00,110.17,Beauty & Wellness,1,110.17
C1061,INV-600607,2025-01-06 00:00:00,167.55,Gourmet Foods & Coffee,3,55.85
C1591,INV-602617,2025-01-06 00:00:00,188.8,Apparel & Designer Wear,2,94.4
C1027,INV-600267,2025-01-06 00:00:00,221.52,Home & Smart Living,6,36.92
C1748,INV-603037,2025-01-06 00:00:00,42.0,Sports & Outdoors,1,42.0
C1728,INV-603017,2025-01-06 00:00:00,14.0,Gourmet Foods & Coffee,1,14.0
C1728,INV-603017,2025-01-06 00:00:00,28.0,Apparel & Designer Wear,1,28.0
C1728,INV-603017,2025-01-06 00:00:00,19.69,Gourmet Foods & Coffee,1,19.69
C1726,INV-603015,2025-01-06 00:00:00,49.85,Sports & Outdoors,1,49.85
C1044,INV-600436,2025-01-07 00:00:00,104.66,Home & Smart Living,1,104.66
C1673,INV-602941,2025-01-07 00:00:00,42.0,Sports & Outdoors,1,42.0
C1673,INV-602941,2025-01-07 00:00:00,35.0,Home & Smart Living,1,35.0
C1044,INV-600436,2025-01-07 00:00:00,132.04,Electronics & Gadgets,2,66.02
C1044,INV-600436,2025-01-07 00:00:00,129.32,Apparel & Designer Wear,1,129.32
C1008,INV-600078,2025-01-07 00:00:00,322.07,Apparel & Designer Wear,7,46.01
C1673,INV-602941,2025-01-07 00:00:00,28.0,Apparel & Designer Wear,1,28.0
C1060,INV-600596,2025-01-07 00:00:00,107.66,Apparel & Designer Wear,1,107.66
C1060,INV-600596,2025-01-07 00:00:00,86.91,Sports & Outdoors,1,86.91
C1060,INV-600596,2025-01-07 00:00:00,153.0,Gourmet Foods & Coffee,6,25.5
C1190,INV-601647,2025-01-07 00:00:00,65.53,Beauty & Wellness,1,65.53
C1190,INV-601647,2025-01-07 00:00:00,99.35,Sports & Outdoors,1,99.35
C1029,INV-600286,2025-01-08 00:00:00,78.85,Home & Smart Living,1,78.85
C1588,INV-602601,2025-01-08 00:00:00,172.32,Beauty & Wellness,3,57.44
C1641,INV-602856,2025-01-08 00:00:00,419.46,Home & Smart Living,3,139.82
C1129,INV-601184,2025-01-08 00:00:00,198.46,Sports & Outdoors,1,198.46
C1029,INV-600286,2025-01-08 00:00:00,84.75,Apparel & Designer Wear,1,84.75
C1029,INV-600286,2025-01-08 00:00:00,114.44,Gourmet Foods & Coffee,2,57.22
C1588,INV-602601,2025-01-08 00:00:00,112.86,Gourmet Foods & Coffee,3,37.62
C1149,INV-601342,2025-01-08 00:00:00,45.53,Home & Smart Living,1,45.53
C1100,INV-600967,2025-01-08 00:00:00,222.68,Electronics & Gadgets,1,222.68
C1149,INV-601342,2025-01-08 00:00:00,91.36,Beauty & Wellness,1,91.36
C1149,INV-601342,2025-01-08 00:00:00,88.42,Apparel & Designer Wear,1,88.42
C1084,INV-600836,2025-01-09 00:00:00,99.44,Apparel & Designer Wear,1,99.44
C1020,INV-600199,2025-01-09 00:00:00,205.17,Home & Smart Living,3,68.39
C1084,INV-600836,2025-01-09 00:00:00,215.24,Apparel & Designer Wear,2,107.62
C1048,INV-600477,2025-01-09 00:00:00,219.96,Electronics & Gadgets,1,219.96
C1048,INV-600477,2025-01-09 00:00:00,100.68,Sports & Outdoors,1,100.68
C1171,INV-601506,2025-01-09 00:00:00,151.24,Home & Smart Living,2,75.62
C1171,INV-601506,2025-01-09 00:00:00,140.9,Beauty & Wellness,2,70.45
C1638,INV-602842,2025-01-09 00:00:00,463.32,Electronics & Gadgets,2,231.66
C1114,INV-601068,2025-01-10 00:00:00,152.0,Apparel & Designer Wear,1,152.0
C1643,INV-602862,2025-01-10 00:00:00,107.34,Home & Smart Living,1,107.34
C1643,INV-602862,2025-01-10 00:00:00,200.67,Home & Smart Living,1,200.67
C1643,INV-602862,2025-01-10 00:00:00,127.05,Beauty & Wellness,3,42.35
C1148,INV-601333,2025-01-10 00:00:00,76.77,Beauty & Wellness,3,25.59
C1601,INV-602672,2025-01-10 00:00:00,86.22,Sports & Outdoors,1,86.22
C1601,INV-602672,2025-01-10 00:00:00,118.8,Home & Smart Living,1,118.8
C1601,INV-602672,2025-01-10 00:00:00,49.01,Beauty & Wellness,1,49.01
C1114,INV-601068,2025-01-10 00:00:00,83.02,Gourmet Foods & Coffee,2,41.51
C1148,INV-601333,2025-01-10 00:00:00,96.78,Home & Smart Living,1,96.78
C1148,INV-601333,2025-01-10 00:00:00,103.38,Beauty & Wellness,2,51.69
C1574,INV-602535,2025-01-10 00:00:00,188.16,Beauty & Wellness,2,94.08
C1574,INV-602535,2025-01-10 00:00:00,91.58,Electronics & Gadgets,1,91.58
C1667,INV-602932,2025-01-11 00:00:00,65.0,Electronics & Gadgets,1,65.0
C1667,INV-602932,2025-01-11 00:00:00,25.56,Gourmet Foods & Coffee,1,25.56
C1667,INV-602932,2025-01-11 00:00:00,18.0,Beauty & Wellness,1,18.0
C1026,INV-600258,2025-01-11 00:00:00,142.32,Beauty & Wellness,1,142.32
C1026,INV-600258,2025-01-11 00:00:00,131.04,Gourmet Foods & Coffee,6,21.84
C1085,INV-600846,2025-01-11 00:00:00,110.91,Electronics & Gadgets,1,110.91
C1085,INV-600846,2025-01-11 00:00:00,106.84,Gourmet Foods & Coffee,2,53.42
C1042,INV-600417,2025-01-11 00:00:00,149.22,Gourmet Foods & Coffee,9,16.58
C1042,INV-600417,2025-01-11 00:00:00,154.0,Gourmet Foods & Coffee,4,38.5
C1198,INV-601709,2025-01-11 00:00:00,143.44,Gourmet Foods & Coffee,4,35.86
C1157,INV-601401,2025-01-11 00:00:00,306.6,Beauty & Wellness,7,43.8
C1594,INV-602632,2025-01-11 00:00:00,185.78,Electronics & Gadgets,1,185.78
C1594,INV-602632,2025-01-11 00:00:00,107.41,Sports & Outdoors,1,107.41
C1624,INV-602787,2025-01-12 00:00:00,73.78,Gourmet Foods & Coffee,2,36.89
C1094,INV-600930,2025-01-12 00:00:00,82.78,Gourmet Foods & Coffee,2,41.39
C1663,INV-602927,2025-01-12 00:00:00,42.0,Sports & Outdoors,1,42.0
C1094,INV-600930,2025-01-12 00:00:00,86.35,Beauty & Wellness,1,86.35
C1624,INV-602787,2025-01-12 00:00:00,76.51,Sports & Outdoors,1,76.51
C1563,INV-602474,2025-01-12 00:00:00,339.47,Electronics & Gadgets,1,339.47
C1634,INV-602828,2025-01-12 00:00:00,146.16,Gourmet Foods & Coffee,4,36.54
C1619,INV-602762,2025-01-12 00:00:00,110.28,Gourmet Foods & Coffee,2,55.14
C1634,INV-602828,2025-01-12 00:00:00,179.1,Apparel & Designer Wear,3,59.7
C1619,INV-602762,2025-01-12 00:00:00,68.3,Beauty & Wellness,1,68.3
C1619,INV-602762,2025-01-12 00:00:00,79.08,Electronics & Gadgets,1,79.08
C1663,INV-602927,2025-01-12 00:00:00,28.0,Apparel & Designer Wear,1,28.0
C1703,INV-602988,2025-01-12 00:00:00,42.0,Sports & Outdoors,1,42.0
C1663,INV-602927,2025-01-12 00:00:00,42.0,Sports & Outdoors,1,42.0
C1047,INV-600466,2025-01-12 00:00:00,60.89,Gourmet Foods & Coffee,1,60.89
C1615,INV-602738,2025-01-12 00:00:00,321.51,Home & Smart Living,1,321.51
C1659,INV-602921,2025-01-12 00:00:00,158.93,Home & Smart Living,1,158.93
C1659,INV-602921,2025-01-12 00:00:00,204.03,Gourmet Foods & Coffee,9,22.67
C1094,INV-600930,2025-01-12 00:00:00,94.22,Gourmet Foods & Coffee,2,47.11
C1047,INV-600466,2025-01-12 00:00:00,77.32,Gourmet Foods & Coffee,1,77.32
C1656,INV-602909,2025-01-12 00:00:00,255.2,Gourmet Foods & Coffee,5,51.04
C1656,INV-602909,2025-01-12 00:00:00,324.66,Home & Smart Living,2,162.33
C1659,INV-602921,2025-01-12 00:00:00,210.18,Electronics & Gadgets,2,105.09
C1047,INV-600466,2025-01-12 00:00:00,111.33,Beauty & Wellness,1,111.33
C1577,INV-602550,2025-01-12 00:00:00,283.47,Home & Smart Living,1,283.47
C1578,INV-602554,2025-01-13 00:00:00,116.43,Apparel & Designer Wear,1,116.43
C1202,INV-601737,2025-01-13 00:00:00,48.58,Sports & Outdoors,1,48.58
C1202,INV-601737,2025-01-13 00:00:00,87.22,Sports & Outdoors,1,87.22
C1073,INV-600728,2025-01-13 00:00:00,313.12,Electronics & Gadgets,4,78.28
C1185,INV-601609,2025-01-13 00:00:00,120.97,Apparel & Designer Wear,1,120.97
C1578,INV-602554,2025-01-13 00:00:00,112.88,Electronics & Gadgets,1,112.88
C1606,INV-602693,2025-01-13 00:00:00,102.87,Sports & Outdoors,1,102.87
C1185,INV-601609,2025-01-13 00:00:00,123.64,Apparel & Designer Wear,1,123.64
C1606,INV-602693,2025-01-13 00:00:00,113.53,Sports & Outdoors,1,113.53
C1032,INV-600318,2025-01-13 00:00:00,139.05,Apparel & Designer Wear,1,139.05
C1606,INV-602693,2025-01-13 00:00:00,86.58,Home & Smart Living,1,86.58
C1032,INV-600318,2025-01-13 00:00:00,69.77,Electronics & Gadgets,1,69.77
C1202,INV-601737,2025-01-13 00:00:00,93.82,Electronics & Gadgets,1,93.82
C1039,INV-600385,2025-01-13 00:00:00,89.56,Beauty & Wellness,4,22.39
C1039,INV-600385,2025-01-13 00:00:00,109.48,Apparel & Designer Wear,2,54.74
C1032,INV-600318,2025-01-13 00:00:00,110.08,Electronics & Gadgets,1,110.08
C1039,INV-600385,2025-01-13 00:00:00,123.8,Beauty & Wellness,5,24.76
C1578,INV-602554,2025-01-13 00:00:00,79.12,Electronics & Gadgets,1,79.12
C1575,INV-602541,2025-01-14 00:00:00,62.46,Home & Smart Living,1,62.46
C1657,INV-602915,2025-01-14 00:00:00,293.9,Apparel & Designer Wear,2,146.95
C1575,INV-602541,2025-01-14 00:00:00,68.11,Beauty & Wellness,1,68.11
C1717,INV-603006,2025-01-14 00:00:00,18.0,Beauty & Wellness,1,18.0
C1657,INV-602915,2025-01-14 00:00:00,133.41,Home & Smart Living,1,133.41
C1704,INV-602990,2025-01-14 00:00:00,14.94,Gourmet Foods & Coffee,1,14.94
C1575,INV-602541,2025-01-14 00:00:00,75.78,Gourmet Foods & Coffee,1,75.78
C1143,INV-601292,2025-01-14 00:00:00,176.44,Apparel & Designer Wear,1,176.44
C1041,INV-600408,2025-01-14 00:00:00,212.7,Sports & Outdoors,3,70.9
C1714,INV-603003,2025-01-14 00:00:00,18.0,Beauty & Wellness,1,18.0
C1714,INV-603003,2025-01-14 00:00:00,18.0,Beauty & Wellness,1,18.0
C1704,INV-602990,2025-01-14 00:00:00,65.0,Electronics & Gadgets,1,65.0
C1717,INV-603006,2025-01-14 00:00:00,23.9,Beauty & Wellness,1,23.9
C1640,INV-602851,2025-01-14 00:00:00,590.87,Beauty & Wellness,7,84.41
C1570,INV-602512,2025-01-14 00:00:00,180.5,Apparel & Designer Wear,1,180.5
C1714,INV-603003,2025-01-14 00:00:00,35.0,Home & Smart Living,1,35.0
C1184,INV-601601,2025-01-15 00:00:00,118.49,Sports & Outdoors,1,118.49
C1569,INV-602506,2025-01-15 00:00:00,188.72,Apparel & Designer Wear,2,94.36
C1616,INV-602743,2025-01-15 00:00:00,113.86,Sports & Outdoors,1,113.86
C1172,INV-601515,2025-01-15 00:00:00,269.98,Home & Smart Living,1,269.98
C1612,INV-602721,2025-01-15 00:00:00,169.05,Sports & Outdoors,1,169.05
C1184,INV-601601,2025-01-15 00:00:00,127.44,Beauty & Wellness,6,21.24
C1616,INV-602743,2025-01-15 00:00:00,91.4,Beauty & Wellness,1,91.4
C1616,INV-602743,2025-01-15 00:00:00,89.73,Sports & Outdoors,1,89.73
C1019,INV-600187,2025-01-16 00:00:00,151.32,Beauty & Wellness,3,50.44
C1070,INV-600696,2025-01-16 00:00:00,128.79,Beauty & Wellness,1,128.79
C1070,INV-600696,2025-01-16 00:00:00,133.53,Sports & Outdoors,1,133.53
C1010,INV-600099,2025-01-16 00:00:00,468.02,Sports & Outdoors,7,66.86
C1019,INV-600187,2025-01-16 00:00:00,97.85,Sports & Outdoors,1,97.85
C1118,INV-601100,2025-01-16 00:00:00,145.83,Electronics & Gadgets,1,145.83
C1070,INV-600696,2025-01-16 00:00:00,102.76,Apparel & Designer Wear,1,102.76
C1083,INV-600823,2025-01-16 00:00:00,287.52,Apparel & Designer Wear,4,71.88
C1077,INV-600765,2025-01-17 00:00:00,325.45,Home & Smart Living,5,65.09
C1023,INV-600228,2025-01-17 00:00:00,346.2,Home & Smart Living,3,115.4
C1125,INV-601154,2025-01-18 00:00:00,99.81,Gourmet Foods & Coffee,3,33.27
C1062,INV-600617,2025-01-18 00:00:00,401.28,Apparel & Designer Wear,4,100.32
C1125,INV-601154,2025-01-18 00:00:00,86.9,Apparel & Designer Wear,1,86.9
C1636,INV-602832,2025-01-18 00:00:00,638.28,Apparel & Designer Wear,6,106.38
C1033,INV-600329,2025-01-18 00:00:00,310.41,Apparel & Designer Wear,3,103.47
C1633,INV-602823,2025-01-18 00:00:00,322.2,Sports & Outdoors,5,64.44
C1633,INV-602823,2025-01-18 00:00:00,161.16,Apparel & Designer Wear,2,80.58
C1089,INV-600887,2025-01-18 00:00:00,204.88,Gourmet Foods & Coffee,4,51.22
C1611,INV-602717,2025-01-18 00:00:00,380.24,Apparel & Designer Wear,4,95.06
C1652,INV-602894,2025-01-18 00:00:00,393.52,Home & Smart Living,2,196.76
C1089,INV-600887,2025-01-18 00:00:00,231.48,Gourmet Foods & Coffee,6,38.58
C1653,INV-602899,2025-01-18 00:00:00,401.85,Electronics & Gadgets,1,401.85
C1012,INV-600118,2025-01-19 00:00:00,411.8,Home & Smart Living,2,205.9
C1031,INV-600307,2025-01-19 00:00:00,225.28,Gourmet Foods & Coffee,8,28.16
C1629,INV-602808,2025-01-20 00:00:00,355.28,Sports & Outdoors,4,88.82
C1587,INV-602595,2025-01-21 00:00:00,109.98,Beauty & Wellness,2,54.99
C1623,INV-602782,2025-01-21 00:00:00,175.83,Sports & Outdoors,1,175.83
C1075,INV-600746,2025-01-21 00:00:00,380.88,Gourmet Foods & Coffee,6,63.48
C1054,INV-600536,2025-01-21 00:00:00,151.86,Sports & Outdoors,1,151.86
C1054,INV-600536,2025-01-21 00:00:00,128.26,Electronics & Gadgets,1,128.26
C1623,INV-602782,2025-01-21 00:00:00,92.65,Gourmet Foods & Coffee,5,18.53
C1054,INV-600536,2025-01-21 00:00:00,98.59,Electronics & Gadgets,1,98.59
C1587,INV-602595,2025-01-21 00:00:00,120.72,Sports & Outdoors,1,120.72
C1587,INV-602595,2025-01-21 00:00:00,105.0,Home & Smart Living,3,35.0
C1600,INV-602665,2025-01-21 00:00:00,191.15,Beauty & Wellness,5,38.23
C1600,INV-602665,2025-01-21 00:00:00,134.08,Apparel & Designer Wear,1,134.08
C1051,INV-600507,2025-01-22 00:00:00,313.24,Beauty & Wellness,4,78.31
C1646,INV-602872,2025-01-22 00:00:00,252.0,Gourmet Foods & Coffee,4,63.0
C1037,INV-600364,2025-01-22 00:00:00,110.34,Electronics & Gadgets,1,110.34
C1646,INV-602872,2025-01-22 00:00:00,210.48,Gourmet Foods & Coffee,6,35.08
C1566,INV-602492,2025-01-22 00:00:00,200.61,Sports & Outdoors,1,200.61
C1658,INV-602917,2025-01-22 00:00:00,580.86,Beauty & Wellness,14,41.49
C1037,INV-600364,2025-01-22 00:00:00,237.82,Sports & Outdoors,1,237.82
C1156,INV-601392,2025-01-23 00:00:00,247.74,Beauty & Wellness,2,123.87
C1195,INV-601687,2025-01-23 00:00:00,53.09,Sports & Outdoors,1,53.09
C1139,INV-601255,2025-01-23 00:00:00,65.0,Electronics & Gadgets,1,65.0
C1076,INV-600756,2025-01-23 00:00:00,374.52,Electronics & Gadgets,3,124.84
C1195,INV-601687,2025-01-23 00:00:00,46.43,Gourmet Foods & Coffee,1,46.43
C1045,INV-600446,2025-01-23 00:00:00,129.51,Beauty & Wellness,1,129.51
C1139,INV-601255,2025-01-23 00:00:00,59.46,Apparel & Designer Wear,1,59.46
C1195,INV-601687,2025-01-23 00:00:00,93.7,Apparel & Designer Wear,2,46.85
C1045,INV-600446,2025-01-23 00:00:00,156.86,Apparel & Designer Wear,2,78.43
C1139,INV-601255,2025-01-23 00:00:00,101.82,Home & Smart Living,1,101.82
C1141,INV-601276,2025-01-24 00:00:00,141.45,Beauty & Wellness,5,28.29
C1607,INV-602697,2025-01-24 00:00:00,57.55,Sports & Outdoors,1,57.55
C1576,INV-602545,2025-01-24 00:00:00,211.47,Sports & Outdoors,3,70.49
C1607,INV-602697,2025-01-24 00:00:00,65.0,Electronics & Gadgets,1,65.0
C1141,INV-601276,2025-01-24 00:00:00,132.13,Beauty & Wellness,1,132.13
C1607,INV-602697,2025-01-24 00:00:00,110.34,Gourmet Foods & Coffee,2,55.17
C1632,INV-602819,2025-01-24 00:00:00,130.33,Sports & Outdoors,1,130.33
C1632,INV-602819,2025-01-24 00:00:00,243.4,Apparel & Designer Wear,5,48.68
C1084,INV-600835,2025-01-25 00:00:00,102.01,Home & Smart Living,1,102.01
C1084,INV-600835,2025-01-25 00:00:00,114.15,Gourmet Foods & Coffee,5,22.83
C1626,INV-602797,2025-01-25 00:00:00,207.05,Home & Smart Living,1,207.05
C1084,INV-600835,2025-01-25 00:00:00,62.26,Gourmet Foods & Coffee,2,31.13
C1586,INV-602589,2025-01-25 00:00:00,174.9,Beauty & Wellness,3,58.3
C1115,INV-601077,2025-01-25 00:00:00,313.68,Sports & Outdoors,1,313.68
C1631,INV-602816,2025-01-25 00:00:00,286.08,Gourmet Foods & Coffee,8,35.76
C1631,INV-602816,2025-01-25 00:00:00,147.7,Electronics & Gadgets,1,147.7
C1079,INV-600785,2025-01-26 00:00:00,151.26,Electronics & Gadgets,1,151.26
C1022,INV-600218,2025-01-26 00:00:00,313.2,Gourmet Foods & Coffee,8,39.15
C1060,INV-600595,2025-01-26 00:00:00,382.12,Beauty & Wellness,4,95.53
C1088,INV-600875,2025-01-26 00:00:00,99.94,Electronics & Gadgets,1,99.94
C1005,INV-600047,2025-01-26 00:00:00,75.46,Gourmet Foods & Coffee,1,75.46
C1079,INV-600785,2025-01-26 00:00:00,65.0,Electronics & Gadgets,1,65.0
C1079,INV-600785,2025-01-26 00:00:00,85.06,Gourmet Foods & Coffee,2,42.53
C1005,INV-600047,2025-01-26 00:00:00,157.62,Apparel & Designer Wear,1,157.62
C1579,INV-602557,2025-01-26 00:00:00,158.79,Apparel & Designer Wear,3,52.93
C1005,INV-600047,2025-01-26 00:00:00,62.48,Beauty & Wellness,1,62.48
C1088,INV-600875,2025-01-26 00:00:00,207.36,Electronics & Gadgets,1,207.36
C1114,INV-601067,2025-01-27 00:00:00,46.99,Apparel & Designer Wear,1,46.99
C1669,INV-602935,2025-01-27 00:00:00,79.32,Gourmet Foods & Coffee,2,39.66
C1746,INV-603035,2025-01-27 00:00:00,65.0,Electronics & Gadgets,1,65.0
C1746,INV-603035,2025-01-27 00:00:00,35.0,Home & Smart Living,1,35.0
C1056,INV-600556,2025-01-27 00:00:00,121.92,Sports & Outdoors,2,60.96
C1056,INV-600556,2025-01-27 00:00:00,171.52,Home & Smart Living,1,171.52
C1625,INV-602791,2025-01-27 00:00:00,77.22,Beauty & Wellness,1,77.22
C1058,INV-600574,2025-01-27 00:00:00,374.8,Gourmet Foods & Coffee,8,46.85
C1584,INV-602579,2025-01-27 00:00:00,252.06,Home & Smart Living,2,126.03
C1625,INV-602791,2025-01-27 00:00:00,180.23,Sports & Outdoors,1,180.23
C1674,INV-602943,2025-01-27 00:00:00,35.0,Home & Smart Living,1,35.0
C1642,INV-602857,2025-01-27 00:00:00,294.52,Gourmet Foods & Coffee,4,73.63
C1114,INV-601067,2025-01-27 00:00:00,62.08,Gourmet Foods & Coffee,1,62.08
C1066,INV-600656,2025-01-27 00:00:00,151.85,Home & Smart Living,1,151.85
C1066,INV-600656,2025-01-27 00:00:00,138.5,Gourmet Foods & Coffee,5,27.7
C1112,INV-601053,2025-01-27 00:00:00,79.5,Electronics & Gadgets,1,79.5
C1114,INV-601067,2025-01-27 00:00:00,81.07,Home & Smart Living,1,81.07
C1604,INV-602686,2025-01-27 00:00:00,225.6,Apparel & Designer Wear,4,56.4
C1674,INV-602943,2025-01-27 00:00:00,42.0,Sports & Outdoors,1,42.0
C1112,INV-601053,2025-01-27 00:00:00,96.03,Home & Smart Living,1,96.03
C1002,INV-600017,2025-01-27 00:00:00,151.85,Sports & Outdoors,1,151.85
C1146,INV-601318,2025-01-27 00:00:00,98.09,Beauty & Wellness,1,98.09
C1654,INV-602900,2025-01-27 00:00:00,95.76,Sports & Outdoors,2,47.88
C1187,INV-601627,2025-01-27 00:00:00,65.0,Electronics & Gadgets,1,65.0
C1004,INV-600035,2025-01-27 00:00:00,86.56,Apparel & Designer Wear,2,43.28
C1187,INV-601627,2025-01-27 00:00:00,99.8,Beauty & Wellness,5,19.96
C1002,INV-600017,2025-01-27 00:00:00,61.95,Beauty & Wellness,1,61.95
C1654,INV-602900,2025-01-27 00:00:00,208.26,Electronics & Gadgets,1,208.26
C1654,INV-602900,2025-01-27 00:00:00,186.62,Beauty & Wellness,7,26.66
C1187,INV-601627,2025-01-27 00:00:00,98.05,Apparel & Designer Wear,1,98.05
C1146,INV-601318,2025-01-27 00:00:00,99.52,Gourmet Foods & Coffee,4,24.88
C1004,INV-600035,2025-01-27 00:00:00,80.43,Home & Smart Living,1,80.43
C1004,INV-600035,2025-01-27 00:00:00,116.52,Sports & Outdoors,1,116.52
C1112,INV-601053,2025-01-27 00:00:00,65.0,Electronics & Gadgets,1,65.0
C1146,INV-601318,2025-01-27 00:00:00,65.0,Electronics & Gadgets,1,65.0
C1145,INV-601310,2025-01-27 00:00:00,197.64,Apparel & Designer Wear,2,98.82
C1148,INV-601332,2025-01-27 00:00:00,208.84,Gourmet Foods & Coffee,4,52.21
C1002,INV-600017,2025-01-27 00:00:00,83.95,Home & Smart Living,1,83.95
C1072,INV-600716,2025-01-28 00:00:00,85.97,Home & Smart Living,1,85.97
C1593,INV-602626,2025-01-28 00:00:00,105.72,Gourmet Foods & Coffee,4,26.43
C1593,INV-602626,2025-01-28 00:00:00,53.75,Gourmet Foods & Coffee,1,53.75
C1072,INV-600716,2025-01-28 00:00:00,88.72,Gourmet Foods & Coffee,2,44.36
C1140,INV-601266,2025-01-28 00:00:00,65.19,Electronics & Gadgets,1,65.19
C1072,INV-600716,2025-01-28 00:00:00,108.37,Electronics & Gadgets,1,108.37
C1593,INV-602626,2025-01-28 00:00:00,90.94,Electronics & Gadgets,1,90.94
C1140,INV-601266,2025-01-28 00:00:00,90.9,Electronics & Gadgets,1,90.9
C1140,INV-601266,2025-01-28 00:00:00,65.0,Electronics & Gadgets,1,65.0
C1182,INV-601585,2025-01-29 00:00:00,43.34,Home & Smart Living,1,43.34
C1577,INV-602549,2025-01-29 00:00:00,151.84,Apparel & Designer Wear,1,151.84
C1144,INV-601301,2025-01-29 00:00:00,274.82,Gourmet Foods & Coffee,7,39.26
C1582,INV-602571,2025-01-29 00:00:00,319.2,Apparel & Designer Wear,6,53.2
C1577,INV-602549,2025-01-29 00:00:00,94.32,Electronics & Gadgets,1,94.32
C1645,INV-602869,2025-01-29 00:00:00,599.76,Sports & Outdoors,3,199.92
C1182,INV-601585,2025-01-29 00:00:00,65.0,Electronics & Gadgets,1,65.0
C1182,INV-601585,2025-01-29 00:00:00,68.99,Beauty & Wellness,1,68.99
C1639,INV-602846,2025-01-30 00:00:00,530.88,Sports & Outdoors,3,176.96
C1073,INV-600727,2025-01-30 00:00:00,214.4,Beauty & Wellness,5,42.88
C1073,INV-600727,2025-01-30 00:00:00,135.34,Sports & Outdoors,2,67.67
C1564,INV-602480,2025-01-30 00:00:00,76.0,Electronics & Gadgets,1,76.0
C1564,INV-602480,2025-01-30 00:00:00,87.19,Home & Smart Living,1,87.19
C1618,INV-602757,2025-01-30 00:00:00,179.89,Sports & Outdoors,1,179.89
C1151,INV-601358,2025-01-30 00:00:00,93.52,Electronics & Gadgets,1,93.52
C1618,INV-602757,2025-01-30 00:00:00,86.22,Apparel & Designer Wear,1,86.22
C1564,INV-602480,2025-01-30 00:00:00,93.59,Home & Smart Living,1,93.59
C1151,INV-601358,2025-01-30 00:00:00,94.23,Home & Smart Living,1,94.23
C1151,INV-601358,2025-01-30 00:00:00,68.12,Gourmet Foods & Coffee,1,68.12
C1048,INV-600476,2025-01-31 00:00:00,82.23,Electronics & Gadgets,1,82.23
C1594,INV-602631,2025-01-31 00:00:00,292.12,Gourmet Foods & Coffee,4,73.03
C1565,INV-602485,2025-01-31 00:00:00,93.31,Sports & Outdoors,1,93.31
C1067,INV-600665,2025-01-31 00:00:00,142.19,Home & Smart Living,1,142.19
C1649,INV-602886,2025-01-31 00:00:00,152.61,Sports & Outdoors,1,152.61
C1649,INV-602886,2025-01-31 00:00:00,293.77,Electronics & Gadgets,1,293.77
C1008,INV-600077,2025-01-31 00:00:00,239.84,Apparel & Designer Wear,8,29.98
C1565,INV-602485,2025-01-31 00:00:00,83.74,Electronics & Gadgets,1,83.74
C1048,INV-600476,2025-01-31 00:00:00,102.05,Home & Smart Living,1,102.05
C1067,INV-600665,2025-01-31 00:00:00,207.02,Electronics & Gadgets,1,207.02
C1048,INV-600476,2025-01-31 00:00:00,86.06,Home & Smart Living,1,86.06
C1036,INV-600355,2025-02-01 00:00:00,151.92,Gourmet Foods & Coffee,2,75.96
C1635,INV-602830,2025-02-01 00:00:00,258.23,Apparel & Designer Wear,7,36.89
C1635,INV-602830,2025-02-01 00:00:00,222.03,Beauty & Wellness,3,74.01
C1622,INV-602778,2025-02-01 00:00:00,73.41,Electronics & Gadgets,1,73.41
C1006,INV-600058,2025-02-01 00:00:00,150.27,Gourmet Foods & Coffee,3,50.09
C1006,INV-600058,2025-02-01 00:00:00,88.69,Home & Smart Living,1,88.69
C1036,INV-600355,2025-02-01 00:00:00,115.49,Apparel & Designer Wear,1,115.49
C1006,INV-600058,2025-02-01 00:00:00,100.61,Home & Smart Living,1,100.61
C1036,INV-600355,2025-02-01 00:00:00,78.71,Apparel & Designer Wear,1,78.71
C1589,INV-602606,2025-02-01 00:00:00,97.85,Sports & Outdoors,1,97.85
C1589,INV-602606,2025-02-01 00:00:00,82.05,Apparel & Designer Wear,1,82.05
C1622,INV-602778,2025-02-01 00:00:00,74.58,Apparel & Designer Wear,2,37.29
C1061,INV-600606,2025-02-01 00:00:00,74.95,Gourmet Foods & Coffee,1,74.95
C1043,INV-600426,2025-02-01 00:00:00,130.35,Electronics & Gadgets,1,130.35
C1061,INV-600606,2025-02-01 00:00:00,140.41,Home & Smart Living,1,140.41
C1574,INV-602534,2025-02-01 00:00:00,219.58,Sports & Outdoors,1,219.58
C1061,INV-600606,2025-02-01 00:00:00,79.61,Beauty & Wellness,1,79.61
C1043,INV-600426,2025-02-01 00:00:00,116.36,Sports & Outdoors,1,116.36
C1043,INV-600426,2025-02-01 00:00:00,143.67,Apparel & Designer Wear,1,143.67
C1074,INV-600736,2025-02-02 00:00:00,98.36,Electronics & Gadgets,1,98.36
C1167,INV-601473,2025-02-02 00:00:00,75.93,Beauty & Wellness,3,25.31
C1074,INV-600736,2025-02-02 00:00:00,114.06,Home & Smart Living,2,57.03
C1129,INV-601183,2025-02-02 00:00:00,43.5,Gourmet Foods & Coffee,1,43.5
C1064,INV-600638,2025-02-02 00:00:00,411.24,Home & Smart Living,4,102.81
C1107,INV-601019,2025-02-02 00:00:00,93.32,Electronics & Gadgets,1,93.32
C1107,INV-601019,2025-02-02 00:00:00,65.82,Beauty & Wellness,1,65.82
C1107,INV-601019,2025-02-02 00:00:00,49.93,Beauty & Wellness,1,49.93
C1167,INV-601473,2025-02-02 00:00:00,93.21,Sports & Outdoors,1,93.21
C1082,INV-600814,2025-02-02 00:00:00,355.5,Beauty & Wellness,15,23.7
C1167,INV-601473,2025-02-02 00:00:00,74.96,Gourmet Foods & Coffee,2,37.48
C1129,INV-601183,2025-02-02 00:00:00,97.12,Apparel & Designer Wear,1,97.12
C1129,INV-601183,2025-02-02 00:00:00,105.63,Home & Smart Living,1,105.63
C1074,INV-600736,2025-02-02 00:00:00,107.07,Electronics & Gadgets,1,107.07
C1046,INV-600455,2025-02-03 00:00:00,222.02,Sports & Outdoors,1,222.02
C1630,INV-602812,2025-02-03 00:00:00,197.89,Sports & Outdoors,1,197.89
C1630,INV-602812,2025-02-03 00:00:00,139.16,Electronics & Gadgets,1,139.16
C1641,INV-602855,2025-02-03 00:00:00,478.98,Electronics & Gadgets,3,159.66
C1573,INV-602527,2025-02-03 00:00:00,289.7,Home & Smart Living,1,289.7
C1097,INV-600948,2025-02-03 00:00:00,159.45,Gourmet Foods & Coffee,3,53.15
C1097,INV-600948,2025-02-03 00:00:00,115.57,Apparel & Designer Wear,1,115.57
C1046,INV-600455,2025-02-03 00:00:00,147.46,Home & Smart Living,1,147.46
C1630,INV-602812,2025-02-03 00:00:00,86.45,Home & Smart Living,1,86.45
C1025,INV-600248,2025-02-04 00:00:00,209.24,Home & Smart Living,2,104.62
C1583,INV-602574,2025-02-04 00:00:00,160.42,Gourmet Foods & Coffee,2,80.21
C1583,INV-602574,2025-02-04 00:00:00,70.78,Apparel & Designer Wear,1,70.78
C1680,INV-602953,2025-02-04 00:00:00,65.0,Electronics & Gadgets,1,65.0
C1025,INV-600248,2025-02-04 00:00:00,203.24,Home & Smart Living,2,101.62
C1680,INV-602953,2025-02-04 00:00:00,33.6,Apparel & Designer Wear,1,33.6
C1078,INV-600775,2025-02-04 00:00:00,227.71,Sports & Outdoors,1,227.71
C1078,INV-600775,2025-02-04 00:00:00,130.55,Home & Smart Living,1,130.55
C1149,INV-601341,2025-02-04 00:00:00,125.26,Apparel & Designer Wear,2,62.63
C1598,INV-602654,2025-02-04 00:00:00,380.79,Home & Smart Living,9,42.31
C1149,INV-601341,2025-02-04 00:00:00,123.15,Gourmet Foods & Coffee,3,41.05
C1617,INV-602749,2025-02-05 00:00:00,251.68,Sports & Outdoors,1,251.68
C1049,INV-600489,2025-02-05 00:00:00,98.03,Beauty & Wellness,1,98.03
C1049,INV-600489,2025-02-05 00:00:00,65.0,Electronics & Gadgets,1,65.0
C1049,INV-600489,2025-02-05 00:00:00,126.2,Electronics & Gadgets,1,126.2
C1123,INV-601138,2025-02-06 00:00:00,177.07,Home & Smart Living,1,177.07
C1028,INV-600276,2025-02-06 00:00:00,158.25,Apparel & Designer Wear,1,158.25
C1028,INV-600276,2025-02-06 00:00:00,152.38,Home & Smart Living,1,152.38
C1017,INV-600167,2025-02-06 00:00:00,403.83,Electronics & Gadgets,3,134.61
C1034,INV-600338,2025-02-06 00:00:00,477.2,Beauty & Wellness,8,59.65
C1091,INV-600905,2025-02-06 00:00:00,187.38,Sports & Outdoors,3,62.46
C1671,INV-602938,2025-02-07 00:00:00,38.63,Home & Smart Living,1,38.63
C1661,INV-602924,2025-02-07 00:00:00,74.09,Apparel & Designer Wear,1,74.09
C1053,INV-600526,2025-02-07 00:00:00,374.1,Gourmet Foods & Coffee,10,37.41
C1003,INV-600026,2025-02-07 00:00:00,237.06,Apparel & Designer Wear,2,118.53
C1024,INV-600237,2025-02-07 00:00:00,185.85,Sports & Outdoors,1,185.85
C1052,INV-600516,2025-02-07 00:00:00,181.3,Beauty & Wellness,2,90.65
C1569,INV-602505,2025-02-07 00:00:00,180.63,Electronics & Gadgets,1,180.63
C1134,INV-601220,2025-02-07 00:00:00,129.79,Sports & Outdoors,1,129.79
C1134,INV-601220,2025-02-07 00:00:00,111.5,Beauty & Wellness,1,111.5
C1007,INV-600067,2025-02-07 00:00:00,88.56,Gourmet Foods & Coffee,3,29.52
C1007,INV-600067,2025-02-07 00:00:00,83.92,Gourmet Foods & Coffee,2,41.96
C1007,INV-600067,2025-02-07 00:00:00,136.58,Home & Smart Living,1,136.58
C1175,INV-601534,2025-02-07 00:00:00,174.92,Apparel & Designer Wear,1,174.92
C1024,INV-600237,2025-02-07 00:00:00,121.62,Gourmet Foods & Coffee,2,60.81
C1569,INV-602505,2025-02-07 00:00:00,93.81,Apparel & Designer Wear,1,93.81
C1009,INV-600088,2025-02-08 00:00:00,129.06,Apparel & Designer Wear,1,129.06
C1009,INV-600088,2025-02-08 00:00:00,111.66,Electronics & Gadgets,1,111.66
C1009,INV-600088,2025-02-08 00:00:00,132.01,Apparel & Designer Wear,1,132.01
C1647,INV-602877,2025-02-08 00:00:00,192.2,Home & Smart Living,1,192.2
C1015,INV-600149,2025-02-08 00:00:00,253.08,Home & Smart Living,4,63.27
C1647,INV-602877,2025-02-08 00:00:00,87.81,Sports & Outdoors,1,87.81
C1647,INV-602877,2025-02-08 00:00:00,146.72,Beauty & Wellness,2,73.36
C1039,INV-600384,2025-02-09 00:00:00,144.79,Electronics & Gadgets,1,144.79
C1039,INV-600384,2025-02-09 00:00:00,88.49,Sports & Outdoors,1,88.49
C1039,INV-600384,2025-02-09 00:00:00,80.54,Home & Smart Living,1,80.54
C1695,INV-602973,2025-02-09 00:00:00,42.0,Sports & Outdoors,1,42.0
C1157,INV-601400,2025-02-09 00:00:00,79.02,Beauty & Wellness,3,26.34
C1157,INV-601400,2025-02-09 00:00:00,49.51,Home & Smart Living,1,49.51
C1157,INV-601400,2025-02-09 00:00:00,50.34,Sports & Outdoors,1,50.34
C1059,INV-600584,2025-02-09 00:00:00,99.61,Electronics & Gadgets,1,99.61
C1695,INV-602973,2025-02-09 00:00:00,42.0,Sports & Outdoors,1,42.0
C1059,INV-600584,2025-02-09 00:00:00,181.35,Electronics & Gadgets,1,181.35
C1164,INV-601451,2025-02-09 00:00:00,67.84,Home & Smart Living,1,67.84
C1164,INV-601451,2025-02-09 00:00:00,83.05,Sports & Outdoors,1,83.05
C1623,INV-602781,2025-02-09 00:00:00,362.15,Apparel & Designer Wear,5,72.43
C1695,INV-602973,2025-02-09 00:00:00,18.0,Beauty & Wellness,1,18.0
C1040,INV-600396,2025-02-10 00:00:00,60.26,Sports & Outdoors,1,60.26
C1040,INV-600396,2025-02-10 00:00:00,84.46,Electronics & Gadgets,1,84.46
C1190,INV-601646,2025-02-10 00:00:00,74.5,Home & Smart Living,1,74.5
C1650,INV-602889,2025-02-10 00:00:00,313.71,Apparel & Designer Wear,3,104.57
C1190,INV-601646,2025-02-10 00:00:00,142.92,Home & Smart Living,1,142.92
C1041,INV-600407,2025-02-10 00:00:00,214.8,Gourmet Foods & Coffee,6,35.8
C1041,INV-600407,2025-02-10 00:00:00,130.8,Beauty & Wellness,5,26.16
C1646,INV-602871,2025-02-10 00:00:00,562.41,Sports & Outdoors,3,187.47
C1737,INV-603026,2025-02-10 00:00:00,28.0,Apparel & Designer Wear,1,28.0
C1737,INV-603026,2025-02-10 00:00:00,65.0,Electronics & Gadgets,1,65.0
C1737,INV-603026,2025-02-10 00:00:00,28.0,Apparel & Designer Wear,1,28.0
C1585,INV-602585,2025-02-10 00:00:00,187.97,Sports & Outdoors,1,187.97
C1040,INV-600396,2025-02-10 00:00:00,132.3,Gourmet Foods & Coffee,5,26.46
C1650,INV-602889,2025-02-10 00:00:00,278.34,Apparel & Designer Wear,2,139.17
C1585,INV-602585,2025-02-10 00:00:00,100.32,Beauty & Wellness,1,100.32
C1643,INV-602861,2025-02-10 00:00:00,197.8,Beauty & Wellness,5,39.56
C1643,INV-602861,2025-02-10 00:00:00,202.58,Beauty & Wellness,2,101.29
C1643,INV-602861,2025-02-10 00:00:00,153.12,Beauty & Wellness,2,76.56
C1608,INV-602702,2025-02-10 00:00:00,155.24,Electronics & Gadgets,2,77.62
C1601,INV-602671,2025-02-11 00:00:00,52.94,Gourmet Foods & Coffee,1,52.94
C1055,INV-600545,2025-02-11 00:00:00,75.64,Beauty & Wellness,2,37.82
C1586,INV-602588,2025-02-11 00:00:00,381.24,Home & Smart Living,6,63.54
C1055,INV-600545,2025-02-11 00:00:00,99.51,Beauty & Wellness,1,99.51
C1055,INV-600545,2025-02-11 00:00:00,88.15,Electronics & Gadgets,1,88.15
C1605,INV-602690,2025-02-11 00:00:00,139.64,Gourmet Foods & Coffee,2,69.82
C1605,INV-602690,2025-02-11 00:00:00,86.74,Gourmet Foods & Coffee,1,86.74
C1033,INV-600328,2025-02-11 00:00:00,260.68,Apparel & Designer Wear,4,65.17
C1092,INV-600913,2025-02-11 00:00:00,279.42,Apparel & Designer Wear,3,93.14
C1601,INV-602671,2025-02-11 00:00:00,123.65,Gourmet Foods & Coffee,5,24.73
C1601,INV-602671,2025-02-11 00:00:00,98.0,Gourmet Foods & Coffee,5,19.6
C1012,INV-600117,2025-02-11 00:00:00,87.34,Gourmet Foods & Coffee,1,87.34
C1012,INV-600117,2025-02-11 00:00:00,84.37,Beauty & Wellness,1,84.37
C1012,INV-600117,2025-02-11 00:00:00,79.06,Beauty & Wellness,1,79.06
C1697,INV-602977,2025-02-11 00:00:00,35.0,Home & Smart Living,1,35.0
C1697,INV-602977,2025-02-11 00:00:00,42.0,Sports & Outdoors,1,42.0
C1697,INV-602977,2025-02-11 00:00:00,35.0,Home & Smart Living,1,35.0
C1122,INV-601129,2025-02-12 00:00:00,127.58,Gourmet Foods & Coffee,2,63.79
C1163,INV-601443,2025-02-12 00:00:00,97.35,Sports & Outdoors,1,97.35
C1163,INV-601443,2025-02-12 00:00:00,41.21,Gourmet Foods & Coffee,1,41.21
C1163,INV-601443,2025-02-12 00:00:00,91.05,Beauty & Wellness,1,91.05
C1035,INV-600348,2025-02-12 00:00:00,184.45,Beauty & Wellness,5,36.89
C1035,INV-600348,2025-02-12 00:00:00,153.96,Sports & Outdoors,1,153.96
C1179,INV-601564,2025-02-12 00:00:00,204.28,Apparel & Designer Wear,2,102.14
C1663,INV-602926,2025-02-12 00:00:00,35.0,Home & Smart Living,1,35.0
C1663,INV-602926,2025-02-12 00:00:00,18.0,Beauty & Wellness,1,18.0
C1621,INV-602772,2025-02-12 00:00:00,102.45,Beauty & Wellness,1,102.45
C1600,INV-602664,2025-02-12 00:00:00,142.1,Gourmet Foods & Coffee,10,14.21
C1140,INV-601265,2025-02-12 00:00:00,157.04,Gourmet Foods & Coffee,8,19.63
C1202,INV-601736,2025-02-12 00:00:00,92.02,Apparel & Designer Wear,1,92.02
C1156,INV-601391,2025-02-12 00:00:00,63.09,Beauty & Wellness,1,63.09
C1202,INV-601736,2025-02-12 00:00:00,73.45,Gourmet Foods & Coffee,1,73.45
C1663,INV-602926,2025-02-12 00:00:00,18.0,Beauty & Wellness,1,18.0
C1156,INV-601391,2025-02-12 00:00:00,157.32,Gourmet Foods & Coffee,4,39.33
C1140,INV-601265,2025-02-12 00:00:00,73.73,Sports & Outdoors,1,73.73
C1621,INV-602772,2025-02-12 00:00:00,133.2,Beauty & Wellness,1,133.2
C1634,INV-602827,2025-02-13 00:00:00,256.97,Apparel & Designer Wear,1,256.97
C1637,INV-602838,2025-02-13 00:00:00,188.08,Sports & Outdoors,1,188.08
C1637,INV-602838,2025-02-13 00:00:00,154.05,Sports & Outdoors,1,154.05
C1637,INV-602838,2025-02-13 00:00:00,106.24,Sports & Outdoors,1,106.24
C1171,INV-601505,2025-02-13 00:00:00,274.36,Sports & Outdoors,2,137.18
C1634,INV-602827,2025-02-13 00:00:00,130.29,Apparel & Designer Wear,1,130.29
C1047,INV-600465,2025-02-13 00:00:00,374.22,Apparel & Designer Wear,3,124.74
C1063,INV-600627,2025-02-14 00:00:00,78.24,Electronics & Gadgets,1,78.24
C1639,INV-602845,2025-02-14 00:00:00,477.9,Home & Smart Living,6,79.65
C1172,INV-601514,2025-02-14 00:00:00,64.23,Beauty & Wellness,1,64.23
C1172,INV-601514,2025-02-14 00:00:00,83.0,Electronics & Gadgets,1,83.0
C1729,INV-603018,2025-02-14 00:00:00,35.0,Home & Smart Living,1,35.0
C1729,INV-603018,2025-02-14 00:00:00,42.0,Sports & Outdoors,1,42.0
C1729,INV-603018,2025-02-14 00:00:00,18.0,Beauty & Wellness,1,18.0
C1063,INV-600627,2025-02-14 00:00:00,140.88,Sports & Outdoors,1,140.88
C1063,INV-600627,2025-02-14 00:00:00,87.18,Gourmet Foods & Coffee,2,43.59
C1648,INV-602882,2025-02-14 00:00:00,107.74,Apparel & Designer Wear,2,53.87
C1648,INV-602882,2025-02-14 00:00:00,201.72,Beauty & Wellness,3,67.24
C1648,INV-602882,2025-02-14 00:00:00,168.98,Sports & Outdoors,1,168.98
C1606,INV-602692,2025-02-15 00:00:00,91.7,Beauty & Wellness,2,45.85
C1606,INV-602692,2025-02-15 00:00:00,123.52,Sports & Outdoors,2,61.76
C1606,INV-602692,2025-02-15 00:00:00,73.31,Electronics & Gadgets,1,73.31
C1734,INV-603023,2025-02-15 00:00:00,42.0,Sports & Outdoors,1,42.0
C1734,INV-603023,2025-02-15 00:00:00,42.0,Sports & Outdoors,1,42.0
C1615,INV-602737,2025-02-15 00:00:00,118.67,Home & Smart Living,1,118.67
C1615,INV-602737,2025-02-15 00:00:00,88.38,Home & Smart Living,1,88.38
C1615,INV-602737,2025-02-15 00:00:00,127.8,Home & Smart Living,2,63.9
C1196,INV-601695,2025-02-15 00:00:00,126.8,Electronics & Gadgets,1,126.8
C1027,INV-600266,2025-02-15 00:00:00,153.4,Apparel & Designer Wear,5,30.68
C1196,INV-601695,2025-02-15 00:00:00,137.2,Beauty & Wellness,2,68.6
C1667,INV-602931,2025-02-15 00:00:00,65.0,Electronics & Gadgets,1,65.0
C1027,INV-600266,2025-02-15 00:00:00,83.22,Sports & Outdoors,1,83.22
C1655,INV-602903,2025-02-15 00:00:00,295.12,Gourmet Foods & Coffee,7,42.16
C1655,INV-602903,2025-02-15 00:00:00,190.25,Sports & Outdoors,1,190.25
C1027,INV-600266,2025-02-15 00:00:00,151.32,Electronics & Gadgets,1,151.32
C1638,INV-602841,2025-02-15 00:00:00,313.62,Sports & Outdoors,3,104.54
C1198,INV-601708,2025-02-15 00:00:00,148.47,Beauty & Wellness,3,49.49
C1076,INV-600755,2025-02-15 00:00:00,479.24,Home & Smart Living,2,239.62
C1090,INV-600896,2025-02-16 00:00:00,99.21,Home & Smart Living,1,99.21
C1086,INV-600855,2025-02-16 00:00:00,78.6,Apparel & Designer Wear,1,78.6
C1090,INV-600896,2025-02-16 00:00:00,215.54,Apparel & Designer Wear,2,107.77
C1086,INV-600855,2025-02-16 00:00:00,101.45,Home & Smart Living,1,101.45
C1013,INV-600128,2025-02-16 00:00:00,116.59,Beauty & Wellness,1,116.59
C1013,INV-600128,2025-02-16 00:00:00,77.51,Apparel & Designer Wear,1,77.51
C1013,INV-600128,2025-02-16 00:00:00,121.98,Beauty & Wellness,3,40.66
C1086,INV-600855,2025-02-16 00:00:00,116.8,Gourmet Foods & Coffee,2,58.4
C1031,INV-600306,2025-02-17 00:00:00,101.24,Electronics & Gadgets,1,101.24
C1031,INV-600306,2025-02-17 00:00:00,154.52,Electronics & Gadgets,1,154.52
C1031,INV-600306,2025-02-17 00:00:00,112.39,Electronics & Gadgets,1,112.39
C1184,INV-601600,2025-02-17 00:00:00,104.51,Sports & Outdoors,1,104.51
C1184,INV-601600,2025-02-17 00:00:00,105.66,Sports & Outdoors,2,52.83
C1184,INV-601600,2025-02-17 00:00:00,105.66,Gourmet Foods & Coffee,3,35.22
C1068,INV-600676,2025-02-17 00:00:00,388.14,Home & Smart Living,6,64.69
C1141,INV-601275,2025-02-17 00:00:00,137.79,Apparel & Designer Wear,3,45.93
C1141,INV-601275,2025-02-17 00:00:00,139.86,Gourmet Foods & Coffee,2,69.93
C1616,INV-602742,2025-02-17 00:00:00,196.34,Home & Smart Living,1,196.34
C1088,INV-600874,2025-02-17 00:00:00,334.02,Gourmet Foods & Coffee,19,17.58
C1584,INV-602578,2025-02-17 00:00:00,119.16,Sports & Outdoors,1,119.16
C1584,INV-602578,2025-02-17 00:00:00,78.07,Beauty & Wellness,1,78.07
C1584,INV-602578,2025-02-17 00:00:00,91.16,Beauty & Wellness,1,91.16
C1008,INV-600076,2025-02-17 00:00:00,200.58,Gourmet Foods & Coffee,3,66.86
C1151,INV-601357,2025-02-18 00:00:00,80.53,Gourmet Foods & Coffee,1,80.53
C1689,INV-602965,2025-02-18 00:00:00,42.0,Sports & Outdoors,1,42.0
C1186,INV-601616,2025-02-18 00:00:00,275.3,Gourmet Foods & Coffee,5,55.06
C1576,INV-602544,2025-02-18 00:00:00,80.46,Sports & Outdoors,1,80.46
C1689,INV-602965,2025-02-18 00:00:00,35.0,Home & Smart Living,1,35.0
C1631,INV-602815,2025-02-18 00:00:00,116.3,Apparel & Designer Wear,2,58.15
C1151,INV-601357,2025-02-18 00:00:00,65.71,Electronics & Gadgets,1,65.71
C1151,INV-601357,2025-02-18 00:00:00,54.5,Sports & Outdoors,1,54.5
C1576,INV-602544,2025-02-18 00:00:00,73.47,Apparel & Designer Wear,1,73.47
C1689,INV-602965,2025-02-18 00:00:00,28.0,Apparel & Designer Wear,1,28.0
C1631,INV-602815,2025-02-18 00:00:00,106.44,Apparel & Designer Wear,2,53.22
C1631,INV-602815,2025-02-18 00:00:00,115.95,Apparel & Designer Wear,3,38.65
C1620,INV-602767,2025-02-19 00:00:00,122.74,Home & Smart Living,1,122.74
C1143,INV-601291,2025-02-19 00:00:00,192.54,Electronics & Gadgets,1,192.54
C1103,INV-600990,2025-02-19 00:00:00,104.98,Electronics & Gadgets,1,104.98
C1620,INV-602767,2025-02-19 00:00:00,52.16,Sports & Outdoors,1,52.16
C1627,INV-602801,2025-02-19 00:00:00,252.64,Electronics & Gadgets,1,252.64
C1620,INV-602767,2025-02-19 00:00:00,70.71,Apparel & Designer Wear,1,70.71
C1696,INV-602976,2025-02-19 00:00:00,20.35,Gourmet Foods & Coffee,1,20.35
C1103,INV-600990,2025-02-19 00:00:00,46.95,Gourmet Foods & Coffee,3,15.65
C1659,INV-602920,2025-02-19 00:00:00,280.09,Sports & Outdoors,1,280.09
C1696,INV-602976,2025-02-19 00:00:00,42.0,Sports & Outdoors,1,42.0
C1735,INV-603024,2025-02-19 00:00:00,28.0,Apparel & Designer Wear,1,28.0
C1599,INV-602660,2025-02-19 00:00:00,150.23,Electronics & Gadgets,1,150.23
C1599,INV-602660,2025-02-19 00:00:00,126.69,Electronics & Gadgets,1,126.69
C1596,INV-602642,2025-02-19 00:00:00,100.42,Electronics & Gadgets,1,100.42
C1596,INV-602642,2025-02-19 00:00:00,77.38,Sports & Outdoors,1,77.38
C1735,INV-603024,2025-02-19 00:00:00,18.0,Beauty & Wellness,1,18.0
C1103,INV-600990,2025-02-19 00:00:00,93.27,Beauty & Wellness,1,93.27
C1659,INV-602920,2025-02-19 00:00:00,181.72,Beauty & Wellness,7,25.96
C1102,INV-600983,2025-02-20 00:00:00,62.61,Gourmet Foods & Coffee,1,62.61
C1595,INV-602637,2025-02-20 00:00:00,116.12,Apparel & Designer Wear,1,116.12
C1619,INV-602761,2025-02-20 00:00:00,237.69,Electronics & Gadgets,3,79.23
C1595,INV-602637,2025-02-20 00:00:00,50.58,Sports & Outdoors,1,50.58
C1703,INV-602987,2025-02-20 00:00:00,28.47,Beauty & Wellness,1,28.47
C1703,INV-602987,2025-02-20 00:00:00,38.26,Gourmet Foods & Coffee,1,38.26
C1595,INV-602637,2025-02-20 00:00:00,118.45,Sports & Outdoors,1,118.45
C1054,INV-600535,2025-02-20 00:00:00,107.21,Electronics & Gadgets,1,107.21
C1054,INV-600535,2025-02-20 00:00:00,213.55,Sports & Outdoors,1,213.55
C1611,INV-602716,2025-02-20 00:00:00,123.39,Apparel & Designer Wear,1,123.39
C1611,INV-602716,2025-02-20 00:00:00,83.89,Sports & Outdoors,1,83.89
C1102,INV-600983,2025-02-20 00:00:00,83.8,Gourmet Foods & Coffee,4,20.95
C1075,INV-600745,2025-02-20 00:00:00,175.08,Beauty & Wellness,4,43.77
C1102,INV-600983,2025-02-20 00:00:00,88.2,Home & Smart Living,1,88.2
C1075,INV-600745,2025-02-20 00:00:00,212.08,Apparel & Designer Wear,2,106.04
C1611,INV-602716,2025-02-20 00:00:00,122.52,Sports & Outdoors,1,122.52
C1612,INV-602720,2025-02-20 00:00:00,188.8,Sports & Outdoors,1,188.8
C1612,INV-602720,2025-02-20 00:00:00,89.93,Electronics & Gadgets,1,89.93
C1583,INV-602573,2025-02-21 00:00:00,90.7,Electronics & Gadgets,1,90.7
C1062,INV-600616,2025-02-21 00:00:00,125.48,Electronics & Gadgets,1,125.48
C1583,INV-602573,2025-02-21 00:00:00,87.75,Beauty & Wellness,3,29.25
C1062,INV-600616,2025-02-21 00:00:00,70.39,Electronics & Gadgets,1,70.39
C1062,INV-600616,2025-02-21 00:00:00,65.0,Electronics & Gadgets,1,65.0
C1131,INV-601200,2025-02-21 00:00:00,65.0,Electronics & Gadgets,1,65.0
C1029,INV-600285,2025-02-21 00:00:00,203.43,Electronics & Gadgets,1,203.43
C1741,INV-603030,2025-02-21 00:00:00,42.0,Sports & Outdoors,1,42.0
C1131,INV-601200,2025-02-21 00:00:00,100.31,Sports & Outdoors,1,100.31
C1741,INV-603030,2025-02-21 00:00:00,35.0,Home & Smart Living,1,35.0
C1131,INV-601200,2025-02-21 00:00:00,68.2,Apparel & Designer Wear,1,68.2
C1741,INV-603030,2025-02-21 00:00:00,35.0,Home & Smart Living,1,35.0
C1002,INV-600016,2025-02-21 00:00:00,79.89,Sports & Outdoors,1,79.89
C1570,INV-602511,2025-02-21 00:00:00,274.14,Apparel & Designer Wear,2,137.07
C1564,INV-602479,2025-02-21 00:00:00,171.15,Apparel & Designer Wear,5,34.23
C1018,INV-600176,2025-02-21 00:00:00,228.0,Gourmet Foods & Coffee,12,19.0
C1032,INV-600317,2025-02-21 00:00:00,152.88,Beauty & Wellness,3,50.96
C1051,INV-600506,2025-02-21 00:00:00,373.0,Sports & Outdoors,2,186.5
C1014,INV-600139,2025-02-21 00:00:00,142.24,Beauty & Wellness,1,142.24
C1002,INV-600016,2025-02-21 00:00:00,110.76,Apparel & Designer Wear,2,55.38
C1032,INV-600317,2025-02-21 00:00:00,84.05,Sports & Outdoors,1,84.05
C1032,INV-600317,2025-02-21 00:00:00,127.7,Beauty & Wellness,2,63.85
C1014,INV-600139,2025-02-21 00:00:00,148.42,Sports & Outdoors,1,148.42
C1014,INV-600139,2025-02-21 00:00:00,127.48,Electronics & Gadgets,1,127.48
C1002,INV-600016,2025-02-21 00:00:00,89.84,Gourmet Foods & Coffee,2,44.92
C1018,INV-600176,2025-02-21 00:00:00,126.5,Electronics & Gadgets,1,126.5
C1583,INV-602573,2025-02-21 00:00:00,125.12,Gourmet Foods & Coffee,8,15.64
C1029,INV-600285,2025-02-21 00:00:00,109.1,Sports & Outdoors,1,109.1
C1084,INV-600834,2025-02-22 00:00:00,106.4,Electronics & Gadgets,1,106.4
C1084,INV-600834,2025-02-22 00:00:00,112.2,Gourmet Foods & Coffee,5,22.44
C1124,INV-601147,2025-02-22 00:00:00,76.24,Sports & Outdoors,1,76.24
C1575,INV-602540,2025-02-22 00:00:00,85.39,Home & Smart Living,1,85.39
C1745,INV-603034,2025-02-22 00:00:00,14.0,Gourmet Foods & Coffee,1,14.0
C1745,INV-603034,2025-02-22 00:00:00,28.0,Apparel & Designer Wear,1,28.0
C1745,INV-603034,2025-02-22 00:00:00,65.0,Electronics & Gadgets,1,65.0
C1094,INV-600929,2025-02-22 00:00:00,172.2,Gourmet Foods & Coffee,10,17.22
C1674,INV-602942,2025-02-22 00:00:00,50.28,Apparel & Designer Wear,1,50.28
C1575,INV-602540,2025-02-22 00:00:00,95.01,Sports & Outdoors,1,95.01
C1588,INV-602600,2025-02-22 00:00:00,288.85,Sports & Outdoors,5,57.77
C1124,INV-601147,2025-02-22 00:00:00,137.13,Home & Smart Living,1,137.13
C1657,INV-602914,2025-02-22 00:00:00,617.28,Apparel & Designer Wear,8,77.16
C1061,INV-600605,2025-02-22 00:00:00,131.96,Beauty & Wellness,4,32.99
C1061,INV-600605,2025-02-22 00:00:00,236.9,Apparel & Designer Wear,2,118.45
C1575,INV-602540,2025-02-22 00:00:00,118.35,Electronics & Gadgets,1,118.35
C1085,INV-600845,2025-02-23 00:00:00,126.69,Sports & Outdoors,1,126.69
C1049,INV-600488,2025-02-23 00:00:00,187.56,Gourmet Foods & Coffee,12,15.63
C1185,INV-601608,2025-02-23 00:00:00,77.23,Gourmet Foods & Coffee,1,77.23
C1019,INV-600186,2025-02-23 00:00:00,112.27,Sports & Outdoors,1,112.27
C1019,INV-600186,2025-02-23 00:00:00,130.76,Apparel & Designer Wear,1,130.76
C1019,INV-600186,2025-02-23 00:00:00,110.45,Electronics & Gadgets,1,110.45
C1049,INV-600488,2025-02-23 00:00:00,128.37,Gourmet Foods & Coffee,3,42.79
C1085,INV-600845,2025-02-23 00:00:00,156.96,Home & Smart Living,1,156.96
C1085,INV-600845,2025-02-23 00:00:00,124.72,Home & Smart Living,1,124.72
C1185,INV-601608,2025-02-23 00:00:00,118.02,Beauty & Wellness,2,59.01
C1597,INV-602648,2025-02-23 00:00:00,114.63,Apparel & Designer Wear,1,114.63
C1597,INV-602648,2025-02-23 00:00:00,99.92,Beauty & Wellness,2,49.96
C1632,INV-602818,2025-02-23 00:00:00,281.65,Gourmet Foods & Coffee,5,56.33
C1632,INV-602818,2025-02-23 00:00:00,163.56,Apparel & Designer Wear,3,54.52
C1582,INV-602570,2025-02-23 00:00:00,187.47,Electronics & Gadgets,1,187.47
C1591,INV-602616,2025-02-24 00:00:00,223.34,Electronics & Gadgets,1,223.34
C1015,INV-600148,2025-02-24 00:00:00,243.65,Gourmet Foods & Coffee,5,48.73
C1651,INV-602892,2025-02-24 00:00:00,87.36,Apparel & Designer Wear,1,87.36
C1139,INV-601254,2025-02-24 00:00:00,98.61,Electronics & Gadgets,1,98.61
C1046,INV-600454,2025-02-24 00:00:00,138.16,Sports & Outdoors,2,69.08
C1046,INV-600454,2025-02-24 00:00:00,74.82,Apparel & Designer Wear,1,74.82
C1046,INV-600454,2025-02-24 00:00:00,152.49,Electronics & Gadgets,1,152.49
C1139,INV-601254,2025-02-24 00:00:00,73.59,Beauty & Wellness,1,73.59
C1139,INV-601254,2025-02-24 00:00:00,60.23,Home & Smart Living,1,60.23
C1651,INV-602892,2025-02-24 00:00:00,193.0,Beauty & Wellness,4,48.25
C1644,INV-602863,2025-02-24 00:00:00,584.36,Electronics & Gadgets,2,292.18
C1651,INV-602892,2025-02-24 00:00:00,106.22,Home & Smart Living,1,106.22
C1158,INV-601408,2025-02-25 00:00:00,95.96,Beauty & Wellness,4,23.99
C1650,INV-602888,2025-02-25 00:00:00,108.24,Apparel & Designer Wear,3,36.08
C1106,INV-601010,2025-02-25 00:00:00,135.62,Beauty & Wellness,2,67.81
C1650,INV-602888,2025-02-25 00:00:00,136.96,Electronics & Gadgets,1,136.96
C1650,INV-602888,2025-02-25 00:00:00,142.36,Gourmet Foods & Coffee,4,35.59
C1025,INV-600247,2025-02-25 00:00:00,192.06,Sports & Outdoors,3,64.02
C1025,INV-600247,2025-02-25 00:00:00,157.55,Sports & Outdoors,1,157.55
C1118,INV-601099,2025-02-25 00:00:00,185.35,Apparel & Designer Wear,1,185.35
C1158,INV-601408,2025-02-25 00:00:00,95.33,Home & Smart Living,1,95.33
C1158,INV-601408,2025-02-25 00:00:00,79.62,Home & Smart Living,1,79.62
C1115,INV-601076,2025-02-26 00:00:00,169.43,Home & Smart Living,1,169.43
C1563,INV-602473,2025-02-26 00:00:00,65.0,Electronics & Gadgets,1,65.0
C1563,INV-602473,2025-02-26 00:00:00,126.24,Sports & Outdoors,1,126.24
C1563,INV-602473,2025-02-26 00:00:00,100.61,Sports & Outdoors,1,100.61
C1738,INV-603027,2025-02-26 00:00:00,38.07,Apparel & Designer Wear,1,38.07
C1020,INV-600198,2025-02-26 00:00:00,186.18,Electronics & Gadgets,1,186.18
C1020,INV-600198,2025-02-26 00:00:00,230.14,Sports & Outdoors,1,230.14
C1030,INV-600296,2025-02-26 00:00:00,97.73,Apparel & Designer Wear,1,97.73
C1026,INV-600257,2025-02-26 00:00:00,79.22,Beauty & Wellness,2,39.61
C1026,INV-600257,2025-02-26 00:00:00,89.85,Sports & Outdoors,1,89.85
C1593,INV-602625,2025-02-26 00:00:00,288.9,Sports & Outdoors,2,144.45
C1026,INV-600257,2025-02-26 00:00:00,137.12,Home & Smart Living,1,137.12
C1083,INV-600822,2025-02-26 00:00:00,135.31,Sports & Outdoors,1,135.31
C1572,INV-602522,2025-02-26 00:00:00,275.04,Apparel & Designer Wear,3,91.68
C1083,INV-600822,2025-02-26 00:00:00,107.93,Beauty & Wellness,1,107.93
C1607,INV-602696,2025-02-26 00:00:00,167.37,Sports & Outdoors,3,55.79
C1030,INV-600296,2025-02-26 00:00:00,103.87,Home & Smart Living,1,103.87
C1083,INV-600822,2025-02-26 00:00:00,105.24,Electronics & Gadgets,1,105.24
C1568,INV-602502,2025-02-27 00:00:00,118.95,Sports & Outdoors,1,118.95
C1021,INV-600207,2025-02-27 00:00:00,223.08,Gourmet Foods & Coffee,6,37.18
C1568,INV-602502,2025-02-27 00:00:00,178.05,Beauty & Wellness,3,59.35
C1673,INV-602940,2025-02-27 00:00:00,30.16,Apparel & Designer Wear,1,30.16
C1100,INV-600966,2025-02-27 00:00:00,205.55,Sports & Outdoors,1,205.55
C1149,INV-601340,2025-02-27 00:00:00,196.48,Sports & Outdoors,1,196.48
C1673,INV-602940,2025-02-27 00:00:00,35.0,Home & Smart Living,1,35.0
C1587,INV-602594,2025-02-27 00:00:00,140.16,Electronics & Gadgets,2,70.08
C1704,INV-602989,2025-02-28 00:00:00,18.59,Gourmet Foods & Coffee,1,18.59
C1060,INV-600594,2025-02-28 00:00:00,195.12,Electronics & Gadgets,1,195.12
C1097,INV-600947,2025-02-28 00:00:00,80.86,Home & Smart Living,1,80.86
C1704,INV-602989,2025-02-28 00:00:00,65.0,Electronics & Gadgets,1,65.0
C1097,INV-600947,2025-02-28 00:00:00,74.46,Home & Smart Living,1,74.46
C1038,INV-600375,2025-02-28 00:00:00,225.54,Gourmet Foods & Coffee,9,25.06
C1097,INV-600947,2025-02-28 00:00:00,101.75,Home & Smart Living,1,101.75
C1201,INV-601728,2025-02-28 00:00:00,182.11,Sports & Outdoors,1,182.11
C1038,INV-600375,2025-02-28 00:00:00,183.84,Beauty & Wellness,2,91.92
C1647,INV-602876,2025-02-28 00:00:00,198.55,Electronics & Gadgets,1,198.55
C1070,INV-600695,2025-02-28 00:00:00,233.12,Electronics & Gadgets,1,233.12
C1647,INV-602876,2025-02-28 00:00:00,309.92,Sports & Outdoors,1,309.92
C1003,INV-600025,2025-02-28 00:00:00,398.48,Beauty & Wellness,4,99.62
C1624,INV-602786,2025-02-28 00:00:00,87.3,Gourmet Foods & Coffee,2,43.65
C1624,INV-602786,2025-02-28 00:00:00,181.64,Apparel & Designer Wear,2,90.82
C1704,INV-602989,2025-02-28 00:00:00,28.0,Apparel & Designer Wear,1,28.0
C1060,INV-600594,2025-02-28 00:00:00,233.32,Beauty & Wellness,4,58.33
C1161,INV-601430,2025-03-01 00:00:00,124.85,Sports & Outdoors,1,124.85
C1073,INV-600726,2025-03-01 00:00:00,152.08,Home & Smart Living,1,152.08
C1073,INV-600726,2025-03-01 00:00:00,218.68,Gourmet Foods & Coffee,4,54.67
C1028,INV-600275,2025-03-01 00:00:00,129.03,Home & Smart Living,1,129.03
C1028,INV-600275,2025-03-01 00:00:00,152.31,Sports & Outdoors,1,152.31
C1573,INV-602526,2025-03-01 00:00:00,266.45,Home & Smart Living,1,266.45
C1028,INV-600275,2025-03-01 00:00:00,96.75,Home & Smart Living,1,96.75
C1146,INV-601317,2025-03-02 00:00:00,133.85,Apparel & Designer Wear,1,133.85
C1633,INV-602822,2025-03-02 00:00:00,120.38,Home & Smart Living,2,60.19
C1134,INV-601219,2025-03-02 00:00:00,85.14,Beauty & Wellness,1,85.14
C1633,INV-602822,2025-03-02 00:00:00,134.52,Electronics & Gadgets,1,134.52
C1134,INV-601219,2025-03-02 00:00:00,65.0,Electronics & Gadgets,1,65.0
C1633,INV-602822,2025-03-02 00:00:00,168.79,Home & Smart Living,1,168.79
C1134,INV-601219,2025-03-02 00:00:00,93.9,Beauty & Wellness,5,18.78
C1625,INV-602790,2025-03-03 00:00:00,167.06,Home & Smart Living,1,167.06
C1110,INV-601040,2025-03-03 00:00:00,69.64,Apparel & Designer Wear,1,69.64
C1110,INV-601040,2025-03-03 00:00:00,65.0,Electronics & Gadgets,1,65.0
C1110,INV-601040,2025-03-03 00:00:00,90.56,Electronics & Gadgets,1,90.56
C1040,INV-600395,2025-03-03 00:00:00,115.03,Sports & Outdoors,1,115.03
C1040,INV-600395,2025-03-03 00:00:00,144.02,Sports & Outdoors,1,144.02
C1129,INV-601182,2025-03-03 00:00:00,156.69,Gourmet Foods & Coffee,9,17.41
C1082,INV-600813,2025-03-03 00:00:00,303.72,Gourmet Foods & Coffee,12,25.31
C1042,INV-600416,2025-03-03 00:00:00,462.7,Electronics & Gadgets,5,92.54
C1116,INV-601084,2025-03-03 00:00:00,87.3,Home & Smart Living,2,43.65
C1044,INV-600435,2025-03-03 00:00:00,445.51,Gourmet Foods & Coffee,23,19.37
C1580,INV-602562,2025-03-03 00:00:00,312.0,Gourmet Foods & Coffee,13,24.0
C1625,INV-602790,2025-03-03 00:00:00,176.72,Sports & Outdoors,1,176.72
C1116,INV-601084,2025-03-03 00:00:00,100.9,Beauty & Wellness,1,100.9
C1129,INV-601182,2025-03-03 00:00:00,75.27,Home & Smart Living,1,75.27
C1045,INV-600445,2025-03-03 00:00:00,171.64,Gourmet Foods & Coffee,7,24.52
C1045,INV-600445,2025-03-03 00:00:00,224.25,Beauty & Wellness,5,44.85
C1736,INV-603025,2025-03-03 00:00:00,42.0,Sports & Outdoors,1,42.0
C1736,INV-603025,2025-03-03 00:00:00,28.0,Apparel & Designer Wear,1,28.0
C1736,INV-603025,2025-03-03 00:00:00,65.0,Electronics & Gadgets,1,65.0
C1137,INV-601242,2025-03-04 00:00:00,102.87,Home & Smart Living,1,102.87
C1137,INV-601242,2025-03-04 00:00:00,61.32,Apparel & Designer Wear,2,30.66
C1578,INV-602553,2025-03-04 00:00:00,121.14,Home & Smart Living,2,60.57
C1626,INV-602796,2025-03-04 00:00:00,59.8,Home & Smart Living,1,59.8
C1617,INV-602748,2025-03-04 00:00:00,180.79,Apparel & Designer Wear,1,180.79
C1567,INV-602498,2025-03-04 00:00:00,62.73,Home & Smart Living,1,62.73
C1023,INV-600227,2025-03-04 00:00:00,139.2,Apparel & Designer Wear,2,69.6
C1137,INV-601242,2025-03-04 00:00:00,65.0,Electronics & Gadgets,1,65.0
C1626,INV-602796,2025-03-04 00:00:00,55.56,Beauty & Wellness,2,27.78
C1578,INV-602553,2025-03-04 00:00:00,55.81,Sports & Outdoors,1,55.81
C1578,INV-602553,2025-03-04 00:00:00,91.32,Beauty & Wellness,1,91.32
C1050,INV-600499,2025-03-04 00:00:00,453.39,Beauty & Wellness,7,64.77
C1023,INV-600227,2025-03-04 00:00:00,152.73,Gourmet Foods & Coffee,3,50.91
C1626,INV-602796,2025-03-04 00:00:00,82.17,Beauty & Wellness,3,27.39
C1585,INV-602584,2025-03-04 00:00:00,79.41,Home & Smart Living,1,79.41
C1567,INV-602498,2025-03-04 00:00:00,57.66,Sports & Outdoors,1,57.66
C1567,INV-602498,2025-03-04 00:00:00,77.55,Beauty & Wellness,1,77.55
C1023,INV-600227,2025-03-04 00:00:00,110.88,Home & Smart Living,2,55.44
C1585,INV-602584,2025-03-04 00:00:00,170.25,Sports & Outdoors,1,170.25
C1109,INV-601032,2025-03-04 00:00:00,194.66,Apparel & Designer Wear,1,194.66
C1089,INV-600886,2025-03-05 00:00:00,108.41,Beauty & Wellness,1,108.41
C1130,INV-601192,2025-03-05 00:00:00,83.9,Gourmet Foods & Coffee,1,83.9
C1130,INV-601192,2025-03-05 00:00:00,64.48,Beauty & Wellness,2,32.24
C1130,INV-601192,2025-03-05 00:00:00,65.47,Gourmet Foods & Coffee,1,65.47
C1600,INV-602663,2025-03-05 00:00:00,76.6,Gourmet Foods & Coffee,2,38.3
C1600,INV-602663,2025-03-05 00:00:00,66.16,Gourmet Foods & Coffee,2,33.08
C1600,INV-602663,2025-03-05 00:00:00,84.13,Beauty & Wellness,1,84.13
C1089,INV-600886,2025-03-05 00:00:00,140.79,Apparel & Designer Wear,1,140.79
C1071,INV-600706,2025-03-05 00:00:00,410.74,Apparel & Designer Wear,11,37.34
C1065,INV-600647,2025-03-06 00:00:00,325.62,Electronics & Gadgets,3,108.54
C1184,INV-601599,2025-03-06 00:00:00,127.3,Apparel & Designer Wear,2,63.65
C1645,INV-602868,2025-03-06 00:00:00,213.9,Electronics & Gadgets,3,71.3
C1645,INV-602868,2025-03-06 00:00:00,177.5,Gourmet Foods & Coffee,10,17.75
C1160,INV-601422,2025-03-06 00:00:00,75.03,Gourmet Foods & Coffee,3,25.01
C1645,INV-602868,2025-03-06 00:00:00,106.4,Beauty & Wellness,2,53.2
C1690,INV-602967,2025-03-06 00:00:00,65.0,Electronics & Gadgets,1,65.0
C1690,INV-602967,2025-03-06 00:00:00,33.1,Apparel & Designer Wear,1,33.1
C1688,INV-602964,2025-03-06 00:00:00,35.0,Home & Smart Living,1,35.0
C1656,INV-602908,2025-03-06 00:00:00,178.86,Home & Smart Living,2,89.43
C1656,INV-602908,2025-03-06 00:00:00,259.5,Apparel & Designer Wear,1,259.5
C1184,INV-601599,2025-03-06 00:00:00,109.9,Gourmet Foods & Coffee,2,54.95
C1160,INV-601422,2025-03-06 00:00:00,78.4,Apparel & Designer Wear,1,78.4
C1160,INV-601422,2025-03-06 00:00:00,79.26,Home & Smart Living,1,79.26
C1688,INV-602964,2025-03-06 00:00:00,38.68,Beauty & Wellness,1,38.68
C1598,INV-602653,2025-03-07 00:00:00,184.9,Gourmet Foods & Coffee,5,36.98
C1598,INV-602653,2025-03-07 00:00:00,181.45,Gourmet Foods & Coffee,5,36.29
C1610,INV-602711,2025-03-07 00:00:00,187.28,Electronics & Gadgets,1,187.28
C1027,INV-600265,2025-03-07 00:00:00,119.92,Gourmet Foods & Coffee,2,59.96
C1640,INV-602850,2025-03-07 00:00:00,194.85,Home & Smart Living,3,64.95
C1612,INV-602719,2025-03-07 00:00:00,226.12,Apparel & Designer Wear,2,113.06
C1027,INV-600265,2025-03-07 00:00:00,132.81,Home & Smart Living,3,44.27
C1634,INV-602826,2025-03-07 00:00:00,260.15,Gourmet Foods & Coffee,5,52.03
C1640,INV-602850,2025-03-07 00:00:00,165.9,Sports & Outdoors,2,82.95
C1640,INV-602850,2025-03-07 00:00:00,116.08,Apparel & Designer Wear,1,116.08
C1629,INV-602807,2025-03-07 00:00:00,315.18,Beauty & Wellness,3,105.06
C1589,INV-602605,2025-03-08 00:00:00,107.94,Beauty & Wellness,2,53.97
C1589,INV-602605,2025-03-08 00:00:00,102.33,Electronics & Gadgets,1,102.33
C1648,INV-602881,2025-03-08 00:00:00,116.08,Sports & Outdoors,2,58.04
C1648,INV-602881,2025-03-08 00:00:00,169.28,Beauty & Wellness,2,84.64
C1614,INV-602734,2025-03-08 00:00:00,167.9,Gourmet Foods & Coffee,2,83.95
C1648,INV-602881,2025-03-08 00:00:00,192.32,Electronics & Gadgets,1,192.32
C1614,INV-602734,2025-03-08 00:00:00,104.52,Apparel & Designer Wear,3,34.84
C1615,INV-602736,2025-03-08 00:00:00,143.76,Home & Smart Living,1,143.76
C1145,INV-601309,2025-03-08 00:00:00,43.8,Gourmet Foods & Coffee,1,43.8
C1048,INV-600475,2025-03-08 00:00:00,201.14,Apparel & Designer Wear,1,201.14
C1156,INV-601390,2025-03-08 00:00:00,72.29,Sports & Outdoors,1,72.29
C1145,INV-601309,2025-03-08 00:00:00,98.0,Gourmet Foods & Coffee,7,14.0
C1156,INV-601390,2025-03-08 00:00:00,88.54,Sports & Outdoors,2,44.27
C1048,INV-600475,2025-03-08 00:00:00,204.44,Sports & Outdoors,2,102.22
C1005,INV-600046,2025-03-08 00:00:00,192.31,Apparel & Designer Wear,1,192.31
C1678,INV-602950,2025-03-08 00:00:00,35.0,Home & Smart Living,1,35.0
C1005,INV-600046,2025-03-08 00:00:00,207.02,Home & Smart Living,1,207.02
C1678,INV-602950,2025-03-08 00:00:00,23.39,Beauty & Wellness,1,23.39
C1074,INV-600735,2025-03-08 00:00:00,117.4,Home & Smart Living,2,58.7
C1074,INV-600735,2025-03-08 00:00:00,87.11,Home & Smart Living,1,87.11
C1074,INV-600735,2025-03-08 00:00:00,80.66,Electronics & Gadgets,1,80.66
C1678,INV-602950,2025-03-08 00:00:00,65.0,Electronics & Gadgets,1,65.0
C1604,INV-602685,2025-03-08 00:00:00,230.15,Apparel & Designer Wear,5,46.03
C1156,INV-601390,2025-03-08 00:00:00,97.08,Beauty & Wellness,1,97.08
C1145,INV-601309,2025-03-08 00:00:00,65.0,Electronics & Gadgets,1,65.0
C1022,INV-600217,2025-03-09 00:00:00,105.39,Home & Smart Living,1,105.39
C1004,INV-600034,2025-03-09 00:00:00,179.18,Sports & Outdoors,1,179.18
C1004,INV-600034,2025-03-09 00:00:00,231.24,Electronics & Gadgets,1,231.24
C1011,INV-600108,2025-03-09 00:00:00,310.77,Sports & Outdoors,1,310.77
C1035,INV-600347,2025-03-09 00:00:00,126.6,Gourmet Foods & Coffee,5,25.32
C1022,INV-600217,2025-03-09 00:00:00,135.97,Home & Smart Living,1,135.97
C1007,INV-600066,2025-03-09 00:00:00,438.46,Gourmet Foods & Coffee,11,39.86
C1579,INV-602556,2025-03-09 00:00:00,61.69,Gourmet Foods & Coffee,1,61.69
C1579,INV-602556,2025-03-09 00:00:00,107.01,Beauty & Wellness,3,35.67
C1035,INV-600347,2025-03-09 00:00:00,106.4,Gourmet Foods & Coffee,2,53.2
C1579,INV-602556,2025-03-09 00:00:00,111.26,Home & Smart Living,2,55.63
C1092,INV-600912,2025-03-10 00:00:00,100.58,Apparel & Designer Wear,2,50.29
C1088,INV-600873,2025-03-10 00:00:00,407.17,Beauty & Wellness,19,21.43
C1608,INV-602701,2025-03-10 00:00:00,365.7,Home & Smart Living,10,36.57
C1727,INV-603016,2025-03-10 00:00:00,35.0,Home & Smart Living,1,35.0
C1727,INV-603016,2025-03-10 00:00:00,35.0,Home & Smart Living,1,35.0
C1727,INV-603016,2025-03-10 00:00:00,14.0,Gourmet Foods & Coffee,1,14.0
C1125,INV-601153,2025-03-10 00:00:00,97.95,Gourmet Foods & Coffee,5,19.59
C1125,INV-601153,2025-03-10 00:00:00,88.93,Home & Smart Living,1,88.93
C1125,INV-601153,2025-03-10 00:00:00,83.9,Sports & Outdoors,1,83.9
C1092,INV-600912,2025-03-10 00:00:00,76.06,Gourmet Foods & Coffee,1,76.06
C1574,INV-602533,2025-03-10 00:00:00,382.9,Sports & Outdoors,2,191.45
C1043,INV-600425,2025-03-10 00:00:00,230.28,Home & Smart Living,1,230.28
C1043,INV-600425,2025-03-10 00:00:00,116.42,Apparel & Designer Wear,1,116.42
C1718,INV-603007,2025-03-10 00:00:00,28.0,Apparel & Designer Wear,1,28.0
C1718,INV-603007,2025-03-10 00:00:00,42.0,Sports & Outdoors,1,42.0
C1057,INV-600565,2025-03-10 00:00:00,360.6,Home & Smart Living,2,180.3
C1718,INV-603007,2025-03-10 00:00:00,42.0,Sports & Outdoors,1,42.0
C1613,INV-602727,2025-03-11 00:00:00,183.06,Gourmet Foods & Coffee,3,61.02
C1010,INV-600098,2025-03-11 00:00:00,150.84,Beauty & Wellness,3,50.28
C1653,INV-602898,2025-03-11 00:00:00,119.48,Gourmet Foods & Coffee,4,29.87
C1163,INV-601442,2025-03-11 00:00:00,125.27,Electronics & Gadgets,1,125.27
C1571,INV-602518,2025-03-11 00:00:00,118.0,Beauty & Wellness,4,29.5
C1571,INV-602518,2025-03-11 00:00:00,77.1,Beauty & Wellness,1,77.1
C1571,INV-602518,2025-03-11 00:00:00,56.9,Gourmet Foods & Coffee,1,56.9
C1570,INV-602510,2025-03-11 00:00:00,71.84,Electronics & Gadgets,1,71.84
C1570,INV-602510,2025-03-11 00:00:00,52.03,Home & Smart Living,1,52.03
C1570,INV-602510,2025-03-11 00:00:00,127.68,Gourmet Foods & Coffee,3,42.56
C1010,INV-600098,2025-03-11 00:00:00,82.57,Sports & Outdoors,1,82.57
C1613,INV-602727,2025-03-11 00:00:00,113.86,Electronics & Gadgets,1,113.86
C1010,INV-600098,2025-03-11 00:00:00,159.0,Sports & Outdoors,1,159.0
C1651,INV-602891,2025-03-11 00:00:00,139.16,Apparel & Designer Wear,2,69.58
C1651,INV-602891,2025-03-11 00:00:00,186.36,Apparel & Designer Wear,3,62.12
C1651,INV-602891,2025-03-11 00:00:00,144.34,Electronics & Gadgets,1,144.34
C1075,INV-600744,2025-03-11 00:00:00,113.85,Sports & Outdoors,1,113.85
C1653,INV-602898,2025-03-11 00:00:00,134.85,Electronics & Gadgets,1,134.85
C1653,INV-602898,2025-03-11 00:00:00,129.17,Electronics & Gadgets,1,129.17
C1198,INV-601707,2025-03-11 00:00:00,48.23,Beauty & Wellness,1,48.23
C1075,INV-600744,2025-03-11 00:00:00,152.02,Sports & Outdoors,1,152.02
C1194,INV-601678,2025-03-11 00:00:00,149.76,Gourmet Foods & Coffee,9,16.64
C1198,INV-601707,2025-03-11 00:00:00,56.57,Apparel & Designer Wear,1,56.57
C1198,INV-601707,2025-03-11 00:00:00,104.22,Apparel & Designer Wear,1,104.22
C1194,INV-601678,2025-03-11 00:00:00,155.13,Electronics & Gadgets,1,155.13
C1016,INV-600158,2025-03-12 00:00:00,147.14,Home & Smart Living,1,147.14
C1144,INV-601300,2025-03-12 00:00:00,64.02,Home & Smart Living,1,64.02
C1114,INV-601066,2025-03-12 00:00:00,188.31,Electronics & Gadgets,1,188.31
C1077,INV-600764,2025-03-12 00:00:00,184.4,Electronics & Gadgets,1,184.4
C1077,INV-600764,2025-03-12 00:00:00,97.74,Sports & Outdoors,1,97.74
C1641,INV-602854,2025-03-12 00:00:00,362.56,Beauty & Wellness,4,90.64
C1671,INV-602937,2025-03-12 00:00:00,65.0,Electronics & Gadgets,1,65.0
C1009,INV-600087,2025-03-12 00:00:00,141.05,Home & Smart Living,1,141.05
C1009,INV-600087,2025-03-12 00:00:00,163.14,Apparel & Designer Wear,2,81.57
C1006,INV-600057,2025-03-12 00:00:00,79.18,Apparel & Designer Wear,1,79.18
C1144,INV-601300,2025-03-12 00:00:00,69.83,Home & Smart Living,1,69.83
C1006,INV-600057,2025-03-12 00:00:00,100.24,Home & Smart Living,1,100.24
C1006,INV-600057,2025-03-12 00:00:00,110.71,Home & Smart Living,1,110.71
C1671,INV-602937,2025-03-12 00:00:00,39.4,Home & Smart Living,1,39.4
C1143,INV-601290,2025-03-12 00:00:00,83.11,Home & Smart Living,1,83.11
C1143,INV-601290,2025-03-12 00:00:00,95.16,Beauty & Wellness,3,31.72
C1016,INV-600158,2025-03-12 00:00:00,184.96,Sports & Outdoors,1,184.96
C1143,INV-601290,2025-03-12 00:00:00,71.83,Beauty & Wellness,1,71.83
C1144,INV-601300,2025-03-12 00:00:00,83.43,Sports & Outdoors,1,83.43
C1078,INV-600774,2025-03-13 00:00:00,104.6,Electronics & Gadgets,1,104.6
C1584,INV-602577,2025-03-13 00:00:00,308.88,Gourmet Foods & Coffee,4,77.22
C1078,INV-600774,2025-03-13 00:00:00,137.34,Gourmet Foods & Coffee,3,45.78
C1601,INV-602670,2025-03-13 00:00:00,193.78,Sports & Outdoors,2,96.89
C1599,INV-602659,2025-03-14 00:00:00,83.99,Home & Smart Living,1,83.99
C1140,INV-601264,2025-03-14 00:00:00,94.5,Apparel & Designer Wear,1,94.5
C1187,INV-601626,2025-03-14 00:00:00,112.33,Home & Smart Living,1,112.33
C1187,INV-601626,2025-03-14 00:00:00,75.59,Gourmet Foods & Coffee,1,75.59
C1599,INV-602659,2025-03-14 00:00:00,137.2,Home & Smart Living,1,137.2
C1165,INV-601458,2025-03-14 00:00:00,68.26,Beauty & Wellness,1,68.26
C1037,INV-600363,2025-03-14 00:00:00,236.86,Home & Smart Living,2,118.43
C1165,INV-601458,2025-03-14 00:00:00,89.71,Beauty & Wellness,1,89.71
C1037,INV-600363,2025-03-14 00:00:00,132.16,Sports & Outdoors,1,132.16
C1140,INV-601264,2025-03-14 00:00:00,41.4,Home & Smart Living,1,41.4
C1140,INV-601264,2025-03-14 00:00:00,44.63,Apparel & Designer Wear,1,44.63
C1165,INV-601458,2025-03-14 00:00:00,57.34,Sports & Outdoors,1,57.34
C1628,INV-602805,2025-03-15 00:00:00,91.66,Electronics & Gadgets,1,91.66
C1628,INV-602805,2025-03-15 00:00:00,108.45,Electronics & Gadgets,1,108.45
C1628,INV-602805,2025-03-15 00:00:00,68.34,Home & Smart Living,1,68.34
C1715,INV-603004,2025-03-15 00:00:00,65.0,Electronics & Gadgets,1,65.0
C1611,INV-602715,2025-03-15 00:00:00,360.3,Home & Smart Living,2,180.15
C1715,INV-603004,2025-03-15 00:00:00,18.0,Beauty & Wellness,1,18.0
C1566,INV-602491,2025-03-15 00:00:00,72.28,Apparel & Designer Wear,1,72.28
C1094,INV-600928,2025-03-15 00:00:00,102.24,Gourmet Foods & Coffee,1,102.24
C1566,INV-602491,2025-03-15 00:00:00,112.64,Electronics & Gadgets,1,112.64
C1566,INV-602491,2025-03-15 00:00:00,79.63,Electronics & Gadgets,1,79.63
C1094,INV-600928,2025-03-15 00:00:00,101.3,Gourmet Foods & Coffee,2,50.65
C1675,INV-602944,2025-03-16 00:00:00,33.8,Apparel & Designer Wear,1,33.8
C1582,INV-602569,2025-03-16 00:00:00,61.42,Beauty & Wellness,1,61.42
C1025,INV-600246,2025-03-16 00:00:00,119.2,Sports & Outdoors,1,119.2
C1582,INV-602569,2025-03-16 00:00:00,82.84,Apparel & Designer Wear,1,82.84
C1582,INV-602569,2025-03-16 00:00:00,122.75,Sports & Outdoors,1,122.75
C1124,INV-601146,2025-03-16 00:00:00,297.0,Beauty & Wellness,3,99.0
C1012,INV-600116,2025-03-16 00:00:00,429.6,Gourmet Foods & Coffee,10,42.96
C1025,INV-600246,2025-03-16 00:00:00,96.78,Home & Smart Living,2,48.39
C1621,INV-602771,2025-03-16 00:00:00,144.26,Home & Smart Living,2,72.13
C1675,INV-602944,2025-03-16 00:00:00,38.87,Gourmet Foods & Coffee,1,38.87
C1041,INV-600406,2025-03-17 00:00:00,83.68,Apparel & Designer Wear,1,83.68
C1034,INV-600337,2025-03-17 00:00:00,377.6,Home & Smart Living,2,188.8
C1032,INV-600316,2025-03-17 00:00:00,184.7,Home & Smart Living,2,92.35
C1622,INV-602777,2025-03-17 00:00:00,110.98,Home & Smart Living,1,110.98
C1058,INV-600573,2025-03-17 00:00:00,377.8,Beauty & Wellness,4,94.45
C1055,INV-600544,2025-03-17 00:00:00,64.55,Sports & Outdoors,1,64.55
C1041,INV-600406,2025-03-17 00:00:00,123.72,Apparel & Designer Wear,1,123.72
C1041,INV-600406,2025-03-17 00:00:00,116.78,Sports & Outdoors,1,116.78
C1055,INV-600544,2025-03-17 00:00:00,152.79,Home & Smart Living,3,50.93
C1669,INV-602934,2025-03-17 00:00:00,65.0,Electronics & Gadgets,1,65.0
C1622,INV-602777,2025-03-17 00:00:00,82.93,Home & Smart Living,1,82.93
C1121,INV-601121,2025-03-17 00:00:00,162.76,Apparel & Designer Wear,2,81.38
C1055,INV-600544,2025-03-17 00:00:00,121.84,Gourmet Foods & Coffee,2,60.92
C1669,INV-602934,2025-03-17 00:00:00,42.0,Sports & Outdoors,1,42.0
C1622,INV-602777,2025-03-17 00:00:00,48.24,Beauty & Wellness,1,48.24
C1669,INV-602934,2025-03-17 00:00:00,42.0,Sports & Outdoors,1,42.0
C1107,INV-601018,2025-03-17 00:00:00,220.96,Apparel & Designer Wear,2,110.48
C1049,INV-600487,2025-03-17 00:00:00,186.56,Gourmet Foods & Coffee,4,46.64
C1148,INV-601331,2025-03-17 00:00:00,270.0,Beauty & Wellness,4,67.5
C1196,INV-601694,2025-03-18 00:00:00,76.39,Home & Smart Living,1,76.39
C1195,INV-601686,2025-03-18 00:00:00,106.95,Beauty & Wellness,1,106.95
C1639,INV-602844,2025-03-18 00:00:00,567.2,Apparel & Designer Wear,8,70.9
C1030,INV-600295,2025-03-18 00:00:00,252.84,Beauty & Wellness,7,36.12
C1619,INV-602760,2025-03-18 00:00:00,64.44,Apparel & Designer Wear,1,64.44
C1619,INV-602760,2025-03-18 00:00:00,65.0,Electronics & Gadgets,1,65.0
C1619,INV-602760,2025-03-18 00:00:00,119.0,Gourmet Foods & Coffee,5,23.8
C1117,INV-601091,2025-03-18 00:00:00,210.0,Beauty & Wellness,3,70.0
C1066,INV-600655,2025-03-18 00:00:00,230.02,Beauty & Wellness,2,115.01
C1066,INV-600655,2025-03-18 00:00:00,113.72,Gourmet Foods & Coffee,2,56.86
C1195,INV-601686,2025-03-18 00:00:00,92.29,Apparel & Designer Wear,1,92.29
C1196,INV-601694,2025-03-18 00:00:00,83.7,Home & Smart Living,1,83.7
C1196,INV-601694,2025-03-18 00:00:00,62.48,Home & Smart Living,1,62.48
C1013,INV-600127,2025-03-18 00:00:00,104.37,Electronics & Gadgets,1,104.37
C1013,INV-600127,2025-03-18 00:00:00,65.0,Electronics & Gadgets,1,65.0
C1013,INV-600127,2025-03-18 00:00:00,95.85,Home & Smart Living,1,95.85
C1721,INV-603010,2025-03-18 00:00:00,29.45,Apparel & Designer Wear,1,29.45
C1721,INV-603010,2025-03-18 00:00:00,35.0,Home & Smart Living,1,35.0
C1151,INV-601356,2025-03-19 00:00:00,116.74,Beauty & Wellness,2,58.37
C1151,INV-601356,2025-03-19 00:00:00,61.1,Gourmet Foods & Coffee,2,30.55
C1655,INV-602902,2025-03-20 00:00:00,230.74,Apparel & Designer Wear,2,115.37
C1655,INV-602902,2025-03-20 00:00:00,235.05,Beauty & Wellness,3,78.35
C1661,INV-602923,2025-03-20 00:00:00,77.17,Beauty & Wellness,1,77.17
C1193,INV-601670,2025-03-20 00:00:00,274.48,Apparel & Designer Wear,8,34.31
C1620,INV-602766,2025-03-20 00:00:00,105.26,Apparel & Designer Wear,2,52.63
C1620,INV-602766,2025-03-20 00:00:00,156.84,Gourmet Foods & Coffee,3,52.28
C1593,INV-602624,2025-03-20 00:00:00,168.79,Sports & Outdoors,1,168.79
C1056,INV-600555,2025-03-20 00:00:00,86.32,Apparel & Designer Wear,1,86.32
C1056,INV-600555,2025-03-20 00:00:00,132.74,Electronics & Gadgets,1,132.74
C1084,INV-600833,2025-03-20 00:00:00,206.2,Beauty & Wellness,4,51.55
C1593,INV-602624,2025-03-20 00:00:00,76.58,Home & Smart Living,1,76.58
C1577,INV-602548,2025-03-20 00:00:00,102.01,Home & Smart Living,1,102.01
C1038,INV-600374,2025-03-20 00:00:00,208.0,Home & Smart Living,2,104.0
C1577,INV-602548,2025-03-20 00:00:00,82.62,Electronics & Gadgets,1,82.62
C1577,INV-602548,2025-03-20 00:00:00,68.26,Gourmet Foods & Coffee,2,34.13
C1056,INV-600555,2025-03-20 00:00:00,123.16,Sports & Outdoors,1,123.16
C1594,INV-602630,2025-03-21 00:00:00,115.0,Electronics & Gadgets,1,115.0
C1572,INV-602521,2025-03-21 00:00:00,93.01,Sports & Outdoors,1,93.01
C1003,INV-600024,2025-03-21 00:00:00,151.66,Beauty & Wellness,2,75.83
C1102,INV-600982,2025-03-21 00:00:00,63.12,Gourmet Foods & Coffee,1,63.12
C1637,INV-602837,2025-03-21 00:00:00,268.29,Beauty & Wellness,3,89.43
C1102,INV-600982,2025-03-21 00:00:00,62.92,Beauty & Wellness,2,31.46
C1572,INV-602521,2025-03-21 00:00:00,60.9,Beauty & Wellness,3,20.3
C1020,INV-600197,2025-03-21 00:00:00,165.45,Beauty & Wellness,3,55.15
C1594,INV-602630,2025-03-21 00:00:00,85.23,Sports & Outdoors,1,85.23
C1572,INV-602521,2025-03-21 00:00:00,106.39,Home & Smart Living,1,106.39
C1179,INV-601563,2025-03-21 00:00:00,92.24,Electronics & Gadgets,1,92.24
C1079,INV-600784,2025-03-21 00:00:00,342.18,Apparel & Designer Wear,3,114.06
C1179,INV-601563,2025-03-21 00:00:00,116.38,Home & Smart Living,1,116.38
C1020,INV-600197,2025-03-21 00:00:00,212.53,Apparel & Designer Wear,1,212.53
C1594,INV-602630,2025-03-21 00:00:00,121.44,Gourmet Foods & Coffee,2,60.72
C1003,INV-600024,2025-03-21 00:00:00,191.0,Electronics & Gadgets,1,191.0
C1637,INV-602837,2025-03-21 00:00:00,179.98,Beauty & Wellness,2,89.99
C1102,INV-600982,2025-03-21 00:00:00,65.0,Electronics & Gadgets,1,65.0
C1202,INV-601735,2025-03-22 00:00:00,81.82,Beauty & Wellness,1,81.82
C1202,INV-601735,2025-03-22 00:00:00,89.79,Beauty & Wellness,1,89.79
C1201,INV-601727,2025-03-22 00:00:00,155.94,Apparel & Designer Wear,2,77.97
C1202,INV-601735,2025-03-22 00:00:00,93.56,Home & Smart Living,1,93.56
C1033,INV-600327,2025-03-22 00:00:00,175.8,Apparel & Designer Wear,3,58.6
C1617,INV-602747,2025-03-22 00:00:00,125.91,Gourmet Foods & Coffee,3,41.97
C1617,INV-602747,2025-03-22 00:00:00,88.06,Apparel & Designer Wear,2,44.03
C1617,INV-602747,2025-03-22 00:00:00,100.16,Gourmet Foods & Coffee,2,50.08
C1068,INV-600675,2025-03-22 00:00:00,458.02,Sports & Outdoors,2,229.01
C1702,INV-602986,2025-03-22 00:00:00,18.0,Beauty & Wellness,1,18.0
C1033,INV-600327,2025-03-22 00:00:00,198.73,Electronics & Gadgets,1,198.73
C1702,INV-602986,2025-03-22 00:00:00,35.0,Home & Smart Living,1,35.0
C1201,INV-601727,2025-03-22 00:00:00,140.59,Home & Smart Living,1,140.59
C1702,INV-602986,2025-03-22 00:00:00,19.03,Beauty & Wellness,1,19.03
C1192,INV-601663,2025-03-23 00:00:00,71.05,Home & Smart Living,1,71.05
C1122,INV-601128,2025-03-23 00:00:00,65.0,Electronics & Gadgets,1,65.0
C1122,INV-601128,2025-03-23 00:00:00,81.32,Apparel & Designer Wear,2,40.66
C1625,INV-602789,2025-03-23 00:00:00,189.99,Beauty & Wellness,3,63.33
C1192,INV-601663,2025-03-23 00:00:00,80.67,Beauty & Wellness,1,80.67
C1586,INV-602587,2025-03-23 00:00:00,152.86,Apparel & Designer Wear,1,152.86
C1192,INV-601663,2025-03-23 00:00:00,91.14,Electronics & Gadgets,1,91.14
C1586,INV-602587,2025-03-23 00:00:00,109.5,Home & Smart Living,1,109.5
C1122,INV-601128,2025-03-23 00:00:00,73.25,Home & Smart Living,1,73.25
C1565,INV-602484,2025-03-23 00:00:00,162.39,Sports & Outdoors,1,162.39
C1073,INV-600725,2025-03-23 00:00:00,180.86,Sports & Outdoors,2,90.43
C1565,INV-602484,2025-03-23 00:00:00,97.56,Gourmet Foods & Coffee,4,24.39
C1112,INV-601052,2025-03-23 00:00:00,152.9,Apparel & Designer Wear,2,76.45
C1067,INV-600664,2025-03-23 00:00:00,372.68,Sports & Outdoors,7,53.24
C1065,INV-600646,2025-03-23 00:00:00,92.26,Home & Smart Living,1,92.26
C1073,INV-600725,2025-03-23 00:00:00,183.98,Beauty & Wellness,2,91.99
C1065,INV-600646,2025-03-23 00:00:00,143.52,Electronics & Gadgets,1,143.52
C1065,INV-600646,2025-03-23 00:00:00,69.63,Electronics & Gadgets,1,69.63
C1014,INV-600138,2025-03-24 00:00:00,208.59,Electronics & Gadgets,3,69.53
C1014,INV-600138,2025-03-24 00:00:00,108.54,Sports & Outdoors,1,108.54
C1082,INV-600812,2025-03-24 00:00:00,206.85,Apparel & Designer Wear,3,68.95
C1082,INV-600812,2025-03-24 00:00:00,202.06,Apparel & Designer Wear,1,202.06
C1665,INV-602929,2025-03-24 00:00:00,65.0,Electronics & Gadgets,1,65.0
C1182,INV-601584,2025-03-24 00:00:00,57.19,Sports & Outdoors,1,57.19
C1665,INV-602929,2025-03-24 00:00:00,35.0,Home & Smart Living,1,35.0
C1167,INV-601472,2025-03-24 00:00:00,220.7,Sports & Outdoors,1,220.7
C1722,INV-603011,2025-03-24 00:00:00,47.34,Apparel & Designer Wear,1,47.34
C1182,INV-601584,2025-03-24 00:00:00,98.04,Beauty & Wellness,4,24.51
C1182,INV-601584,2025-03-24 00:00:00,65.0,Electronics & Gadgets,1,65.0
C1089,INV-600885,2025-03-24 00:00:00,228.78,Gourmet Foods & Coffee,3,76.26
C1665,INV-602929,2025-03-24 00:00:00,22.03,Gourmet Foods & Coffee,1,22.03
C1177,INV-601549,2025-03-24 00:00:00,175.5,Sports & Outdoors,1,175.5
C1089,INV-600885,2025-03-24 00:00:00,194.26,Beauty & Wellness,2,97.13
C1002,INV-600015,2025-03-24 00:00:00,141.04,Gourmet Foods & Coffee,4,35.26
C1002,INV-600015,2025-03-24 00:00:00,158.06,Apparel & Designer Wear,1,158.06
C1072,INV-600715,2025-03-24 00:00:00,106.4,Electronics & Gadgets,1,106.4
C1072,INV-600715,2025-03-24 00:00:00,121.48,Sports & Outdoors,1,121.48
C1170,INV-601496,2025-03-25 00:00:00,79.04,Home & Smart Living,1,79.04
C1001,INV-600007,2025-03-25 00:00:00,86.7,Gourmet Foods & Coffee,1,86.7
C1001,INV-600007,2025-03-25 00:00:00,67.14,Gourmet Foods & Coffee,1,67.14
C1001,INV-600007,2025-03-25 00:00:00,76.27,Home & Smart Living,1,76.27
C1145,INV-601308,2025-03-25 00:00:00,86.28,Beauty & Wellness,1,86.28
C1145,INV-601308,2025-03-25 00:00:00,68.35,Home & Smart Living,1,68.35
C1588,INV-602599,2025-03-25 00:00:00,181.08,Home & Smart Living,3,60.36
C1588,INV-602599,2025-03-25 00:00:00,103.92,Apparel & Designer Wear,1,103.92
C1090,INV-600895,2025-03-25 00:00:00,107.59,Beauty & Wellness,1,107.59
C1170,INV-601496,2025-03-25 00:00:00,153.24,Electronics & Gadgets,1,153.24
C1090,INV-600895,2025-03-25 00:00:00,157.09,Sports & Outdoors,1,157.09
C1090,INV-600895,2025-03-25 00:00:00,65.57,Sports & Outdoors,1,65.57
C1035,INV-600346,2025-03-25 00:00:00,193.4,Home & Smart Living,1,193.4
C1005,INV-600045,2025-03-25 00:00:00,149.9,Home & Smart Living,1,149.9
C1005,INV-600045,2025-03-25 00:00:00,102.99,Apparel & Designer Wear,3,34.33
C1618,INV-602756,2025-03-25 00:00:00,188.18,Electronics & Gadgets,2,94.09
C1618,INV-602756,2025-03-25 00:00:00,139.07,Electronics & Gadgets,1,139.07
C1005,INV-600045,2025-03-25 00:00:00,143.46,Electronics & Gadgets,1,143.46
C1052,INV-600515,2025-03-26 00:00:00,317.2,Beauty & Wellness,4,79.3
C1008,INV-600075,2025-03-26 00:00:00,127.85,Beauty & Wellness,5,25.57
C1596,INV-602641,2025-03-26 00:00:00,65.0,Electronics & Gadgets,1,65.0
C1596,INV-602641,2025-03-26 00:00:00,72.28,Beauty & Wellness,1,72.28
C1008,INV-600075,2025-03-26 00:00:00,202.36,Electronics & Gadgets,2,101.18
C1678,INV-602949,2025-03-26 00:00:00,61.65,Sports & Outdoors,1,61.65
C1171,INV-601504,2025-03-26 00:00:00,81.51,Sports & Outdoors,1,81.51
C1171,INV-601504,2025-03-26 00:00:00,83.49,Gourmet Foods & Coffee,3,27.83
C1596,INV-602641,2025-03-26 00:00:00,57.14,Sports & Outdoors,1,57.14
C1190,INV-601645,2025-03-27 00:00:00,86.94,Gourmet Foods & Coffee,1,86.94
C1190,INV-601645,2025-03-27 00:00:00,119.52,Gourmet Foods & Coffee,3,39.84
C1080,INV-600796,2025-03-27 00:00:00,363.36,Beauty & Wellness,4,90.84
C1640,INV-602849,2025-03-27 00:00:00,342.72,Gourmet Foods & Coffee,18,19.04
C1070,INV-600694,2025-03-27 00:00:00,465.05,Home & Smart Living,5,93.01
C1649,INV-602885,2025-03-27 00:00:00,175.81,Sports & Outdoors,1,175.81
C1643,INV-602860,2025-03-27 00:00:00,328.64,Gourmet Foods & Coffee,13,25.28
C1649,INV-602885,2025-03-27 00:00:00,184.13,Sports & Outdoors,1,184.13
C1134,INV-601218,2025-03-27 00:00:00,265.99,Electronics & Gadgets,1,265.99
C1649,INV-602885,2025-03-27 00:00:00,182.25,Electronics & Gadgets,1,182.25
C1064,INV-600637,2025-03-27 00:00:00,415.04,Sports & Outdoors,2,207.52
C1141,INV-601274,2025-03-27 00:00:00,65.0,Electronics & Gadgets,1,65.0
C1141,INV-601274,2025-03-27 00:00:00,50.01,Beauty & Wellness,1,50.01
C1660,INV-602922,2025-03-27 00:00:00,56.0,Beauty & Wellness,2,28.0
C1141,INV-601274,2025-03-27 00:00:00,81.65,Home & Smart Living,1,81.65
C1081,INV-600805,2025-03-28 00:00:00,101.2,Beauty & Wellness,1,101.2
C1634,INV-602825,2025-03-28 00:00:00,155.23,Home & Smart Living,1,155.23
C1076,INV-600754,2025-03-28 00:00:00,295.38,Sports & Outdoors,1,295.38
C1146,INV-601316,2025-03-28 00:00:00,204.61,Gourmet Foods & Coffee,7,29.23
C1036,INV-600354,2025-03-28 00:00:00,295.11,Sports & Outdoors,3,98.37
C1634,INV-602825,2025-03-28 00:00:00,308.55,Gourmet Foods & Coffee,11,28.05
C1161,INV-601429,2025-03-28 00:00:00,152.42,Gourmet Foods & Coffee,2,76.21
C1081,INV-600805,2025-03-28 00:00:00,129.17,Sports & Outdoors,1,129.17
C1157,INV-601399,2025-03-28 00:00:00,147.54,Home & Smart Living,1,147.54
C1081,INV-600805,2025-03-28 00:00:00,109.98,Gourmet Foods & Coffee,2,54.99
C1191,INV-601655,2025-03-29 00:00:00,237.96,Apparel & Designer Wear,2,118.98
C1069,INV-600686,2025-03-29 00:00:00,75.27,Sports & Outdoors,1,75.27
C1623,INV-602780,2025-03-29 00:00:00,160.32,Gourmet Foods & Coffee,6,26.72
C1023,INV-600226,2025-03-29 00:00:00,114.22,Sports & Outdoors,1,114.22
C1023,INV-600226,2025-03-29 00:00:00,126.78,Home & Smart Living,1,126.78
C1023,INV-600226,2025-03-29 00:00:00,159.72,Beauty & Wellness,2,79.86
C1564,INV-602478,2025-03-29 00:00:00,160.65,Gourmet Foods & Coffee,3,53.55
C1564,INV-602478,2025-03-29 00:00:00,93.55,Home & Smart Living,1,93.55
C1048,INV-600474,2025-03-29 00:00:00,150.66,Beauty & Wellness,2,75.33
C1048,INV-600474,2025-03-29 00:00:00,90.02,Sports & Outdoors,1,90.02
C1048,INV-600474,2025-03-29 00:00:00,147.66,Gourmet Foods & Coffee,6,24.61
C1050,INV-600498,2025-03-29 00:00:00,194.45,Apparel & Designer Wear,5,38.89
C1050,INV-600498,2025-03-29 00:00:00,222.93,Gourmet Foods & Coffee,9,24.77
C1623,INV-602780,2025-03-29 00:00:00,109.76,Beauty & Wellness,1,109.76
C1731,INV-603020,2025-03-29 00:00:00,65.0,Electronics & Gadgets,1,65.0
C1731,INV-603020,2025-03-29 00:00:00,65.0,Electronics & Gadgets,1,65.0
C1110,INV-601039,2025-03-29 00:00:00,45.18,Gourmet Foods & Coffee,3,15.06
C1110,INV-601039,2025-03-29 00:00:00,69.69,Gourmet Foods & Coffee,3,23.23
C1110,INV-601039,2025-03-29 00:00:00,95.16,Beauty & Wellness,2,47.58
C1060,INV-600593,2025-03-29 00:00:00,138.85,Gourmet Foods & Coffee,5,27.77
C1069,INV-600686,2025-03-29 00:00:00,128.64,Gourmet Foods & Coffee,3,42.88
C1088,INV-600872,2025-03-29 00:00:00,193.62,Beauty & Wellness,2,96.81
C1069,INV-600686,2025-03-29 00:00:00,112.07,Beauty & Wellness,1,112.07
C1053,INV-600525,2025-03-29 00:00:00,424.2,Home & Smart Living,7,60.6
C1569,INV-602504,2025-03-29 00:00:00,79.06,Electronics & Gadgets,1,79.06
C1569,INV-602504,2025-03-29 00:00:00,110.91,Gourmet Foods & Coffee,3,36.97
C1086,INV-600854,2025-03-29 00:00:00,74.36,Electronics & Gadgets,1,74.36
C1086,INV-600854,2025-03-29 00:00:00,158.67,Sports & Outdoors,3,52.89
C1088,INV-600872,2025-03-29 00:00:00,121.48,Apparel & Designer Wear,1,121.48
C1647,INV-602875,2025-03-29 00:00:00,260.88,Apparel & Designer Wear,3,86.96
C1026,INV-600256,2025-03-29 00:00:00,192.12,Gourmet Foods & Coffee,3,64.04
C1026,INV-600256,2025-03-29 00:00:00,141.35,Sports & Outdoors,1,141.35
C1060,INV-600593,2025-03-29 00:00:00,149.66,Beauty & Wellness,2,74.83
C1086,INV-600854,2025-03-29 00:00:00,135.62,Sports & Outdoors,2,67.81
C1647,INV-602875,2025-03-29 00:00:00,304.22,Home & Smart Living,1,304.22
C1060,INV-600593,2025-03-29 00:00:00,71.64,Beauty & Wellness,3,23.88
C1686,INV-602961,2025-03-30 00:00:00,54.54,Home & Smart Living,1,54.54
C1184,INV-601598,2025-03-30 00:00:00,91.96,Home & Smart Living,1,91.96
C1024,INV-600236,2025-03-30 00:00:00,65.0,Electronics & Gadgets,1,65.0
C1630,INV-602811,2025-03-30 00:00:00,242.61,Apparel & Designer Wear,3,80.87
C1091,INV-600904,2025-03-30 00:00:00,103.86,Gourmet Foods & Coffee,2,51.93
C1571,INV-602517,2025-03-30 00:00:00,203.4,Apparel & Designer Wear,2,101.7
C1091,INV-600904,2025-03-30 00:00:00,66.8,Sports & Outdoors,1,66.8
C1590,INV-602611,2025-03-30 00:00:00,106.07,Apparel & Designer Wear,1,106.07
C1091,INV-600904,2025-03-30 00:00:00,59.16,Apparel & Designer Wear,2,29.58
C1024,INV-600236,2025-03-30 00:00:00,64.12,Sports & Outdoors,1,64.12
C1071,INV-600705,2025-03-30 00:00:00,205.24,Electronics & Gadgets,1,205.24
C1071,INV-600705,2025-03-30 00:00:00,220.7,Sports & Outdoors,1,220.7
C1093,INV-600921,2025-03-30 00:00:00,65.59,Sports & Outdoors,1,65.59
C1093,INV-600921,2025-03-30 00:00:00,154.85,Gourmet Foods & Coffee,5,30.97
C1576,INV-602543,2025-03-30 00:00:00,90.0,Apparel & Designer Wear,1,90.0
C1024,INV-600236,2025-03-30 00:00:00,132.06,Sports & Outdoors,1,132.06
C1184,INV-601598,2025-03-30 00:00:00,152.96,Beauty & Wellness,8,19.12
C1576,INV-602543,2025-03-30 00:00:00,72.2,Apparel & Designer Wear,2,36.1
C1590,INV-602611,2025-03-30 00:00:00,60.86,Home & Smart Living,1,60.86
C1590,INV-602611,2025-03-30 00:00:00,60.91,Home & Smart Living,1,60.91
C1630,INV-602811,2025-03-30 00:00:00,235.59,Apparel & Designer Wear,3,78.53
C1143,INV-601289,2025-03-31 00:00:00,157.59,Gourmet Foods & Coffee,3,52.53
C1659,INV-602919,2025-03-31 00:00:00,342.3,Apparel & Designer Wear,10,34.23
C1019,INV-600185,2025-03-31 00:00:00,315.16,Electronics & Gadgets,1,315.16
C1616,INV-602741,2025-03-31 00:00:00,140.0,Apparel & Designer Wear,5,28.0
C1616,INV-602741,2025-03-31 00:00:00,138.33,Apparel & Designer Wear,3,46.11
C1739,INV-603028,2025-03-31 00:00:00,28.0,Apparel & Designer Wear,1,28.0
C1115,INV-601075,2025-03-31 00:00:00,56.31,Gourmet Foods & Coffee,3,18.77
C1185,INV-601607,2025-03-31 00:00:00,199.99,Apparel & Designer Wear,7,28.57
C1570,INV-602509,2025-03-31 00:00:00,65.0,Electronics & Gadgets,1,65.0
C1570,INV-602509,2025-03-31 00:00:00,78.45,Home & Smart Living,1,78.45
C1570,INV-602509,2025-03-31 00:00:00,121.44,Gourmet Foods & Coffee,2,60.72
C1131,INV-601199,2025-03-31 00:00:00,315.99,Electronics & Gadgets,1,315.99
C1153,INV-601370,2025-03-31 00:00:00,82.46,Beauty & Wellness,1,82.46
C1153,INV-601370,2025-03-31 00:00:00,75.17,Sports & Outdoors,1,75.17
C1153,INV-601370,2025-03-31 00:00:00,72.68,Gourmet Foods & Coffee,2,36.34
C1115,INV-601075,2025-03-31 00:00:00,61.2,Home & Smart Living,1,61.2
C1123,INV-601137,2025-03-31 00:00:00,159.52,Gourmet Foods & Coffee,4,39.88
C1169,INV-601487,2025-03-31 00:00:00,99.82,Sports & Outdoors,1,99.82
C1739,INV-603028,2025-03-31 00:00:00,35.0,Home & Smart Living,1,35.0
C1739,INV-603028,2025-03-31 00:00:00,65.0,Electronics & Gadgets,1,65.0
C1169,INV-601487,2025-03-31 00:00:00,59.02,Beauty & Wellness,1,59.02
C1169,INV-601487,2025-03-31 00:00:00,103.56,Apparel & Designer Wear,3,34.52
C1597,INV-602647,2025-03-31 00:00:00,115.84,Electronics & Gadgets,1,115.84
C1597,INV-602647,2025-03-31 00:00:00,153.18,Beauty & Wellness,6,25.53
C1115,INV-601075,2025-03-31 00:00:00,79.16,Sports & Outdoors,1,79.16
C1143,INV-601289,2025-03-31 00:00:00,65.6,Sports & Outdoors,1,65.6
C1097,INV-600946,2025-04-01 00:00:00,219.84,Apparel & Designer Wear,1,219.84
C1656,INV-602907,2025-04-01 00:00:00,272.73,Beauty & Wellness,3,90.91
C1061,INV-600604,2025-04-01 00:00:00,307.2,Beauty & Wellness,5,61.44
C1055,INV-600543,2025-04-01 00:00:00,184.53,Beauty & Wellness,3,61.51
C1055,INV-600543,2025-04-01 00:00:00,148.43,Electronics & Gadgets,1,148.43
C1195,INV-601685,2025-04-02 00:00:00,145.69,Apparel & Designer Wear,1,145.69
C1100,INV-600965,2025-04-02 00:00:00,45.6,Sports & Outdoors,1,45.6
C1100,INV-600965,2025-04-02 00:00:00,100.48,Electronics & Gadgets,1,100.48
C1100,INV-600965,2025-04-02 00:00:00,105.61,Apparel & Designer Wear,1,105.61
C1639,INV-602843,2025-04-02 00:00:00,159.42,Beauty & Wellness,3,53.14
C1639,INV-602843,2025-04-02 00:00:00,277.1,Sports & Outdoors,1,277.1
C1706,INV-602993,2025-04-02 00:00:00,28.0,Apparel & Designer Wear,1,28.0
C1712,INV-603001,2025-04-02 00:00:00,40.13,Apparel & Designer Wear,1,40.13
C1706,INV-602993,2025-04-02 00:00:00,29.48,Beauty & Wellness,1,29.48
C1681,INV-602956,2025-04-02 00:00:00,64.73,Apparel & Designer Wear,1,64.73
C1017,INV-600166,2025-04-02 00:00:00,188.61,Sports & Outdoors,3,62.87
C1017,INV-600166,2025-04-02 00:00:00,90.92,Home & Smart Living,1,90.92
C1172,INV-601513,2025-04-02 00:00:00,271.02,Electronics & Gadgets,1,271.02
C1195,INV-601685,2025-04-02 00:00:00,145.62,Beauty & Wellness,2,72.81
C1006,INV-600056,2025-04-03 00:00:00,183.47,Home & Smart Living,1,183.47
C1059,INV-600583,2025-04-03 00:00:00,142.33,Electronics & Gadgets,1,142.33
C1608,INV-602700,2025-04-03 00:00:00,189.83,Apparel & Designer Wear,1,189.83
C1059,INV-600583,2025-04-03 00:00:00,98.91,Apparel & Designer Wear,1,98.91
C1175,INV-601533,2025-04-03 00:00:00,77.28,Gourmet Foods & Coffee,3,25.76
C1032,INV-600315,2025-04-03 00:00:00,224.9,Home & Smart Living,1,224.9
C1175,INV-601533,2025-04-03 00:00:00,79.62,Beauty & Wellness,3,26.54
C1032,INV-600315,2025-04-03 00:00:00,96.98,Home & Smart Living,2,48.49
C1059,INV-600583,2025-04-03 00:00:00,129.71,Sports & Outdoors,1,129.71
C1175,INV-601533,2025-04-03 00:00:00,62.07,Beauty & Wellness,3,20.69
C1151,INV-601355,2025-04-03 00:00:00,74.5,Home & Smart Living,1,74.5
C1006,INV-600056,2025-04-03 00:00:00,100.5,Beauty & Wellness,1,100.5
C1039,INV-600383,2025-04-03 00:00:00,68.42,Gourmet Foods & Coffee,1,68.42
C1039,INV-600383,2025-04-03 00:00:00,139.11,Home & Smart Living,1,139.11
C1039,INV-600383,2025-04-03 00:00:00,98.4,Gourmet Foods & Coffee,1,98.4
C1151,INV-601355,2025-04-03 00:00:00,67.26,Apparel & Designer Wear,1,67.26
C1164,INV-601450,2025-04-04 00:00:00,300.09,Home & Smart Living,1,300.09
C1716,INV-603005,2025-04-04 00:00:00,33.22,Gourmet Foods & Coffee,1,33.22
C1016,INV-600157,2025-04-04 00:00:00,226.44,Gourmet Foods & Coffee,12,18.87
C1740,INV-603029,2025-04-04 00:00:00,18.02,Beauty & Wellness,1,18.02
C1740,INV-603029,2025-04-04 00:00:00,42.0,Sports & Outdoors,1,42.0
C1740,INV-603029,2025-04-04 00:00:00,65.0,Electronics & Gadgets,1,65.0
C1016,INV-600157,2025-04-04 00:00:00,138.32,Electronics & Gadgets,1,138.32
C1730,INV-603019,2025-04-05 00:00:00,32.77,Apparel & Designer Wear,1,32.77
C1605,INV-602689,2025-04-05 00:00:00,121.12,Beauty & Wellness,2,60.56
C1057,INV-600564,2025-04-05 00:00:00,373.04,Sports & Outdoors,4,93.26
C1047,INV-600464,2025-04-05 00:00:00,214.61,Gourmet Foods & Coffee,11,19.51
C1605,INV-602689,2025-04-05 00:00:00,81.8,Home & Smart Living,1,81.8
C1621,INV-602770,2025-04-05 00:00:00,80.36,Home & Smart Living,1,80.36
C1047,INV-600464,2025-04-05 00:00:00,147.98,Electronics & Gadgets,1,147.98
C1621,INV-602770,2025-04-05 00:00:00,66.06,Home & Smart Living,1,66.06
C1621,INV-602770,2025-04-05 00:00:00,102.31,Apparel & Designer Wear,1,102.31
C1633,INV-602821,2025-04-05 00:00:00,109.74,Beauty & Wellness,2,54.87
C1633,INV-602821,2025-04-05 00:00:00,102.35,Electronics & Gadgets,1,102.35
C1629,INV-602806,2025-04-05 00:00:00,290.9,Gourmet Foods & Coffee,5,58.18
C1633,INV-602821,2025-04-05 00:00:00,165.31,Sports & Outdoors,1,165.31
C1585,INV-602583,2025-04-06 00:00:00,155.7,Home & Smart Living,1,155.7
C1657,INV-602913,2025-04-06 00:00:00,136.77,Gourmet Foods & Coffee,3,45.59
C1587,INV-602593,2025-04-06 00:00:00,177.34,Electronics & Gadgets,1,177.34
C1657,INV-602913,2025-04-06 00:00:00,215.27,Sports & Outdoors,1,215.27
C1585,INV-602583,2025-04-06 00:00:00,154.95,Gourmet Foods & Coffee,5,30.99
C1041,INV-600405,2025-04-07 00:00:00,157.44,Beauty & Wellness,6,26.24
C1031,INV-600305,2025-04-07 00:00:00,396.08,Apparel & Designer Wear,4,99.02
C1700,INV-602982,2025-04-07 00:00:00,25.24,Gourmet Foods & Coffee,1,25.24
C1602,INV-602678,2025-04-07 00:00:00,160.16,Beauty & Wellness,7,22.88
C1567,INV-602497,2025-04-07 00:00:00,165.21,Beauty & Wellness,3,55.07
C1567,INV-602497,2025-04-07 00:00:00,77.65,Apparel & Designer Wear,1,77.65
C1041,INV-600405,2025-04-07 00:00:00,101.31,Sports & Outdoors,1,101.31
C1645,INV-602867,2025-04-07 00:00:00,132.63,Sports & Outdoors,1,132.63
C1062,INV-600615,2025-04-07 00:00:00,299.11,Apparel & Designer Wear,7,42.73
C1645,INV-602867,2025-04-07 00:00:00,139.07,Apparel & Designer Wear,1,139.07
C1044,INV-600434,2025-04-07 00:00:00,403.6,Home & Smart Living,4,100.9
C1602,INV-602678,2025-04-07 00:00:00,94.57,Home & Smart Living,1,94.57
C1645,INV-602867,2025-04-07 00:00:00,105.4,Electronics & Gadgets,1,105.4
C1041,INV-600405,2025-04-07 00:00:00,69.3,Home & Smart Living,1,69.3
C1582,INV-602568,2025-04-07 00:00:00,53.6,Gourmet Foods & Coffee,2,26.8
C1582,INV-602568,2025-04-07 00:00:00,64.54,Apparel & Designer Wear,1,64.54
C1582,INV-602568,2025-04-07 00:00:00,121.08,Sports & Outdoors,1,121.08
C1103,INV-600989,2025-04-07 00:00:00,86.75,Sports & Outdoors,1,86.75
C1606,INV-602691,2025-04-07 00:00:00,149.25,Beauty & Wellness,5,29.85
C1103,INV-600989,2025-04-07 00:00:00,138.49,Home & Smart Living,1,138.49
C1586,INV-602586,2025-04-08 00:00:00,213.24,Beauty & Wellness,3,71.08
C1122,INV-601127,2025-04-08 00:00:00,124.06,Sports & Outdoors,1,124.06
C1122,INV-601127,2025-04-08 00:00:00,130.47,Sports & Outdoors,3,43.49
C1084,INV-600832,2025-04-08 00:00:00,107.02,Electronics & Gadgets,1,107.02
C1084,INV-600832,2025-04-08 00:00:00,149.95,Sports & Outdoors,1,149.95
C1084,INV-600832,2025-04-08 00:00:00,139.99,Home & Smart Living,1,139.99
C1186,INV-601615,2025-04-08 00:00:00,92.2,Electronics & Gadgets,1,92.2
C1058,INV-600572,2025-04-08 00:00:00,147.78,Electronics & Gadgets,1,147.78
C1186,INV-601615,2025-04-08 00:00:00,106.37,Sports & Outdoors,1,106.37
C1186,INV-601615,2025-04-08 00:00:00,85.47,Electronics & Gadgets,1,85.47
C1042,INV-600415,2025-04-08 00:00:00,104.35,Gourmet Foods & Coffee,5,20.87
C1058,INV-600572,2025-04-08 00:00:00,107.59,Apparel & Designer Wear,1,107.59
C1042,INV-600415,2025-04-08 00:00:00,118.23,Electronics & Gadgets,1,118.23
C1004,INV-600033,2025-04-08 00:00:00,358.51,Electronics & Gadgets,1,358.51
C1058,INV-600572,2025-04-08 00:00:00,142.66,Beauty & Wellness,2,71.33
C1042,INV-600415,2025-04-08 00:00:00,65.0,Electronics & Gadgets,1,65.0
C1073,INV-600724,2025-04-08 00:00:00,61.87,Sports & Outdoors,1,61.87
C1073,INV-600724,2025-04-08 00:00:00,66.62,Home & Smart Living,1,66.62
C1073,INV-600724,2025-04-08 00:00:00,139.95,Home & Smart Living,1,139.95
C1187,INV-601625,2025-04-08 00:00:00,132.11,Home & Smart Living,1,132.11
C1187,INV-601625,2025-04-08 00:00:00,100.58,Sports & Outdoors,1,100.58
C1163,INV-601441,2025-04-09 00:00:00,190.04,Gourmet Foods & Coffee,4,47.51
C1575,INV-602539,2025-04-09 00:00:00,108.09,Electronics & Gadgets,1,108.09
C1627,INV-602800,2025-04-09 00:00:00,65.0,Electronics & Gadgets,1,65.0
C1054,INV-600534,2025-04-09 00:00:00,100.34,Sports & Outdoors,1,100.34
C1063,INV-600626,2025-04-09 00:00:00,367.62,Beauty & Wellness,6,61.27
C1068,INV-600674,2025-04-09 00:00:00,79.97,Apparel & Designer Wear,1,79.97
C1083,INV-600821,2025-04-09 00:00:00,133.34,Beauty & Wellness,2,66.67
C1627,INV-602800,2025-04-09 00:00:00,115.75,Beauty & Wellness,5,23.15
C1188,INV-601634,2025-04-09 00:00:00,75.8,Electronics & Gadgets,1,75.8
C1051,INV-600505,2025-04-09 00:00:00,101.23,Apparel & Designer Wear,1,101.23
C1051,INV-600505,2025-04-09 00:00:00,139.64,Apparel & Designer Wear,2,69.82
C1140,INV-601263,2025-04-09 00:00:00,233.93,Apparel & Designer Wear,1,233.93
C1068,INV-600674,2025-04-09 00:00:00,104.05,Apparel & Designer Wear,1,104.05
C1015,INV-600147,2025-04-09 00:00:00,262.76,Beauty & Wellness,2,131.38
C1575,INV-602539,2025-04-09 00:00:00,107.76,Home & Smart Living,1,107.76
C1068,INV-600674,2025-04-09 00:00:00,145.25,Gourmet Foods & Coffee,7,20.75
C1049,INV-600486,2025-04-09 00:00:00,92.86,Beauty & Wellness,2,46.43
C1049,INV-600486,2025-04-09 00:00:00,143.88,Beauty & Wellness,4,35.97
C1627,INV-602800,2025-04-09 00:00:00,62.03,Home & Smart Living,1,62.03
C1054,INV-600534,2025-04-09 00:00:00,81.84,Home & Smart Living,1,81.84
C1083,INV-600821,2025-04-09 00:00:00,157.99,Beauty & Wellness,7,22.57
C1083,INV-600821,2025-04-09 00:00:00,151.38,Apparel & Designer Wear,1,151.38
C1054,INV-600534,2025-04-09 00:00:00,126.34,Apparel & Designer Wear,2,63.17
C1188,INV-601634,2025-04-09 00:00:00,44.06,Home & Smart Living,1,44.06
C1188,INV-601634,2025-04-09 00:00:00,90.78,Sports & Outdoors,1,90.78
C1158,INV-601407,2025-04-10 00:00:00,48.4,Beauty & Wellness,1,48.4
C1589,INV-602604,2025-04-10 00:00:00,198.98,Home & Smart Living,1,198.98
C1709,INV-602998,2025-04-10 00:00:00,22.79,Beauty & Wellness,1,22.79
C1610,INV-602710,2025-04-10 00:00:00,73.2,Electronics & Gadgets,1,73.2
C1158,INV-601407,2025-04-10 00:00:00,98.52,Sports & Outdoors,2,49.26
C1709,INV-602998,2025-04-10 00:00:00,65.0,Electronics & Gadgets,1,65.0
C1604,INV-602684,2025-04-10 00:00:00,173.13,Apparel & Designer Wear,1,173.13
C1011,INV-600107,2025-04-10 00:00:00,107.05,Apparel & Designer Wear,1,107.05
C1158,INV-601407,2025-04-10 00:00:00,64.87,Sports & Outdoors,1,64.87
C1011,INV-600107,2025-04-10 00:00:00,117.62,Home & Smart Living,1,117.62
C1612,INV-602718,2025-04-10 00:00:00,85.63,Apparel & Designer Wear,1,85.63
C1011,INV-600107,2025-04-10 00:00:00,159.96,Electronics & Gadgets,1,159.96
C1612,INV-602718,2025-04-10 00:00:00,99.76,Home & Smart Living,1,99.76
C1610,INV-602710,2025-04-10 00:00:00,88.44,Home & Smart Living,1,88.44
C1028,INV-600274,2025-04-10 00:00:00,215.46,Gourmet Foods & Coffee,7,30.78
C1610,INV-602710,2025-04-10 00:00:00,100.48,Sports & Outdoors,1,100.48
C1612,INV-602718,2025-04-10 00:00:00,88.07,Electronics & Gadgets,1,88.07
C1604,INV-602684,2025-04-10 00:00:00,120.88,Apparel & Designer Wear,1,120.88
C1709,INV-602998,2025-04-10 00:00:00,65.0,Electronics & Gadgets,1,65.0
C1170,INV-601495,2025-04-11 00:00:00,130.68,Electronics & Gadgets,1,130.68
C1563,INV-602472,2025-04-11 00:00:00,122.16,Beauty & Wellness,2,61.08
C1626,INV-602795,2025-04-11 00:00:00,330.39,Electronics & Gadgets,1,330.39
C1563,INV-602472,2025-04-11 00:00:00,94.3,Apparel & Designer Wear,1,94.3
C1064,INV-600636,2025-04-11 00:00:00,107.95,Sports & Outdoors,1,107.95
C1064,INV-600636,2025-04-11 00:00:00,92.26,Home & Smart Living,1,92.26
C1563,INV-602472,2025-04-11 00:00:00,54.16,Gourmet Foods & Coffee,2,27.08
C1170,INV-601495,2025-04-11 00:00:00,133.56,Gourmet Foods & Coffee,2,66.78
C1092,INV-600911,2025-04-11 00:00:00,82.26,Electronics & Gadgets,1,82.26
C1029,INV-600284,2025-04-11 00:00:00,438.06,Gourmet Foods & Coffee,21,20.86
C1112,INV-601051,2025-04-11 00:00:00,165.12,Gourmet Foods & Coffee,3,55.04
C1106,INV-601009,2025-04-11 00:00:00,132.44,Electronics & Gadgets,1,132.44
C1092,INV-600911,2025-04-11 00:00:00,91.04,Gourmet Foods & Coffee,1,91.04
C1092,INV-600911,2025-04-11 00:00:00,61.24,Beauty & Wellness,1,61.24
C1167,INV-601471,2025-04-12 00:00:00,42.17,Sports & Outdoors,1,42.17
C1045,INV-600444,2025-04-12 00:00:00,433.17,Beauty & Wellness,9,48.13
C1167,INV-601471,2025-04-12 00:00:00,62.94,Gourmet Foods & Coffee,2,31.47
C1595,INV-602636,2025-04-12 00:00:00,69.59,Electronics & Gadgets,1,69.59
C1595,INV-602636,2025-04-12 00:00:00,112.92,Gourmet Foods & Coffee,2,56.46
C1167,INV-601471,2025-04-12 00:00:00,90.84,Beauty & Wellness,1,90.84
C1595,INV-602636,2025-04-12 00:00:00,47.61,Sports & Outdoors,1,47.61
C1568,INV-602501,2025-04-12 00:00:00,334.7,Apparel & Designer Wear,5,66.94
C1056,INV-600554,2025-04-12 00:00:00,106.32,Sports & Outdoors,1,106.32
C1056,INV-600554,2025-04-12 00:00:00,216.27,Electronics & Gadgets,1,216.27
C1157,INV-601398,2025-04-12 00:00:00,181.17,Beauty & Wellness,3,60.39
C1702,INV-602985,2025-04-12 00:00:00,35.0,Home & Smart Living,1,35.0
C1702,INV-602985,2025-04-12 00:00:00,42.0,Sports & Outdoors,1,42.0
C1192,INV-601662,2025-04-12 00:00:00,151.64,Sports & Outdoors,1,151.64
C1180,INV-601571,2025-04-12 00:00:00,80.04,Apparel & Designer Wear,1,80.04
C1180,INV-601571,2025-04-12 00:00:00,76.52,Beauty & Wellness,4,19.13
C1150,INV-601349,2025-04-13 00:00:00,79.92,Beauty & Wellness,3,26.64
C1580,INV-602561,2025-04-13 00:00:00,194.84,Electronics & Gadgets,1,194.84
C1125,INV-601152,2025-04-13 00:00:00,153.15,Beauty & Wellness,3,51.05
C1085,INV-600844,2025-04-13 00:00:00,113.41,Home & Smart Living,1,113.41
C1085,INV-600844,2025-04-13 00:00:00,205.28,Beauty & Wellness,2,102.64
C1640,INV-602848,2025-04-13 00:00:00,276.7,Apparel & Designer Wear,2,138.35
C1150,INV-601349,2025-04-13 00:00:00,115.16,Gourmet Foods & Coffee,4,28.79
C1168,INV-601480,2025-04-13 00:00:00,148.14,Gourmet Foods & Coffee,6,24.69
C1130,INV-601191,2025-04-13 00:00:00,66.92,Gourmet Foods & Coffee,4,16.73
C1130,INV-601191,2025-04-13 00:00:00,66.44,Apparel & Designer Wear,1,66.44
C1168,INV-601480,2025-04-13 00:00:00,147.65,Apparel & Designer Wear,5,29.53
C1696,INV-602975,2025-04-13 00:00:00,35.0,Home & Smart Living,1,35.0
C1696,INV-602975,2025-04-13 00:00:00,28.74,Gourmet Foods & Coffee,1,28.74
C1130,INV-601191,2025-04-13 00:00:00,103.64,Sports & Outdoors,1,103.64
C1693,INV-602971,2025-04-14 00:00:00,16.2,Gourmet Foods & Coffee,1,16.2
C1624,INV-602785,2025-04-14 00:00:00,92.37,Gourmet Foods & Coffee,1,92.37
C1628,INV-602804,2025-04-14 00:00:00,209.66,Sports & Outdoors,1,209.66
C1693,INV-602971,2025-04-14 00:00:00,42.0,Sports & Outdoors,1,42.0
C1128,INV-601174,2025-04-14 00:00:00,88.35,Gourmet Foods & Coffee,5,17.67
C1087,INV-600864,2025-04-14 00:00:00,136.64,Apparel & Designer Wear,2,68.32
C1624,INV-602785,2025-04-14 00:00:00,63.88,Gourmet Foods & Coffee,2,31.94
C1087,INV-600864,2025-04-14 00:00:00,119.88,Electronics & Gadgets,1,119.88
C1087,INV-600864,2025-04-14 00:00:00,147.24,Home & Smart Living,1,147.24
C1693,INV-602971,2025-04-14 00:00:00,28.0,Apparel & Designer Wear,1,28.0
C1624,INV-602785,2025-04-14 00:00:00,58.65,Apparel & Designer Wear,1,58.65
C1128,INV-601174,2025-04-14 00:00:00,91.09,Sports & Outdoors,1,91.09
C1601,INV-602669,2025-04-14 00:00:00,312.54,Gourmet Foods & Coffee,6,52.09
C1118,INV-601098,2025-04-14 00:00:00,67.0,Sports & Outdoors,1,67.0
C1118,INV-601098,2025-04-14 00:00:00,80.59,Home & Smart Living,1,80.59
C1128,INV-601174,2025-04-14 00:00:00,62.18,Gourmet Foods & Coffee,2,31.09
C1137,INV-601241,2025-04-15 00:00:00,102.6,Home & Smart Living,2,51.3
C1599,INV-602658,2025-04-15 00:00:00,124.87,Home & Smart Living,1,124.87
C1599,INV-602658,2025-04-15 00:00:00,88.8,Apparel & Designer Wear,1,88.8
C1599,INV-602658,2025-04-15 00:00:00,123.33,Gourmet Foods & Coffee,3,41.11
C1116,INV-601083,2025-04-15 00:00:00,222.45,Beauty & Wellness,5,44.49
C1105,INV-601003,2025-04-15 00:00:00,58.93,Sports & Outdoors,1,58.93
C1137,INV-601241,2025-04-15 00:00:00,123.32,Gourmet Foods & Coffee,4,30.83
C1105,INV-601003,2025-04-15 00:00:00,50.67,Gourmet Foods & Coffee,3,16.89
C1637,INV-602836,2025-04-15 00:00:00,599.04,Home & Smart Living,2,299.52
C1583,INV-602572,2025-04-15 00:00:00,364.42,Home & Smart Living,2,182.21
C1571,INV-602516,2025-04-15 00:00:00,191.1,Apparel & Designer Wear,6,31.85
C1105,INV-601003,2025-04-15 00:00:00,60.82,Sports & Outdoors,1,60.82
C1622,INV-602776,2025-04-15 00:00:00,343.04,Gourmet Foods & Coffee,8,42.88
C1578,INV-602552,2025-04-15 00:00:00,233.1,Gourmet Foods & Coffee,10,23.31
C1614,INV-602733,2025-04-16 00:00:00,133.67,Electronics & Gadgets,1,133.67
C1159,INV-601415,2025-04-16 00:00:00,268.33,Sports & Outdoors,1,268.33
C1165,INV-601457,2025-04-16 00:00:00,152.85,Gourmet Foods & Coffee,3,50.95
C1574,INV-602532,2025-04-16 00:00:00,124.38,Gourmet Foods & Coffee,2,62.19
C1574,INV-602532,2025-04-16 00:00:00,70.95,Beauty & Wellness,3,23.65
C1614,INV-602733,2025-04-16 00:00:00,189.1,Gourmet Foods & Coffee,5,37.82
C1574,INV-602532,2025-04-16 00:00:00,84.53,Electronics & Gadgets,1,84.53
C1018,INV-600175,2025-04-16 00:00:00,93.12,Beauty & Wellness,2,46.56
C1165,INV-601457,2025-04-16 00:00:00,115.33,Electronics & Gadgets,1,115.33
C1679,INV-602952,2025-04-16 00:00:00,29.48,Apparel & Designer Wear,1,29.48
C1065,INV-600645,2025-04-16 00:00:00,384.96,Sports & Outdoors,2,192.48
C1018,INV-600175,2025-04-16 00:00:00,186.0,Gourmet Foods & Coffee,6,31.0
C1089,INV-600884,2025-04-17 00:00:00,77.93,Home & Smart Living,1,77.93
C1566,INV-602490,2025-04-17 00:00:00,152.2,Beauty & Wellness,4,38.05
C1089,INV-600884,2025-04-17 00:00:00,127.2,Beauty & Wellness,2,63.6
C1139,INV-601253,2025-04-17 00:00:00,120.72,Apparel & Designer Wear,1,120.72
C1149,INV-601339,2025-04-17 00:00:00,103.24,Apparel & Designer Wear,2,51.62
C1089,INV-600884,2025-04-17 00:00:00,125.86,Sports & Outdoors,2,62.93
C1600,INV-602662,2025-04-17 00:00:00,263.35,Sports & Outdoors,1,263.35
C1149,INV-601339,2025-04-17 00:00:00,65.0,Electronics & Gadgets,1,65.0
C1172,INV-601512,2025-04-17 00:00:00,115.3,Apparel & Designer Wear,2,57.65
C1172,INV-601512,2025-04-17 00:00:00,151.06,Apparel & Designer Wear,2,75.53
C1149,INV-601339,2025-04-17 00:00:00,50.2,Sports & Outdoors,1,50.2
C1607,INV-602695,2025-04-17 00:00:00,327.3,Sports & Outdoors,2,163.65
C1566,INV-602490,2025-04-17 00:00:00,164.21,Home & Smart Living,1,164.21
C1691,INV-602968,2025-04-18 00:00:00,51.74,Home & Smart Living,1,51.74
C1135,INV-601227,2025-04-18 00:00:00,70.72,Home & Smart Living,1,70.72
C1169,INV-601486,2025-04-18 00:00:00,73.91,Apparel & Designer Wear,1,73.91
C1169,INV-601486,2025-04-18 00:00:00,65.0,Electronics & Gadgets,1,65.0
C1069,INV-600685,2025-04-18 00:00:00,449.16,Home & Smart Living,2,224.58
C1129,INV-601181,2025-04-18 00:00:00,60.59,Home & Smart Living,1,60.59
C1129,INV-601181,2025-04-18 00:00:00,65.0,Electronics & Gadgets,1,65.0
C1005,INV-600044,2025-04-18 00:00:00,154.51,Electronics & Gadgets,1,154.51
C1005,INV-600044,2025-04-18 00:00:00,102.76,Gourmet Foods & Coffee,7,14.68
C1129,INV-601181,2025-04-18 00:00:00,71.89,Sports & Outdoors,1,71.89
C1091,INV-600903,2025-04-18 00:00:00,247.08,Beauty & Wellness,2,123.54
C1169,INV-601486,2025-04-18 00:00:00,70.24,Gourmet Foods & Coffee,2,35.12
C1135,INV-601227,2025-04-18 00:00:00,121.55,Electronics & Gadgets,1,121.55
C1110,INV-601038,2025-04-18 00:00:00,67.54,Apparel & Designer Wear,1,67.54
C1110,INV-601038,2025-04-18 00:00:00,72.6,Gourmet Foods & Coffee,2,36.3
C1040,INV-600394,2025-04-18 00:00:00,137.14,Electronics & Gadgets,2,68.57
C1040,INV-600394,2025-04-18 00:00:00,87.2,Beauty & Wellness,4,21.8
C1040,INV-600394,2025-04-18 00:00:00,157.5,Gourmet Foods & Coffee,3,52.5
C1579,INV-602555,2025-04-18 00:00:00,99.82,Beauty & Wellness,2,49.91
C1579,INV-602555,2025-04-18 00:00:00,73.94,Sports & Outdoors,1,73.94
C1591,INV-602615,2025-04-18 00:00:00,127.43,Sports & Outdoors,1,127.43
C1591,INV-602615,2025-04-18 00:00:00,114.55,Electronics & Gadgets,1,114.55
C1579,INV-602555,2025-04-18 00:00:00,86.7,Sports & Outdoors,1,86.7
C1101,INV-600975,2025-04-18 00:00:00,49.68,Gourmet Foods & Coffee,2,24.84
C1101,INV-600975,2025-04-18 00:00:00,97.26,Apparel & Designer Wear,2,48.63
C1101,INV-600975,2025-04-18 00:00:00,97.22,Gourmet Foods & Coffee,2,48.61
C1005,INV-600044,2025-04-18 00:00:00,76.16,Home & Smart Living,1,76.16
C1110,INV-601038,2025-04-18 00:00:00,40.28,Beauty & Wellness,2,20.14
C1046,INV-600453,2025-04-19 00:00:00,68.7,Electronics & Gadgets,1,68.7
C1648,INV-602880,2025-04-19 00:00:00,349.2,Gourmet Foods & Coffee,12,29.1
C1021,INV-600206,2025-04-19 00:00:00,170.41,Sports & Outdoors,1,170.41
C1021,INV-600206,2025-04-19 00:00:00,106.63,Electronics & Gadgets,1,106.63
C1046,INV-600453,2025-04-19 00:00:00,151.68,Beauty & Wellness,8,18.96
C1572,INV-602520,2025-04-19 00:00:00,159.56,Electronics & Gadgets,1,159.56
C1194,INV-601677,2025-04-19 00:00:00,103.41,Electronics & Gadgets,1,103.41
C1194,INV-601677,2025-04-19 00:00:00,82.94,Home & Smart Living,1,82.94
C1046,INV-600453,2025-04-19 00:00:00,92.61,Sports & Outdoors,1,92.61
C1076,INV-600753,2025-04-20 00:00:00,147.4,Gourmet Foods & Coffee,4,36.85
C1076,INV-600753,2025-04-20 00:00:00,121.68,Sports & Outdoors,1,121.68
C1034,INV-600336,2025-04-20 00:00:00,100.38,Gourmet Foods & Coffee,2,50.19
C1109,INV-601031,2025-04-20 00:00:00,69.73,Beauty & Wellness,1,69.73
C1598,INV-602652,2025-04-20 00:00:00,74.37,Electronics & Gadgets,1,74.37
C1109,INV-601031,2025-04-20 00:00:00,92.34,Gourmet Foods & Coffee,3,30.78
C1198,INV-601706,2025-04-20 00:00:00,277.28,Beauty & Wellness,4,69.32
C1109,INV-601031,2025-04-20 00:00:00,46.77,Gourmet Foods & Coffee,1,46.77
C1034,INV-600336,2025-04-20 00:00:00,190.92,Beauty & Wellness,6,31.82
C1598,INV-602652,2025-04-20 00:00:00,172.13,Electronics & Gadgets,1,172.13
C1007,INV-600065,2025-04-21 00:00:00,121.27,Beauty & Wellness,1,121.27
C1193,INV-601669,2025-04-21 00:00:00,152.85,Home & Smart Living,1,152.85
C1193,INV-601669,2025-04-21 00:00:00,90.29,Apparel & Designer Wear,1,90.29
C1007,INV-600065,2025-04-21 00:00:00,102.67,Sports & Outdoors,1,102.67
C1007,INV-600065,2025-04-21 00:00:00,91.73,Sports & Outdoors,1,91.73
C1649,INV-602884,2025-04-21 00:00:00,134.96,Electronics & Gadgets,1,134.96
C1027,INV-600264,2025-04-21 00:00:00,375.88,Beauty & Wellness,4,93.97
C1649,INV-602884,2025-04-21 00:00:00,173.5,Home & Smart Living,1,173.5
C1649,INV-602884,2025-04-21 00:00:00,138.63,Sports & Outdoors,1,138.63
C1588,INV-602598,2025-04-22 00:00:00,121.81,Apparel & Designer Wear,1,121.81
C1588,INV-602598,2025-04-22 00:00:00,73.9,Electronics & Gadgets,1,73.9
C1119,INV-601106,2025-04-22 00:00:00,69.55,Sports & Outdoors,1,69.55
C1141,INV-601273,2025-04-22 00:00:00,149.56,Electronics & Gadgets,1,149.56
C1141,INV-601273,2025-04-22 00:00:00,102.86,Apparel & Designer Wear,1,102.86
C1111,INV-601045,2025-04-22 00:00:00,44.36,Apparel & Designer Wear,1,44.36
C1119,INV-601106,2025-04-22 00:00:00,151.08,Beauty & Wellness,4,37.77
C1142,INV-601282,2025-04-22 00:00:00,73.78,Gourmet Foods & Coffee,1,73.78
C1111,INV-601045,2025-04-22 00:00:00,98.73,Apparel & Designer Wear,1,98.73
C1111,INV-601045,2025-04-22 00:00:00,65.0,Electronics & Gadgets,1,65.0
C1142,INV-601282,2025-04-22 00:00:00,81.07,Apparel & Designer Wear,1,81.07
C1641,INV-602853,2025-04-23 00:00:00,147.18,Beauty & Wellness,2,73.59
C1618,INV-602755,2025-04-23 00:00:00,108.72,Sports & Outdoors,1,108.72
C1186,INV-601614,2025-04-23 00:00:00,212.44,Apparel & Designer Wear,1,212.44
C1641,INV-602853,2025-04-23 00:00:00,291.2,Beauty & Wellness,13,22.4
C1038,INV-600373,2025-04-23 00:00:00,452.83,Gourmet Foods & Coffee,7,64.69
C1618,INV-602755,2025-04-23 00:00:00,103.0,Sports & Outdoors,1,103.0
C1187,INV-601624,2025-04-23 00:00:00,48.57,Gourmet Foods & Coffee,1,48.57
C1187,INV-601624,2025-04-23 00:00:00,78.88,Apparel & Designer Wear,1,78.88
C1025,INV-600245,2025-04-23 00:00:00,220.2,Beauty & Wellness,5,44.04
C1618,INV-602755,2025-04-23 00:00:00,96.56,Beauty & Wellness,4,24.14
C1187,INV-601624,2025-04-23 00:00:00,57.15,Beauty & Wellness,1,57.15
C1153,INV-601369,2025-04-24 00:00:00,92.78,Sports & Outdoors,1,92.78
C1026,INV-600255,2025-04-24 00:00:00,66.24,Gourmet Foods & Coffee,3,22.08
C1026,INV-600255,2025-04-24 00:00:00,112.54,Beauty & Wellness,2,56.27
C1075,INV-600743,2025-04-24 00:00:00,67.1,Gourmet Foods & Coffee,2,33.55
C1175,INV-601532,2025-04-24 00:00:00,51.95,Beauty & Wellness,1,51.95
C1175,INV-601532,2025-04-24 00:00:00,98.0,Gourmet Foods & Coffee,7,14.0
C1026,INV-600255,2025-04-24 00:00:00,116.09,Apparel & Designer Wear,1,116.09
C1024,INV-600235,2025-04-24 00:00:00,170.02,Sports & Outdoors,1,170.02
C1153,INV-601369,2025-04-24 00:00:00,47.99,Beauty & Wellness,1,47.99
C1153,INV-601369,2025-04-24 00:00:00,51.36,Gourmet Foods & Coffee,2,25.68
C1024,INV-600235,2025-04-24 00:00:00,178.77,Apparel & Designer Wear,1,178.77
C1175,INV-601532,2025-04-24 00:00:00,65.0,Electronics & Gadgets,1,65.0
C1075,INV-600743,2025-04-24 00:00:00,139.68,Gourmet Foods & Coffee,4,34.92
C1075,INV-600743,2025-04-24 00:00:00,72.74,Sports & Outdoors,1,72.74
C1630,INV-602810,2025-04-24 00:00:00,215.52,Beauty & Wellness,3,71.84
C1023,INV-600225,2025-04-24 00:00:00,220.72,Electronics & Gadgets,2,110.36
C1630,INV-602810,2025-04-24 00:00:00,150.09,Electronics & Gadgets,1,150.09
C1573,INV-602525,2025-04-25 00:00:00,123.81,Apparel & Designer Wear,3,41.27
C1164,INV-601449,2025-04-25 00:00:00,97.93,Home & Smart Living,1,97.93
C1156,INV-601389,2025-04-25 00:00:00,105.99,Home & Smart Living,1,105.99
C1156,INV-601389,2025-04-25 00:00:00,56.9,Beauty & Wellness,1,56.9
C1039,INV-600382,2025-04-25 00:00:00,448.96,Electronics & Gadgets,4,112.24
C1156,INV-601389,2025-04-25 00:00:00,60.08,Home & Smart Living,1,60.08
C1569,INV-602503,2025-04-25 00:00:00,127.55,Beauty & Wellness,5,25.51
C1596,INV-602640,2025-04-25 00:00:00,326.1,Gourmet Foods & Coffee,15,21.74
C1653,INV-602897,2025-04-25 00:00:00,191.56,Apparel & Designer Wear,1,191.56
C1078,INV-600773,2025-04-25 00:00:00,441.1,Sports & Outdoors,10,44.11
C1016,INV-600156,2025-04-25 00:00:00,186.48,Beauty & Wellness,9,20.72
C1617,INV-602746,2025-04-25 00:00:00,169.62,Electronics & Gadgets,1,169.62
C1653,INV-602897,2025-04-25 00:00:00,173.76,Gourmet Foods & Coffee,3,57.92
C1146,INV-601315,2025-04-25 00:00:00,153.65,Electronics & Gadgets,1,153.65
C1016,INV-600156,2025-04-25 00:00:00,217.08,Beauty & Wellness,4,54.27
C1653,INV-602897,2025-04-25 00:00:00,179.94,Beauty & Wellness,6,29.99
C1146,INV-601315,2025-04-25 00:00:00,157.84,Beauty & Wellness,4,39.46
C1164,INV-601449,2025-04-25 00:00:00,61.26,Home & Smart Living,1,61.26
C1573,INV-602525,2025-04-25 00:00:00,59.51,Beauty & Wellness,1,59.51
C1569,INV-602503,2025-04-25 00:00:00,105.48,Home & Smart Living,1,105.48
C1573,INV-602525,2025-04-25 00:00:00,99.98,Home & Smart Living,1,99.98
C1569,INV-602503,2025-04-25 00:00:00,97.46,Sports & Outdoors,1,97.46
C1164,INV-601449,2025-04-25 00:00:00,102.76,Home & Smart Living,1,102.76
C1690,INV-602966,2025-04-26 00:00:00,39.94,Beauty & Wellness,1,39.94
C1161,INV-601428,2025-04-26 00:00:00,218.22,Home & Smart Living,1,218.22
C1690,INV-602966,2025-04-26 00:00:00,18.0,Beauty & Wellness,1,18.0
C1088,INV-600871,2025-04-27 00:00:00,437.04,Apparel & Designer Wear,8,54.63
C1708,INV-602996,2025-04-27 00:00:00,28.0,Apparel & Designer Wear,1,28.0
C1062,INV-600614,2025-04-27 00:00:00,250.38,Gourmet Foods & Coffee,9,27.82
C1009,INV-600086,2025-04-27 00:00:00,126.58,Beauty & Wellness,2,63.29
C1022,INV-600216,2025-04-27 00:00:00,360.72,Beauty & Wellness,4,90.18
C1133,INV-601212,2025-04-27 00:00:00,61.2,Apparel & Designer Wear,1,61.2
C1148,INV-601330,2025-04-27 00:00:00,65.0,Electronics & Gadgets,1,65.0
C1009,INV-600086,2025-04-27 00:00:00,190.23,Sports & Outdoors,1,190.23
C1708,INV-602996,2025-04-27 00:00:00,17.19,Gourmet Foods & Coffee,1,17.19
C1623,INV-602779,2025-04-27 00:00:00,170.68,Beauty & Wellness,2,85.34
C1074,INV-600734,2025-04-27 00:00:00,107.17,Home & Smart Living,1,107.17
C1133,INV-601212,2025-04-27 00:00:00,63.01,Apparel & Designer Wear,1,63.01
C1133,INV-601212,2025-04-27 00:00:00,80.5,Home & Smart Living,1,80.5
C1148,INV-601330,2025-04-27 00:00:00,106.36,Electronics & Gadgets,1,106.36
C1148,INV-601330,2025-04-27 00:00:00,86.81,Home & Smart Living,1,86.81
C1074,INV-600734,2025-04-27 00:00:00,107.65,Gourmet Foods & Coffee,5,21.53
C1623,INV-602779,2025-04-27 00:00:00,136.44,Beauty & Wellness,2,68.22
C1708,INV-602996,2025-04-27 00:00:00,65.0,Electronics & Gadgets,1,65.0
C1143,INV-601288,2025-04-28 00:00:00,87.29,Home & Smart Living,1,87.29
C1160,INV-601421,2025-04-28 00:00:00,58.56,Apparel & Designer Wear,1,58.56
C1160,INV-601421,2025-04-28 00:00:00,72.25,Gourmet Foods & Coffee,1,72.25
C1160,INV-601421,2025-04-28 00:00:00,101.56,Home & Smart Living,2,50.78
C1584,INV-602576,2025-04-28 00:00:00,104.4,Sports & Outdoors,1,104.4
C1608,INV-602699,2025-04-28 00:00:00,80.85,Sports & Outdoors,1,80.85
C1608,INV-602699,2025-04-28 00:00:00,59.0,Apparel & Designer Wear,1,59.0
C1584,INV-602576,2025-04-28 00:00:00,117.77,Sports & Outdoors,1,117.77
C1584,INV-602576,2025-04-28 00:00:00,76.03,Electronics & Gadgets,1,76.03
C1189,INV-601639,2025-04-28 00:00:00,146.72,Home & Smart Living,2,73.36
C1608,INV-602699,2025-04-28 00:00:00,56.44,Apparel & Designer Wear,1,56.44
C1189,INV-601639,2025-04-28 00:00:00,88.38,Sports & Outdoors,1,88.38
C1117,INV-601090,2025-04-28 00:00:00,90.51,Sports & Outdoors,1,90.51
C1121,INV-601120,2025-04-28 00:00:00,61.51,Home & Smart Living,1,61.51
C1082,INV-600811,2025-04-28 00:00:00,396.42,Apparel & Designer Wear,3,132.14
C1004,INV-600032,2025-04-28 00:00:00,75.74,Sports & Outdoors,1,75.74
C1121,INV-601120,2025-04-28 00:00:00,53.81,Sports & Outdoors,1,53.81
C1494,INV-602362,2025-04-28 00:00:00,58.82,Home & Smart Living,1,58.82
C1004,INV-600032,2025-04-28 00:00:00,118.42,Electronics & Gadgets,1,118.42
C1494,INV-602362,2025-04-28 00:00:00,48.56,Apparel & Designer Wear,1,48.56
C1177,INV-601548,2025-04-28 00:00:00,51.79,Gourmet Foods & Coffee,1,51.79
C1177,INV-601548,2025-04-28 00:00:00,67.97,Electronics & Gadgets,1,67.97
C1117,INV-601090,2025-04-28 00:00:00,68.59,Apparel & Designer Wear,1,68.59
C1143,INV-601288,2025-04-28 00:00:00,58.12,Apparel & Designer Wear,1,58.12
C1143,INV-601288,2025-04-28 00:00:00,105.2,Beauty & Wellness,4,26.3
C1004,INV-600032,2025-04-28 00:00:00,66.1,Sports & Outdoors,1,66.1
C1117,INV-601090,2025-04-28 00:00:00,62.72,Beauty & Wellness,2,31.36
C1121,INV-601120,2025-04-28 00:00:00,42.93,Apparel & Designer Wear,1,42.93
C1177,INV-601548,2025-04-28 00:00:00,69.56,Electronics & Gadgets,1,69.56
C1144,INV-601299,2025-04-29 00:00:00,103.52,Electronics & Gadgets,1,103.52
C1565,INV-602483,2025-04-29 00:00:00,193.83,Gourmet Foods & Coffee,7,27.69
C1035,INV-600345,2025-04-29 00:00:00,103.82,Electronics & Gadgets,1,103.82
C1081,INV-600804,2025-04-29 00:00:00,211.11,Gourmet Foods & Coffee,3,70.37
C1144,INV-601299,2025-04-29 00:00:00,50.74,Gourmet Foods & Coffee,1,50.74
C1151,INV-601354,2025-04-29 00:00:00,155.98,Electronics & Gadgets,1,155.98
C1081,INV-600804,2025-04-29 00:00:00,109.05,Gourmet Foods & Coffee,5,21.81
C1012,INV-600115,2025-04-29 00:00:00,92.05,Sports & Outdoors,1,92.05
C1035,INV-600345,2025-04-29 00:00:00,94.83,Apparel & Designer Wear,1,94.83
C1565,INV-602483,2025-04-29 00:00:00,74.13,Home & Smart Living,1,74.13
C1643,INV-602859,2025-04-29 00:00:00,289.68,Gourmet Foods & Coffee,8,36.21
C1144,INV-601299,2025-04-29 00:00:00,93.83,Apparel & Designer Wear,1,93.83
C1085,INV-600843,2025-04-29 00:00:00,145.94,Apparel & Designer Wear,1,145.94
C1085,INV-600843,2025-04-29 00:00:00,170.04,Apparel & Designer Wear,4,42.51
C1035,INV-600345,2025-04-29 00:00:00,112.11,Apparel & Designer Wear,1,112.11
C1012,INV-600115,2025-04-29 00:00:00,238.84,Apparel & Designer Wear,1,238.84
C1672,INV-602939,2025-04-30 00:00:00,28.0,Apparel & Designer Wear,1,28.0
C1672,INV-602939,2025-04-30 00:00:00,14.0,Gourmet Foods & Coffee,1,14.0
C1043,INV-600424,2025-04-30 00:00:00,212.44,Sports & Outdoors,1,212.44
C1094,INV-600927,2025-04-30 00:00:00,293.29,Home & Smart Living,1,293.29
C1043,INV-600424,2025-04-30 00:00:00,204.61,Electronics & Gadgets,1,204.61
C1006,INV-600055,2025-04-30 00:00:00,457.68,Sports & Outdoors,2,228.84
C1601,INV-602668,2025-04-30 00:00:00,207.13,Electronics & Gadgets,1,207.13
C1080,INV-600795,2025-04-30 00:00:00,108.9,Apparel & Designer Wear,3,36.3
C1080,INV-600795,2025-04-30 00:00:00,61.44,Apparel & Designer Wear,1,61.44
C1047,INV-600463,2025-04-30 00:00:00,178.04,Beauty & Wellness,4,44.51
C1080,INV-600795,2025-04-30 00:00:00,64.58,Sports & Outdoors,1,64.58
C1136,INV-601234,2025-04-30 00:00:00,217.8,Beauty & Wellness,3,72.6
C1047,INV-600463,2025-04-30 00:00:00,179.1,Beauty & Wellness,5,35.82
C1672,INV-602939,2025-04-30 00:00:00,35.0,Home & Smart Living,1,35.0
C1593,INV-602623,2025-05-01 00:00:00,58.05,Beauty & Wellness,1,58.05
C1619,INV-602759,2025-05-01 00:00:00,92.25,Home & Smart Living,1,92.25
C1619,INV-602759,2025-05-01 00:00:00,92.42,Gourmet Foods & Coffee,1,92.42
C1593,INV-602623,2025-05-01 00:00:00,120.72,Home & Smart Living,1,120.72
C1619,INV-602759,2025-05-01 00:00:00,130.0,Electronics & Gadgets,2,65.0
C1610,INV-602709,2025-05-01 00:00:00,103.69,Home & Smart Living,1,103.69
C1610,INV-602709,2025-05-01 00:00:00,120.86,Electronics & Gadgets,1,120.86
C1610,INV-602709,2025-05-01 00:00:00,126.09,Apparel & Designer Wear,3,42.03
C1131,INV-601198,2025-05-01 00:00:00,48.2,Home & Smart Living,1,48.2
C1196,INV-601693,2025-05-01 00:00:00,122.87,Apparel & Designer Wear,1,122.87
C1196,INV-601693,2025-05-01 00:00:00,100.57,Sports & Outdoors,1,100.57
C1131,INV-601198,2025-05-01 00:00:00,40.35,Apparel & Designer Wear,1,40.35
C1593,INV-602623,2025-05-01 00:00:00,128.91,Electronics & Gadgets,1,128.91
C1041,INV-600404,2025-05-01 00:00:00,327.6,Beauty & Wellness,14,23.4
C1131,INV-601198,2025-05-01 00:00:00,83.5,Apparel & Designer Wear,2,41.75
C1077,INV-600763,2025-05-02 00:00:00,93.15,Gourmet Foods & Coffee,3,31.05
C1049,INV-600485,2025-05-02 00:00:00,155.05,Home & Smart Living,1,155.05
C1188,INV-601633,2025-05-02 00:00:00,143.04,Gourmet Foods & Coffee,8,17.88
C1188,INV-601633,2025-05-02 00:00:00,87.75,Sports & Outdoors,1,87.75
C1077,INV-600763,2025-05-02 00:00:00,88.92,Home & Smart Living,2,44.46
C1077,INV-600763,2025-05-02 00:00:00,134.94,Sports & Outdoors,1,134.94
C1049,INV-600485,2025-05-02 00:00:00,199.17,Beauty & Wellness,3,66.39
C1033,INV-600326,2025-05-02 00:00:00,146.36,Home & Smart Living,4,36.59
C1033,INV-600326,2025-05-02 00:00:00,70.32,Beauty & Wellness,3,23.44
C1033,INV-600326,2025-05-02 00:00:00,69.31,Sports & Outdoors,1,69.31
C1003,INV-600023,2025-05-02 00:00:00,79.05,Beauty & Wellness,3,26.35
C1615,INV-602735,2025-05-02 00:00:00,101.87,Electronics & Gadgets,1,101.87
C1615,INV-602735,2025-05-02 00:00:00,71.12,Sports & Outdoors,1,71.12
C1003,INV-600023,2025-05-02 00:00:00,107.27,Sports & Outdoors,1,107.27
C1615,INV-602735,2025-05-02 00:00:00,89.22,Beauty & Wellness,1,89.22
C1003,INV-600023,2025-05-02 00:00:00,132.34,Apparel & Designer Wear,1,132.34
C1118,INV-601097,2025-05-03 00:00:00,51.84,Sports & Outdoors,1,51.84
C1110,INV-601037,2025-05-03 00:00:00,105.98,Apparel & Designer Wear,1,105.98
C1110,INV-601037,2025-05-03 00:00:00,151.4,Electronics & Gadgets,1,151.4
C1594,INV-602629,2025-05-03 00:00:00,50.95,Sports & Outdoors,1,50.95
C1581,INV-602566,2025-05-03 00:00:00,123.74,Apparel & Designer Wear,1,123.74
C1594,INV-602629,2025-05-03 00:00:00,125.45,Apparel & Designer Wear,1,125.45
C1594,INV-602629,2025-05-03 00:00:00,94.26,Gourmet Foods & Coffee,2,47.13
C1581,INV-602566,2025-05-03 00:00:00,51.87,Sports & Outdoors,1,51.87
C1010,INV-600097,2025-05-03 00:00:00,215.54,Apparel & Designer Wear,1,215.54
C1087,INV-600863,2025-05-03 00:00:00,267.5,Home & Smart Living,1,267.5
C1118,INV-601097,2025-05-03 00:00:00,46.22,Home & Smart Living,1,46.22
C1581,INV-602566,2025-05-03 00:00:00,60.91,Sports & Outdoors,1,60.91
C1118,INV-601097,2025-05-03 00:00:00,72.57,Sports & Outdoors,1,72.57
C1693,INV-602970,2025-05-04 00:00:00,35.0,Home & Smart Living,1,35.0
C1590,INV-602610,2025-05-04 00:00:00,150.32,Sports & Outdoors,1,150.32
C1123,INV-601136,2025-05-04 00:00:00,135.63,Sports & Outdoors,1,135.63
C1563,INV-602471,2025-05-04 00:00:00,356.72,Sports & Outdoors,2,178.36
C1483,INV-602332,2025-05-04 00:00:00,51.61,Gourmet Foods & Coffee,1,51.61
C1483,INV-602332,2025-05-04 00:00:00,35.06,Home & Smart Living,1,35.06
C1574,INV-602531,2025-05-04 00:00:00,127.14,Beauty & Wellness,6,21.19
C1611,INV-602714,2025-05-04 00:00:00,70.28,Home & Smart Living,1,70.28
C1157,INV-601397,2025-05-04 00:00:00,81.73,Electronics & Gadgets,1,81.73
C1611,INV-602714,2025-05-04 00:00:00,118.6,Home & Smart Living,1,118.6
C1611,INV-602714,2025-05-04 00:00:00,106.34,Apparel & Designer Wear,2,53.17
C1057,INV-600563,2025-05-04 00:00:00,444.6,Sports & Outdoors,3,148.2
C1157,INV-601397,2025-05-04 00:00:00,139.98,Electronics & Gadgets,2,69.99
C1101,INV-600974,2025-05-04 00:00:00,122.79,Apparel & Designer Wear,3,40.93
C1008,INV-600074,2025-05-04 00:00:00,278.04,Beauty & Wellness,3,92.68
C1037,INV-600362,2025-05-04 00:00:00,146.1,Home & Smart Living,1,146.1
C1574,INV-602531,2025-05-04 00:00:00,75.55,Gourmet Foods & Coffee,1,75.55
C1037,INV-600362,2025-05-04 00:00:00,76.6,Beauty & Wellness,2,38.3
C1066,INV-600654,2025-05-04 00:00:00,417.75,Apparel & Designer Wear,3,139.25
C1037,INV-600362,2025-05-04 00:00:00,141.35,Apparel & Designer Wear,1,141.35
C1590,INV-602610,2025-05-04 00:00:00,113.31,Sports & Outdoors,1,113.31
C1574,INV-602531,2025-05-04 00:00:00,113.95,Beauty & Wellness,1,113.95
C1020,INV-600196,2025-05-04 00:00:00,154.72,Gourmet Foods & Coffee,2,77.36
C1020,INV-600196,2025-05-04 00:00:00,90.95,Apparel & Designer Wear,1,90.95
C1020,INV-600196,2025-05-04 00:00:00,150.4,Beauty & Wellness,4,37.6
C1129,INV-601180,2025-05-05 00:00:00,176.68,Sports & Outdoors,1,176.68
C1182,INV-601583,2025-05-05 00:00:00,47.44,Home & Smart Living,1,47.44
C1182,INV-601583,2025-05-05 00:00:00,62.34,Gourmet Foods & Coffee,1,62.34
C1182,INV-601583,2025-05-05 00:00:00,73.47,Beauty & Wellness,1,73.47
C1140,INV-601262,2025-05-05 00:00:00,138.72,Beauty & Wellness,4,34.68
C1092,INV-600910,2025-05-05 00:00:00,96.42,Apparel & Designer Wear,2,48.21
C1597,INV-602646,2025-05-05 00:00:00,66.83,Home & Smart Living,1,66.83
C1597,INV-602646,2025-05-05 00:00:00,80.08,Sports & Outdoors,1,80.08
C1613,INV-602726,2025-05-05 00:00:00,281.95,Apparel & Designer Wear,1,281.95
C1092,INV-600910,2025-05-05 00:00:00,132.66,Sports & Outdoors,2,66.33
C1582,INV-602567,2025-05-05 00:00:00,186.7,Beauty & Wellness,2,93.35
C1030,INV-600294,2025-05-05 00:00:00,303.8,Sports & Outdoors,2,151.9
C1582,INV-602567,2025-05-05 00:00:00,175.48,Apparel & Designer Wear,1,175.48
C1647,INV-602874,2025-05-05 00:00:00,275.49,Sports & Outdoors,1,275.49
C1570,INV-602508,2025-05-05 00:00:00,81.31,Sports & Outdoors,1,81.31
C1570,INV-602508,2025-05-05 00:00:00,113.43,Gourmet Foods & Coffee,3,37.81
C1570,INV-602508,2025-05-05 00:00:00,115.94,Sports & Outdoors,2,57.97
C1647,INV-602874,2025-05-05 00:00:00,204.24,Electronics & Gadgets,1,204.24
C1597,INV-602646,2025-05-05 00:00:00,47.26,Gourmet Foods & Coffee,1,47.26
C1127,INV-601168,2025-05-06 00:00:00,92.93,Sports & Outdoors,1,92.93
C1575,INV-602538,2025-05-06 00:00:00,104.36,Electronics & Gadgets,1,104.36
C1102,INV-600981,2025-05-06 00:00:00,75.22,Electronics & Gadgets,1,75.22
C1102,INV-600981,2025-05-06 00:00:00,76.88,Home & Smart Living,1,76.88
C1079,INV-600783,2025-05-06 00:00:00,116.68,Home & Smart Living,2,58.34
C1127,INV-601168,2025-05-06 00:00:00,88.95,Electronics & Gadgets,1,88.95
C1127,INV-601168,2025-05-06 00:00:00,105.79,Beauty & Wellness,1,105.79
C1079,INV-600783,2025-05-06 00:00:00,181.56,Apparel & Designer Wear,3,60.52
C1575,INV-602538,2025-05-06 00:00:00,122.4,Apparel & Designer Wear,1,122.4
C1097,INV-600945,2025-05-06 00:00:00,103.29,Sports & Outdoors,1,103.29
C1097,INV-600945,2025-05-06 00:00:00,73.2,Beauty & Wellness,2,36.6
C1135,INV-601226,2025-05-06 00:00:00,298.5,Beauty & Wellness,3,99.5
C1114,INV-601065,2025-05-06 00:00:00,188.76,Beauty & Wellness,2,94.38
C1017,INV-600165,2025-05-06 00:00:00,62.9,Home & Smart Living,1,62.9
C1575,INV-602538,2025-05-06 00:00:00,95.93,Home & Smart Living,1,95.93
C1017,INV-600165,2025-05-06 00:00:00,152.91,Sports & Outdoors,1,152.91
C1017,INV-600165,2025-05-06 00:00:00,127.5,Sports & Outdoors,1,127.5
C1102,INV-600981,2025-05-06 00:00:00,67.8,Gourmet Foods & Coffee,2,33.9
C1564,INV-602477,2025-05-07 00:00:00,290.65,Electronics & Gadgets,1,290.65
C1620,INV-602765,2025-05-07 00:00:00,230.99,Apparel & Designer Wear,1,230.99
C1130,INV-601190,2025-05-07 00:00:00,125.01,Sports & Outdoors,1,125.01
C1130,INV-601190,2025-05-07 00:00:00,77.97,Beauty & Wellness,3,25.99
C1201,INV-601726,2025-05-07 00:00:00,160.42,Beauty & Wellness,2,80.21
C1070,INV-600693,2025-05-07 00:00:00,76.38,Apparel & Designer Wear,1,76.38
C1128,INV-601173,2025-05-07 00:00:00,155.16,Beauty & Wellness,2,77.58
C1124,INV-601145,2025-05-07 00:00:00,97.32,Gourmet Foods & Coffee,2,48.66
C1124,INV-601145,2025-05-07 00:00:00,152.57,Beauty & Wellness,1,152.57
C1070,INV-600693,2025-05-07 00:00:00,106.88,Sports & Outdoors,1,106.88
C1128,INV-601173,2025-05-07 00:00:00,82.04,Home & Smart Living,1,82.04
C1070,INV-600693,2025-05-07 00:00:00,145.21,Apparel & Designer Wear,1,145.21
C1602,INV-602677,2025-05-07 00:00:00,65.0,Electronics & Gadgets,1,65.0
C1602,INV-602677,2025-05-07 00:00:00,124.52,Electronics & Gadgets,1,124.52
C1602,INV-602677,2025-05-07 00:00:00,84.05,Beauty & Wellness,1,84.05
C1105,INV-601002,2025-05-08 00:00:00,227.49,Electronics & Gadgets,1,227.49
C1677,INV-602948,2025-05-08 00:00:00,65.0,Electronics & Gadgets,1,65.0
C1677,INV-602948,2025-05-08 00:00:00,65.0,Electronics & Gadgets,1,65.0
C1677,INV-602948,2025-05-08 00:00:00,35.0,Home & Smart Living,1,35.0
C1001,INV-600006,2025-05-08 00:00:00,146.64,Apparel & Designer Wear,2,73.32
C1001,INV-600006,2025-05-08 00:00:00,137.31,Apparel & Designer Wear,1,137.31
C1083,INV-600820,2025-05-08 00:00:00,127.17,Apparel & Designer Wear,1,127.17
C1025,INV-600244,2025-05-08 00:00:00,190.86,Gourmet Foods & Coffee,6,31.81
C1025,INV-600244,2025-05-08 00:00:00,97.58,Electronics & Gadgets,1,97.58
C1001,INV-600006,2025-05-08 00:00:00,130.44,Apparel & Designer Wear,4,32.61
C1083,INV-600820,2025-05-08 00:00:00,92.18,Home & Smart Living,1,92.18
C1059,INV-600582,2025-05-09 00:00:00,145.5,Apparel & Designer Wear,1,145.5
C1115,INV-601074,2025-05-09 00:00:00,66.54,Gourmet Foods & Coffee,3,22.18
C1191,INV-601654,2025-05-09 00:00:00,71.1,Home & Smart Living,1,71.1
C1191,INV-601654,2025-05-09 00:00:00,67.4,Gourmet Foods & Coffee,1,67.4
C1061,INV-600603,2025-05-09 00:00:00,78.72,Home & Smart Living,1,78.72
C1107,INV-601017,2025-05-09 00:00:00,117.3,Beauty & Wellness,2,58.65
C1107,INV-601017,2025-05-09 00:00:00,138.13,Home & Smart Living,1,138.13
C1059,INV-600582,2025-05-09 00:00:00,82.98,Gourmet Foods & Coffee,1,82.98
C1059,INV-600582,2025-05-09 00:00:00,70.03,Apparel & Designer Wear,1,70.03
C1614,INV-602732,2025-05-09 00:00:00,329.22,Home & Smart Living,2,164.61
C1115,INV-601074,2025-05-09 00:00:00,139.48,Apparel & Designer Wear,2,69.74
C1202,INV-601734,2025-05-09 00:00:00,101.45,Beauty & Wellness,1,101.45
C1132,INV-601206,2025-05-09 00:00:00,52.84,Gourmet Foods & Coffee,1,52.84
C1061,INV-600603,2025-05-09 00:00:00,107.13,Home & Smart Living,1,107.13
C1132,INV-601206,2025-05-09 00:00:00,57.96,Gourmet Foods & Coffee,1,57.96
C1132,INV-601206,2025-05-09 00:00:00,75.72,Apparel & Designer Wear,2,37.86
C1061,INV-600603,2025-05-09 00:00:00,92.54,Electronics & Gadgets,1,92.54
C1202,INV-601734,2025-05-09 00:00:00,79.22,Sports & Outdoors,1,79.22
C1591,INV-602614,2025-05-10 00:00:00,107.2,Apparel & Designer Wear,1,107.2
C1028,INV-600273,2025-05-10 00:00:00,129.23,Electronics & Gadgets,1,129.23
C1176,INV-601542,2025-05-10 00:00:00,85.69,Home & Smart Living,1,85.69
C1176,INV-601542,2025-05-10 00:00:00,69.44,Sports & Outdoors,1,69.44
C1158,INV-601406,2025-05-10 00:00:00,243.03,Apparel & Designer Wear,3,81.01
C1176,INV-601542,2025-05-10 00:00:00,87.42,Home & Smart Living,1,87.42
C1193,INV-601668,2025-05-10 00:00:00,137.95,Electronics & Gadgets,1,137.95
C1063,INV-600625,2025-05-10 00:00:00,127.48,Beauty & Wellness,2,63.74
C1028,INV-600273,2025-05-10 00:00:00,135.29,Home & Smart Living,1,135.29
C1093,INV-600920,2025-05-10 00:00:00,162.82,Apparel & Designer Wear,2,81.41
C1591,INV-602614,2025-05-10 00:00:00,162.93,Gourmet Foods & Coffee,3,54.31
C1193,INV-601668,2025-05-10 00:00:00,70.09,Apparel & Designer Wear,1,70.09
C1063,INV-600625,2025-05-10 00:00:00,148.44,Gourmet Foods & Coffee,4,37.11
C1472,INV-602297,2025-05-11 00:00:00,140.35,Apparel & Designer Wear,1,140.35
C1604,INV-602683,2025-05-11 00:00:00,130.0,Electronics & Gadgets,2,65.0
C1604,INV-602683,2025-05-11 00:00:00,141.18,Electronics & Gadgets,1,141.18
C1200,INV-601721,2025-05-11 00:00:00,211.32,Gourmet Foods & Coffee,3,70.44
C1005,INV-600043,2025-05-11 00:00:00,96.61,Home & Smart Living,1,96.61
C1072,INV-600714,2025-05-11 00:00:00,99.74,Sports & Outdoors,1,99.74
C1072,INV-600714,2025-05-11 00:00:00,194.19,Electronics & Gadgets,1,194.19
C1005,INV-600043,2025-05-11 00:00:00,103.84,Electronics & Gadgets,1,103.84
C1706,INV-602992,2025-05-12 00:00:00,28.0,Apparel & Designer Wear,1,28.0
C1706,INV-602992,2025-05-12 00:00:00,35.0,Home & Smart Living,1,35.0
C1002,INV-600014,2025-05-12 00:00:00,98.48,Electronics & Gadgets,1,98.48
C1002,INV-600014,2025-05-12 00:00:00,112.91,Beauty & Wellness,1,112.91
C1002,INV-600014,2025-05-12 00:00:00,128.03,Electronics & Gadgets,1,128.03
C1013,INV-600126,2025-05-12 00:00:00,152.1,Gourmet Foods & Coffee,2,76.05
C1055,INV-600542,2025-05-12 00:00:00,426.49,Sports & Outdoors,1,426.49
C1013,INV-600126,2025-05-12 00:00:00,69.04,Gourmet Foods & Coffee,1,69.04
C1179,INV-601562,2025-05-12 00:00:00,152.19,Electronics & Gadgets,1,152.19
C1179,INV-601562,2025-05-12 00:00:00,78.63,Gourmet Foods & Coffee,3,26.21
C1013,INV-600126,2025-05-12 00:00:00,121.75,Electronics & Gadgets,1,121.75
C1060,INV-600592,2025-05-12 00:00:00,156.4,Gourmet Foods & Coffee,4,39.1
C1060,INV-600592,2025-05-12 00:00:00,205.5,Beauty & Wellness,2,102.75
C1120,INV-601112,2025-05-12 00:00:00,284.1,Beauty & Wellness,3,94.7
C1170,INV-601494,2025-05-13 00:00:00,92.71,Electronics & Gadgets,1,92.71
C1170,INV-601494,2025-05-13 00:00:00,134.43,Electronics & Gadgets,1,134.43
C1090,INV-600894,2025-05-13 00:00:00,109.14,Apparel & Designer Wear,2,54.57
C1090,INV-600894,2025-05-13 00:00:00,98.9,Gourmet Foods & Coffee,2,49.45
C1090,INV-600894,2025-05-13 00:00:00,127.5,Sports & Outdoors,1,127.5
C1050,INV-600497,2025-05-13 00:00:00,78.29,Home & Smart Living,1,78.29
C1073,INV-600723,2025-05-13 00:00:00,134.9,Sports & Outdoors,1,134.9
C1073,INV-600723,2025-05-13 00:00:00,229.2,Beauty & Wellness,10,22.92
C1067,INV-600663,2025-05-13 00:00:00,427.7,Beauty & Wellness,5,85.54
C1711,INV-603000,2025-05-13 00:00:00,23.55,Beauty & Wellness,1,23.55
C1014,INV-600137,2025-05-13 00:00:00,111.11,Electronics & Gadgets,1,111.11
C1185,INV-601606,2025-05-13 00:00:00,109.48,Beauty & Wellness,2,54.74
C1711,INV-603000,2025-05-13 00:00:00,26.42,Gourmet Foods & Coffee,1,26.42
C1185,INV-601606,2025-05-13 00:00:00,113.56,Sports & Outdoors,1,113.56
C1577,INV-602547,2025-05-13 00:00:00,150.72,Apparel & Designer Wear,3,50.24
C1050,INV-600497,2025-05-13 00:00:00,87.18,Beauty & Wellness,2,43.59
C1014,INV-600137,2025-05-13 00:00:00,198.63,Gourmet Foods & Coffee,3,66.21
C1062,INV-600613,2025-05-13 00:00:00,101.4,Beauty & Wellness,3,33.8
C1062,INV-600613,2025-05-13 00:00:00,134.79,Home & Smart Living,1,134.79
C1062,INV-600613,2025-05-13 00:00:00,99.55,Gourmet Foods & Coffee,1,99.55
C1050,INV-600497,2025-05-13 00:00:00,147.84,Home & Smart Living,3,49.28
C1577,INV-602547,2025-05-13 00:00:00,127.91,Apparel & Designer Wear,1,127.91
C1592,INV-602621,2025-05-14 00:00:00,76.35,Electronics & Gadgets,1,76.35
C1031,INV-600304,2025-05-14 00:00:00,159.12,Beauty & Wellness,2,79.56
C1592,INV-602621,2025-05-14 00:00:00,86.89,Apparel & Designer Wear,1,86.89
C1031,INV-600304,2025-05-14 00:00:00,234.99,Beauty & Wellness,3,78.33
C1609,INV-602707,2025-05-14 00:00:00,193.62,Sports & Outdoors,1,193.62
C1141,INV-601272,2025-05-14 00:00:00,95.73,Home & Smart Living,1,95.73
C1141,INV-601272,2025-05-14 00:00:00,159.08,Apparel & Designer Wear,2,79.54
C1576,INV-602542,2025-05-14 00:00:00,62.08,Home & Smart Living,1,62.08
C1576,INV-602542,2025-05-14 00:00:00,108.42,Sports & Outdoors,1,108.42
C1576,INV-602542,2025-05-14 00:00:00,64.1,Gourmet Foods & Coffee,1,64.1
C1592,INV-602621,2025-05-14 00:00:00,50.83,Sports & Outdoors,1,50.83
C1190,INV-601644,2025-05-14 00:00:00,61.58,Apparel & Designer Wear,1,61.58
C1609,INV-602707,2025-05-14 00:00:00,123.16,Sports & Outdoors,1,123.16
C1190,INV-601644,2025-05-14 00:00:00,92.39,Beauty & Wellness,1,92.39
C1676,INV-602946,2025-05-14 00:00:00,65.0,Electronics & Gadgets,1,65.0
C1676,INV-602946,2025-05-14 00:00:00,17.08,Gourmet Foods & Coffee,1,17.08
C1190,INV-601644,2025-05-14 00:00:00,84.17,Sports & Outdoors,1,84.17
C1045,INV-600443,2025-05-15 00:00:00,183.76,Gourmet Foods & Coffee,4,45.94
C1198,INV-601705,2025-05-15 00:00:00,103.96,Sports & Outdoors,2,51.98
C1150,INV-601348,2025-05-15 00:00:00,54.42,Apparel & Designer Wear,1,54.42
C1150,INV-601348,2025-05-15 00:00:00,41.97,Apparel & Designer Wear,1,41.97
C1150,INV-601348,2025-05-15 00:00:00,88.52,Electronics & Gadgets,1,88.52
C1045,INV-600443,2025-05-15 00:00:00,93.86,Electronics & Gadgets,1,93.86
C1625,INV-602788,2025-05-15 00:00:00,61.36,Apparel & Designer Wear,1,61.36
C1198,INV-601705,2025-05-15 00:00:00,53.92,Home & Smart Living,1,53.92
C1608,INV-602698,2025-05-15 00:00:00,57.32,Gourmet Foods & Coffee,2,28.66
C1625,INV-602788,2025-05-15 00:00:00,111.45,Home & Smart Living,1,111.45
C1608,INV-602698,2025-05-15 00:00:00,128.3,Home & Smart Living,1,128.3
C1608,INV-602698,2025-05-15 00:00:00,89.16,Home & Smart Living,1,89.16
C1198,INV-601705,2025-05-15 00:00:00,49.35,Beauty & Wellness,1,49.35
C1625,INV-602788,2025-05-15 00:00:00,112.35,Home & Smart Living,1,112.35
C1700,INV-602981,2025-05-15 00:00:00,52.72,Home & Smart Living,1,52.72
C1015,INV-600146,2025-05-16 00:00:00,290.2,Gourmet Foods & Coffee,4,72.55
C1056,INV-600553,2025-05-16 00:00:00,106.28,Beauty & Wellness,2,53.14
C1172,INV-601511,2025-05-16 00:00:00,287.64,Apparel & Designer Wear,3,95.88
C1159,INV-601414,2025-05-16 00:00:00,41.44,Gourmet Foods & Coffee,2,20.72
C1159,INV-601414,2025-05-16 00:00:00,81.14,Gourmet Foods & Coffee,2,40.57
C1159,INV-601414,2025-05-16 00:00:00,94.78,Home & Smart Living,1,94.78
C1056,INV-600553,2025-05-16 00:00:00,73.43,Home & Smart Living,1,73.43
C1056,INV-600553,2025-05-16 00:00:00,124.08,Gourmet Foods & Coffee,4,31.02
C1069,INV-600684,2025-05-17 00:00:00,183.87,Electronics & Gadgets,1,183.87
C1009,INV-600085,2025-05-17 00:00:00,213.87,Beauty & Wellness,3,71.29
C1587,INV-602592,2025-05-17 00:00:00,129.57,Gourmet Foods & Coffee,3,43.19
C1048,INV-600473,2025-05-17 00:00:00,397.96,Home & Smart Living,4,99.49
C1052,INV-600514,2025-05-17 00:00:00,197.52,Apparel & Designer Wear,4,49.38
C1052,INV-600514,2025-05-17 00:00:00,96.98,Beauty & Wellness,1,96.98
C1019,INV-600184,2025-05-17 00:00:00,78.82,Gourmet Foods & Coffee,2,39.41
C1069,INV-600684,2025-05-17 00:00:00,231.62,Electronics & Gadgets,1,231.62
C1195,INV-601684,2025-05-17 00:00:00,65.0,Electronics & Gadgets,1,65.0
C1187,INV-601623,2025-05-17 00:00:00,131.3,Beauty & Wellness,2,65.65
C1009,INV-600085,2025-05-17 00:00:00,217.76,Home & Smart Living,1,217.76
C1053,INV-600524,2025-05-17 00:00:00,207.68,Gourmet Foods & Coffee,8,25.96
C1195,INV-601684,2025-05-17 00:00:00,105.88,Beauty & Wellness,4,26.47
C1019,INV-600184,2025-05-17 00:00:00,104.97,Electronics & Gadgets,1,104.97
C1019,INV-600184,2025-05-17 00:00:00,155.42,Sports & Outdoors,1,155.42
C1053,INV-600524,2025-05-17 00:00:00,127.58,Gourmet Foods & Coffee,2,63.79
C1587,INV-602592,2025-05-17 00:00:00,92.59,Sports & Outdoors,1,92.59
C1195,INV-601684,2025-05-17 00:00:00,75.0,Gourmet Foods & Coffee,3,25.0
C1187,INV-601623,2025-05-17 00:00:00,75.83,Gourmet Foods & Coffee,1,75.83
C1490,INV-602351,2025-05-17 00:00:00,135.77,Apparel & Designer Wear,1,135.77
C1587,INV-602592,2025-05-17 00:00:00,86.14,Gourmet Foods & Coffee,1,86.14
C1080,INV-600794,2025-05-17 00:00:00,353.8,Gourmet Foods & Coffee,5,70.76
C1149,INV-601338,2025-05-18 00:00:00,73.62,Apparel & Designer Wear,1,73.62
C1149,INV-601338,2025-05-18 00:00:00,96.2,Beauty & Wellness,1,96.2
C1618,INV-602754,2025-05-18 00:00:00,56.61,Gourmet Foods & Coffee,1,56.61
C1618,INV-602754,2025-05-18 00:00:00,65.29,Home & Smart Living,1,65.29
C1618,INV-602754,2025-05-18 00:00:00,65.0,Electronics & Gadgets,1,65.0
C1149,INV-601338,2025-05-18 00:00:00,69.16,Apparel & Designer Wear,2,34.58
C1145,INV-601307,2025-05-18 00:00:00,104.08,Apparel & Designer Wear,1,104.08
C1184,INV-601597,2025-05-18 00:00:00,87.47,Gourmet Foods & Coffee,1,87.47
C1184,INV-601597,2025-05-18 00:00:00,68.05,Sports & Outdoors,1,68.05
C1607,INV-602694,2025-05-18 00:00:00,271.38,Sports & Outdoors,2,135.69
C1145,INV-601307,2025-05-18 00:00:00,145.7,Beauty & Wellness,1,145.7
C1184,INV-601597,2025-05-18 00:00:00,54.74,Home & Smart Living,1,54.74
C1171,INV-601503,2025-05-18 00:00:00,99.8,Gourmet Foods & Coffee,5,19.96
C1171,INV-601503,2025-05-18 00:00:00,144.01,Beauty & Wellness,1,144.01
C1071,INV-600704,2025-05-19 00:00:00,121.21,Sports & Outdoors,1,121.21
C1139,INV-601252,2025-05-19 00:00:00,98.02,Sports & Outdoors,1,98.02
C1466,INV-602281,2025-05-19 00:00:00,49.61,Sports & Outdoors,1,49.61
C1139,INV-601252,2025-05-19 00:00:00,69.18,Apparel & Designer Wear,1,69.18
C1139,INV-601252,2025-05-19 00:00:00,91.96,Sports & Outdoors,1,91.96
C1466,INV-602281,2025-05-19 00:00:00,35.0,Home & Smart Living,1,35.0
C1466,INV-602281,2025-05-19 00:00:00,24.61,Gourmet Foods & Coffee,1,24.61
C1563,INV-602470,2025-05-19 00:00:00,182.18,Home & Smart Living,1,182.18
C1144,INV-601298,2025-05-19 00:00:00,118.64,Beauty & Wellness,1,118.64
C1180,INV-601570,2025-05-19 00:00:00,278.56,Home & Smart Living,4,69.64
C1088,INV-600870,2025-05-19 00:00:00,271.4,Gourmet Foods & Coffee,5,54.28
C1144,INV-601298,2025-05-19 00:00:00,76.12,Home & Smart Living,1,76.12
C1568,INV-602500,2025-05-19 00:00:00,88.55,Electronics & Gadgets,1,88.55
C1175,INV-601531,2025-05-19 00:00:00,159.62,Gourmet Foods & Coffee,2,79.81
C1568,INV-602500,2025-05-19 00:00:00,84.0,Sports & Outdoors,2,42.0
C1071,INV-600704,2025-05-19 00:00:00,98.4,Gourmet Foods & Coffee,2,49.2
C1071,INV-600704,2025-05-19 00:00:00,123.4,Beauty & Wellness,5,24.68
C1701,INV-602984,2025-05-19 00:00:00,41.62,Home & Smart Living,1,41.62
C1175,INV-601531,2025-05-19 00:00:00,153.62,Apparel & Designer Wear,1,153.62
C1480,INV-602321,2025-05-20 00:00:00,42.0,Sports & Outdoors,1,42.0
C1480,INV-602321,2025-05-20 00:00:00,65.0,Electronics & Gadgets,1,65.0
C1155,INV-601382,2025-05-20 00:00:00,88.8,Gourmet Foods & Coffee,2,44.4
C1082,INV-600810,2025-05-20 00:00:00,415.64,Apparel & Designer Wear,4,103.91
C1098,INV-600954,2025-05-20 00:00:00,304.08,Beauty & Wellness,7,43.44
C1040,INV-600393,2025-05-20 00:00:00,167.58,Sports & Outdoors,1,167.58
C1155,INV-601382,2025-05-20 00:00:00,60.32,Gourmet Foods & Coffee,2,30.16
C1099,INV-600959,2025-05-20 00:00:00,98.14,Sports & Outdoors,1,98.14
C1054,INV-600533,2025-05-20 00:00:00,66.82,Sports & Outdoors,1,66.82
C1054,INV-600533,2025-05-20 00:00:00,112.54,Home & Smart Living,1,112.54
C1645,INV-602866,2025-05-20 00:00:00,579.57,Sports & Outdoors,3,193.19
C1036,INV-600353,2025-05-20 00:00:00,90.54,Apparel & Designer Wear,2,45.27
C1585,INV-602582,2025-05-20 00:00:00,70.48,Sports & Outdoors,1,70.48
C1036,INV-600353,2025-05-20 00:00:00,74.14,Gourmet Foods & Coffee,2,37.07
C1585,INV-602582,2025-05-20 00:00:00,147.34,Sports & Outdoors,1,147.34
C1036,INV-600353,2025-05-20 00:00:00,127.21,Electronics & Gadgets,1,127.21
C1086,INV-600853,2025-05-20 00:00:00,199.28,Beauty & Wellness,4,49.82
C1086,INV-600853,2025-05-20 00:00:00,114.57,Home & Smart Living,1,114.57
C1040,INV-600393,2025-05-20 00:00:00,115.04,Home & Smart Living,2,57.52
C1099,INV-600959,2025-05-20 00:00:00,134.38,Electronics & Gadgets,1,134.38
C1054,INV-600533,2025-05-20 00:00:00,95.81,Sports & Outdoors,1,95.81
C1035,INV-600344,2025-05-21 00:00:00,304.79,Home & Smart Living,1,304.79
C1162,INV-601435,2025-05-21 00:00:00,65.0,Electronics & Gadgets,1,65.0
C1134,INV-601217,2025-05-21 00:00:00,145.8,Gourmet Foods & Coffee,2,72.9
C1162,INV-601435,2025-05-21 00:00:00,84.0,Sports & Outdoors,2,42.0
C1122,INV-601126,2025-05-21 00:00:00,123.53,Home & Smart Living,1,123.53
C1617,INV-602745,2025-05-21 00:00:00,327.42,Gourmet Foods & Coffee,17,19.26
C1598,INV-602651,2025-05-21 00:00:00,135.16,Apparel & Designer Wear,1,135.16
C1598,INV-602651,2025-05-21 00:00:00,112.89,Electronics & Gadgets,1,112.89
C1134,INV-601217,2025-05-21 00:00:00,137.06,Beauty & Wellness,1,137.06
C1162,INV-601435,2025-05-21 00:00:00,65.0,Electronics & Gadgets,1,65.0
C1106,INV-601008,2025-05-22 00:00:00,56.5,Gourmet Foods & Coffee,2,28.25
C1106,INV-601008,2025-05-22 00:00:00,52.84,Sports & Outdoors,1,52.84
C1106,INV-601008,2025-05-22 00:00:00,46.53,Beauty & Wellness,1,46.53
C1684,INV-602959,2025-05-22 00:00:00,14.0,Gourmet Foods & Coffee,1,14.0
C1684,INV-602959,2025-05-22 00:00:00,65.0,Electronics & Gadgets,1,65.0
C1684,INV-602959,2025-05-22 00:00:00,19.87,Gourmet Foods & Coffee,1,19.87
C1177,INV-601547,2025-05-22 00:00:00,70.29,Gourmet Foods & Coffee,3,23.43
C1620,INV-602764,2025-05-22 00:00:00,116.56,Electronics & Gadgets,1,116.56
C1620,INV-602764,2025-05-22 00:00:00,84.0,Apparel & Designer Wear,3,28.0
C1068,INV-600673,2025-05-22 00:00:00,364.87,Home & Smart Living,1,364.87
C1177,INV-601547,2025-05-22 00:00:00,65.0,Electronics & Gadgets,1,65.0
C1177,INV-601547,2025-05-22 00:00:00,98.32,Gourmet Foods & Coffee,2,49.16
C1620,INV-602764,2025-05-22 00:00:00,54.12,Apparel & Designer Wear,1,54.12
C1637,INV-602835,2025-05-22 00:00:00,485.82,Sports & Outdoors,2,242.91
C1044,INV-600433,2025-05-23 00:00:00,123.13,Sports & Outdoors,1,123.13
C1044,INV-600433,2025-05-23 00:00:00,94.86,Sports & Outdoors,1,94.86
C1624,INV-602784,2025-05-23 00:00:00,126.09,Electronics & Gadgets,1,126.09
C1103,INV-600988,2025-05-23 00:00:00,165.34,Sports & Outdoors,1,165.34
C1624,INV-602784,2025-05-23 00:00:00,71.29,Apparel & Designer Wear,1,71.29
C1197,INV-601701,2025-05-23 00:00:00,151.75,Home & Smart Living,1,151.75
C1121,INV-601119,2025-05-23 00:00:00,139.69,Electronics & Gadgets,1,139.69
C1161,INV-601427,2025-05-23 00:00:00,96.05,Gourmet Foods & Coffee,1,96.05
C1161,INV-601427,2025-05-23 00:00:00,47.18,Home & Smart Living,1,47.18
C1121,INV-601119,2025-05-23 00:00:00,128.01,Apparel & Designer Wear,3,42.67
C1161,INV-601427,2025-05-23 00:00:00,105.92,Apparel & Designer Wear,1,105.92
C1051,INV-600504,2025-05-24 00:00:00,373.02,Electronics & Gadgets,3,124.34
C1616,INV-602740,2025-05-24 00:00:00,48.1,Apparel & Designer Wear,1,48.1
C1616,INV-602740,2025-05-24 00:00:00,69.7,Gourmet Foods & Coffee,2,34.85
C1616,INV-602740,2025-05-24 00:00:00,110.53,Electronics & Gadgets,1,110.53
C1705,INV-602991,2025-05-24 00:00:00,35.0,Home & Smart Living,1,35.0
C1705,INV-602991,2025-05-24 00:00:00,28.0,Apparel & Designer Wear,1,28.0
C1101,INV-600973,2025-05-24 00:00:00,85.01,Gourmet Foods & Coffee,1,85.01
C1101,INV-600973,2025-05-24 00:00:00,64.05,Sports & Outdoors,1,64.05
C1101,INV-600973,2025-05-24 00:00:00,60.19,Beauty & Wellness,1,60.19
C1032,INV-600314,2025-05-24 00:00:00,81.14,Apparel & Designer Wear,1,81.14
C1032,INV-600314,2025-05-24 00:00:00,149.48,Electronics & Gadgets,1,149.48
C1032,INV-600314,2025-05-24 00:00:00,116.59,Home & Smart Living,1,116.59
C1705,INV-602991,2025-05-24 00:00:00,19.4,Gourmet Foods & Coffee,1,19.4
C1046,INV-600452,2025-05-24 00:00:00,224.36,Gourmet Foods & Coffee,4,56.09
C1566,INV-602489,2025-05-24 00:00:00,165.43,Sports & Outdoors,1,165.43
C1566,INV-602489,2025-05-24 00:00:00,147.6,Sports & Outdoors,1,147.6
C1012,INV-600114,2025-05-24 00:00:00,362.7,Gourmet Foods & Coffee,13,27.9
C1473,INV-602301,2025-05-24 00:00:00,29.33,Beauty & Wellness,1,29.33
C1699,INV-602980,2025-05-24 00:00:00,37.3,Beauty & Wellness,1,37.3
C1473,INV-602301,2025-05-24 00:00:00,35.0,Home & Smart Living,1,35.0
C1473,INV-602301,2025-05-24 00:00:00,52.22,Home & Smart Living,1,52.22
C1498,INV-602373,2025-05-24 00:00:00,77.37,Electronics & Gadgets,1,77.37
C1699,INV-602980,2025-05-24 00:00:00,36.25,Beauty & Wellness,1,36.25
C1079,INV-600782,2025-05-24 00:00:00,207.12,Apparel & Designer Wear,3,69.04
C1079,INV-600782,2025-05-24 00:00:00,147.42,Electronics & Gadgets,1,147.42
C1065,INV-600644,2025-05-25 00:00:00,66.33,Gourmet Foods & Coffee,1,66.33
C1065,INV-600644,2025-05-25 00:00:00,137.6,Home & Smart Living,1,137.6
C1065,INV-600644,2025-05-25 00:00:00,148.29,Apparel & Designer Wear,1,148.29
C1681,INV-602955,2025-05-25 00:00:00,40.54,Beauty & Wellness,1,40.54
C1181,INV-601577,2025-05-25 00:00:00,65.0,Electronics & Gadgets,1,65.0
C1656,INV-602906,2025-05-25 00:00:00,303.38,Sports & Outdoors,7,43.34
C1698,INV-602978,2025-05-25 00:00:00,15.13,Gourmet Foods & Coffee,1,15.13
C1058,INV-600571,2025-05-25 00:00:00,240.7,Electronics & Gadgets,1,240.7
C1084,INV-600831,2025-05-25 00:00:00,97.28,Electronics & Gadgets,1,97.28
C1181,INV-601577,2025-05-25 00:00:00,55.34,Gourmet Foods & Coffee,1,55.34
C1707,INV-602994,2025-05-25 00:00:00,42.0,Sports & Outdoors,1,42.0
C1698,INV-602978,2025-05-25 00:00:00,42.0,Sports & Outdoors,1,42.0
C1084,INV-600831,2025-05-25 00:00:00,92.05,Apparel & Designer Wear,1,92.05
C1084,INV-600831,2025-05-25 00:00:00,128.02,Sports & Outdoors,1,128.02
C1707,INV-602994,2025-05-25 00:00:00,65.0,Electronics & Gadgets,1,65.0
C1707,INV-602994,2025-05-25 00:00:00,65.0,Electronics & Gadgets,1,65.0
C1181,INV-601577,2025-05-25 00:00:00,90.11,Sports & Outdoors,1,90.11
C1698,INV-602978,2025-05-25 00:00:00,18.0,Beauty & Wellness,1,18.0
C1574,INV-602530,2025-05-26 00:00:00,161.13,Apparel & Designer Wear,1,161.13
C1169,INV-601485,2025-05-26 00:00:00,299.12,Apparel & Designer Wear,2,149.56
C1163,INV-601440,2025-05-26 00:00:00,80.84,Gourmet Foods & Coffee,4,20.21
C1163,INV-601440,2025-05-26 00:00:00,71.92,Sports & Outdoors,1,71.92
C1163,INV-601440,2025-05-26 00:00:00,42.78,Gourmet Foods & Coffee,3,14.26
C1431,INV-602170,2025-05-26 00:00:00,30.25,Beauty & Wellness,1,30.25
C1078,INV-600772,2025-05-26 00:00:00,385.07,Beauty & Wellness,7,55.01
C1199,INV-601715,2025-05-26 00:00:00,105.54,Home & Smart Living,2,52.77
C1199,INV-601715,2025-05-26 00:00:00,61.92,Sports & Outdoors,1,61.92
C1626,INV-602794,2025-05-26 00:00:00,95.8,Gourmet Foods & Coffee,5,19.16
C1431,INV-602170,2025-05-26 00:00:00,56.05,Home & Smart Living,1,56.05
C1657,INV-602912,2025-05-26 00:00:00,395.64,Beauty & Wellness,21,18.84
C1107,INV-601016,2025-05-26 00:00:00,72.23,Electronics & Gadgets,1,72.23
C1710,INV-602999,2025-05-26 00:00:00,28.0,Apparel & Designer Wear,1,28.0
C1431,INV-602170,2025-05-26 00:00:00,38.07,Apparel & Designer Wear,1,38.07
C1662,INV-602925,2025-05-26 00:00:00,66.33,Home & Smart Living,1,66.33
C1710,INV-602999,2025-05-26 00:00:00,32.43,Gourmet Foods & Coffee,1,32.43
C1107,INV-601016,2025-05-26 00:00:00,78.31,Apparel & Designer Wear,1,78.31
C1626,INV-602794,2025-05-26 00:00:00,91.93,Apparel & Designer Wear,1,91.93
C1199,INV-601715,2025-05-26 00:00:00,87.54,Electronics & Gadgets,1,87.54
C1572,INV-602519,2025-05-27 00:00:00,154.15,Gourmet Foods & Coffee,5,30.83
C1182,INV-601582,2025-05-27 00:00:00,66.78,Gourmet Foods & Coffee,1,66.78
C1182,INV-601582,2025-05-27 00:00:00,40.77,Beauty & Wellness,1,40.77
C1653,INV-602896,2025-05-27 00:00:00,171.4,Home & Smart Living,1,171.4
C1100,INV-600964,2025-05-27 00:00:00,46.2,Beauty & Wellness,1,46.2
C1100,INV-600964,2025-05-27 00:00:00,85.1,Beauty & Wellness,1,85.1
C1194,INV-601676,2025-05-27 00:00:00,156.18,Beauty & Wellness,6,26.03
C1194,INV-601676,2025-05-27 00:00:00,65.0,Electronics & Gadgets,1,65.0
C1628,INV-602803,2025-05-27 00:00:00,64.06,Apparel & Designer Wear,1,64.06
C1628,INV-602803,2025-05-27 00:00:00,61.96,Beauty & Wellness,1,61.96
C1628,INV-602803,2025-05-27 00:00:00,94.8,Beauty & Wellness,1,94.8
C1653,INV-602896,2025-05-27 00:00:00,324.24,Home & Smart Living,2,162.12
C1182,INV-601582,2025-05-27 00:00:00,68.33,Home & Smart Living,1,68.33
C1100,INV-600964,2025-05-27 00:00:00,50.34,Gourmet Foods & Coffee,1,50.34
C1165,INV-601456,2025-05-28 00:00:00,188.19,Electronics & Gadgets,1,188.19
C1595,INV-602635,2025-05-28 00:00:00,176.1,Beauty & Wellness,6,29.35
C1567,INV-602496,2025-05-28 00:00:00,168.0,Apparel & Designer Wear,6,28.0
C1595,INV-602635,2025-05-28 00:00:00,142.27,Electronics & Gadgets,1,142.27
C1152,INV-601363,2025-05-28 00:00:00,139.02,Beauty & Wellness,2,69.51
C1130,INV-601189,2025-05-28 00:00:00,46.8,Sports & Outdoors,1,46.8
C1130,INV-601189,2025-05-28 00:00:00,65.1,Apparel & Designer Wear,1,65.1
C1130,INV-601189,2025-05-28 00:00:00,96.11,Gourmet Foods & Coffee,1,96.11
C1186,INV-601613,2025-05-29 00:00:00,139.68,Apparel & Designer Wear,1,139.68
C1167,INV-601470,2025-05-29 00:00:00,100.8,Apparel & Designer Wear,3,33.6
C1167,INV-601470,2025-05-29 00:00:00,54.1,Sports & Outdoors,1,54.1
C1186,INV-601613,2025-05-29 00:00:00,124.14,Sports & Outdoors,1,124.14
C1167,INV-601470,2025-05-29 00:00:00,65.0,Electronics & Gadgets,1,65.0
C1605,INV-602688,2025-05-30 00:00:00,120.28,Beauty & Wellness,2,60.14
C1166,INV-601465,2025-05-30 00:00:00,42.8,Home & Smart Living,1,42.8
C1072,INV-600713,2025-05-30 00:00:00,77.74,Sports & Outdoors,1,77.74
C1072,INV-600713,2025-05-30 00:00:00,96.02,Sports & Outdoors,2,48.01
C1072,INV-600713,2025-05-30 00:00:00,92.28,Home & Smart Living,1,92.28
C1166,INV-601465,2025-05-30 00:00:00,103.45,Electronics & Gadgets,1,103.45
C1627,INV-602799,2025-05-30 00:00:00,364.62,Electronics & Gadgets,1,364.62
C1091,INV-600902,2025-05-30 00:00:00,141.15,Sports & Outdoors,1,141.15
C1605,INV-602688,2025-05-30 00:00:00,72.09,Home & Smart Living,1,72.09
C1153,INV-601368,2025-05-30 00:00:00,102.27,Electronics & Gadgets,1,102.27
C1029,INV-600283,2025-05-30 00:00:00,124.59,Gourmet Foods & Coffee,3,41.53
C1153,INV-601368,2025-05-30 00:00:00,98.88,Home & Smart Living,2,49.44
C1091,INV-600902,2025-05-30 00:00:00,121.48,Apparel & Designer Wear,1,121.48
C1043,INV-600423,2025-05-30 00:00:00,143.61,Sports & Outdoors,1,143.61
C1003,INV-600022,2025-05-30 00:00:00,251.4,Sports & Outdoors,1,251.4
C1166,INV-601465,2025-05-30 00:00:00,41.07,Home & Smart Living,1,41.07
C1047,INV-600462,2025-05-30 00:00:00,228.48,Gourmet Foods & Coffee,4,57.12
C1047,INV-600462,2025-05-30 00:00:00,213.53,Home & Smart Living,1,213.53
C1029,INV-600283,2025-05-30 00:00:00,104.85,Beauty & Wellness,1,104.85
C1029,INV-600283,2025-05-30 00:00:00,97.56,Beauty & Wellness,1,97.56
C1070,INV-600692,2025-05-30 00:00:00,67.95,Home & Smart Living,1,67.95
C1070,INV-600692,2025-05-30 00:00:00,83.22,Sports & Outdoors,1,83.22
C1070,INV-600692,2025-05-30 00:00:00,120.56,Home & Smart Living,1,120.56
C1153,INV-601368,2025-05-30 00:00:00,103.14,Electronics & Gadgets,1,103.14
C1605,INV-602688,2025-05-30 00:00:00,65.0,Electronics & Gadgets,1,65.0
C1043,INV-600423,2025-05-30 00:00:00,236.1,Apparel & Designer Wear,5,47.22
C1133,INV-601211,2025-05-30 00:00:00,189.78,Sports & Outdoors,1,189.78
C1125,INV-601151,2025-05-31 00:00:00,79.08,Gourmet Foods & Coffee,1,79.08
C1602,INV-602676,2025-05-31 00:00:00,135.75,Beauty & Wellness,5,27.15
C1011,INV-600106,2025-05-31 00:00:00,468.57,Apparel & Designer Wear,3,156.19
C1613,INV-602725,2025-05-31 00:00:00,320.85,Electronics & Gadgets,1,320.85
C1602,INV-602676,2025-05-31 00:00:00,96.88,Beauty & Wellness,2,48.44
C1075,INV-600742,2025-05-31 00:00:00,159.2,Beauty & Wellness,5,31.84
C1075,INV-600742,2025-05-31 00:00:00,99.8,Electronics & Gadgets,1,99.8
C1687,INV-602963,2025-05-31 00:00:00,22.98,Beauty & Wellness,1,22.98
C1687,INV-602963,2025-05-31 00:00:00,15.73,Gourmet Foods & Coffee,1,15.73
C1125,INV-601151,2025-05-31 00:00:00,87.44,Gourmet Foods & Coffee,2,43.72
C1687,INV-602963,2025-05-31 00:00:00,28.0,Apparel & Designer Wear,1,28.0
C1125,INV-601151,2025-05-31 00:00:00,40.82,Apparel & Designer Wear,1,40.82
C1682,INV-602957,2025-06-01 00:00:00,58.27,Apparel & Designer Wear,1,58.27
C1074,INV-600733,2025-06-01 00:00:00,91.24,Gourmet Foods & Coffee,2,45.62
C1095,INV-600936,2025-06-01 00:00:00,57.45,Apparel & Designer Wear,1,57.45
C1095,INV-600936,2025-06-01 00:00:00,100.46,Apparel & Designer Wear,1,100.46
C1123,INV-601135,2025-06-01 00:00:00,154.74,Electronics & Gadgets,1,154.74
C1074,INV-600733,2025-06-01 00:00:00,123.89,Home & Smart Living,1,123.89
C1074,INV-600733,2025-06-01 00:00:00,79.25,Apparel & Designer Wear,1,79.25
C1095,INV-600936,2025-06-01 00:00:00,66.74,Electronics & Gadgets,1,66.74
C1192,INV-601661,2025-06-01 00:00:00,67.56,Gourmet Foods & Coffee,3,22.52
C1192,INV-601661,2025-06-01 00:00:00,117.48,Home & Smart Living,1,117.48
C1081,INV-600803,2025-06-01 00:00:00,392.02,Electronics & Gadgets,1,392.02
C1136,INV-601233,2025-06-01 00:00:00,159.8,Gourmet Foods & Coffee,4,39.95
C1112,INV-601050,2025-06-01 00:00:00,158.94,Beauty & Wellness,6,26.49
C1089,INV-600883,2025-06-01 00:00:00,91.2,Gourmet Foods & Coffee,1,91.2
C1089,INV-600883,2025-06-01 00:00:00,82.59,Beauty & Wellness,1,82.59
C1089,INV-600883,2025-06-01 00:00:00,78.87,Beauty & Wellness,3,26.29
C1670,INV-602936,2025-06-01 00:00:00,61.24,Beauty & Wellness,2,30.62
C1034,INV-600335,2025-06-02 00:00:00,318.48,Gourmet Foods & Coffee,6,53.08
C1020,INV-600195,2025-06-02 00:00:00,83.76,Gourmet Foods & Coffee,2,41.88
C1137,INV-601240,2025-06-02 00:00:00,292.87,Electronics & Gadgets,1,292.87
C1589,INV-602603,2025-06-02 00:00:00,83.02,Sports & Outdoors,1,83.02
C1589,INV-602603,2025-06-02 00:00:00,124.37,Home & Smart Living,1,124.37
C1589,INV-602603,2025-06-02 00:00:00,124.92,Apparel & Designer Wear,2,62.46
C1020,INV-600195,2025-06-02 00:00:00,64.37,Beauty & Wellness,1,64.37
C1580,INV-602560,2025-06-02 00:00:00,134.22,Apparel & Designer Wear,2,67.11
C1580,INV-602560,2025-06-02 00:00:00,156.34,Sports & Outdoors,2,78.17
C1709,INV-602997,2025-06-02 00:00:00,42.8,Beauty & Wellness,1,42.8
C1020,INV-600195,2025-06-02 00:00:00,135.24,Home & Smart Living,1,135.24
C1042,INV-600414,2025-06-02 00:00:00,427.1,Apparel & Designer Wear,5,85.42
C1618,INV-602753,2025-06-02 00:00:00,74.05,Sports & Outdoors,1,74.05
C1618,INV-602753,2025-06-02 00:00:00,117.12,Home & Smart Living,1,117.12
C1618,INV-602753,2025-06-02 00:00:00,68.2,Sports & Outdoors,1,68.2
C1184,INV-601596,2025-06-03 00:00:00,106.24,Home & Smart Living,1,106.24
C1093,INV-600919,2025-06-03 00:00:00,133.72,Sports & Outdoors,1,133.72
C1460,INV-602259,2025-06-03 00:00:00,45.74,Beauty & Wellness,1,45.74
C1460,INV-602259,2025-06-03 00:00:00,43.47,Home & Smart Living,1,43.47
C1457,INV-602249,2025-06-03 00:00:00,42.0,Sports & Outdoors,1,42.0
C1460,INV-602259,2025-06-03 00:00:00,44.57,Gourmet Foods & Coffee,1,44.57
C1457,INV-602249,2025-06-03 00:00:00,42.0,Sports & Outdoors,1,42.0
C1184,INV-601596,2025-06-03 00:00:00,91.83,Gourmet Foods & Coffee,3,30.61
C1119,INV-601105,2025-06-03 00:00:00,84.91,Beauty & Wellness,1,84.91
C1119,INV-601105,2025-06-03 00:00:00,142.34,Sports & Outdoors,1,142.34
C1085,INV-600842,2025-06-03 00:00:00,348.7,Apparel & Designer Wear,10,34.87
C1457,INV-602249,2025-06-03 00:00:00,65.0,Electronics & Gadgets,1,65.0
C1614,INV-602731,2025-06-03 00:00:00,113.72,Apparel & Designer Wear,1,113.72
C1093,INV-600919,2025-06-03 00:00:00,83.6,Gourmet Foods & Coffee,2,41.8
C1168,INV-601479,2025-06-03 00:00:00,102.1,Beauty & Wellness,1,102.1
C1168,INV-601479,2025-06-03 00:00:00,94.16,Home & Smart Living,1,94.16
C1614,INV-602731,2025-06-03 00:00:00,131.4,Electronics & Gadgets,1,131.4
C1045,INV-600442,2025-06-04 00:00:00,117.18,Beauty & Wellness,1,117.18
C1038,INV-600372,2025-06-04 00:00:00,312.4,Apparel & Designer Wear,11,28.4
C1045,INV-600442,2025-06-04 00:00:00,89.74,Home & Smart Living,2,44.87
C1102,INV-600980,2025-06-04 00:00:00,150.5,Gourmet Foods & Coffee,2,75.25
C1170,INV-601493,2025-06-04 00:00:00,106.21,Apparel & Designer Wear,1,106.21
C1170,INV-601493,2025-06-04 00:00:00,72.87,Beauty & Wellness,3,24.29
C1170,INV-601493,2025-06-04 00:00:00,101.3,Gourmet Foods & Coffee,5,20.26
C1679,INV-602951,2025-06-04 00:00:00,58.23,Apparel & Designer Wear,1,58.23
C1014,INV-600136,2025-06-04 00:00:00,134.66,Home & Smart Living,1,134.66
C1045,INV-600442,2025-06-04 00:00:00,65.46,Apparel & Designer Wear,2,32.73
C1176,INV-601541,2025-06-04 00:00:00,148.33,Electronics & Gadgets,1,148.33
C1596,INV-602639,2025-06-04 00:00:00,126.77,Beauty & Wellness,7,18.11
C1014,INV-600136,2025-06-04 00:00:00,151.4,Home & Smart Living,1,151.4
C1102,INV-600980,2025-06-04 00:00:00,119.1,Sports & Outdoors,1,119.1
C1014,INV-600136,2025-06-04 00:00:00,151.35,Sports & Outdoors,1,151.35
C1596,INV-602639,2025-06-04 00:00:00,73.2,Gourmet Foods & Coffee,3,24.4
C1176,INV-601541,2025-06-04 00:00:00,143.86,Home & Smart Living,1,143.86
C1603,INV-602682,2025-06-04 00:00:00,113.69,Electronics & Gadgets,1,113.69
C1603,INV-602682,2025-06-04 00:00:00,87.96,Beauty & Wellness,3,29.32
C1596,INV-602639,2025-06-04 00:00:00,109.24,Sports & Outdoors,1,109.24
C1603,INV-602682,2025-06-04 00:00:00,86.05,Sports & Outdoors,1,86.05
C1064,INV-600635,2025-06-05 00:00:00,85.33,Electronics & Gadgets,1,85.33
C1064,INV-600635,2025-06-05 00:00:00,96.03,Apparel & Designer Wear,3,32.01
C1494,INV-602361,2025-06-05 00:00:00,67.66,Apparel & Designer Wear,2,33.83
C1494,INV-602361,2025-06-05 00:00:00,41.73,Home & Smart Living,1,41.73
C1571,INV-602515,2025-06-05 00:00:00,144.06,Apparel & Designer Wear,2,72.03
C1141,INV-601271,2025-06-05 00:00:00,196.95,Gourmet Foods & Coffee,3,65.65
C1049,INV-600484,2025-06-05 00:00:00,115.05,Home & Smart Living,1,115.05
C1565,INV-602482,2025-06-05 00:00:00,81.65,Electronics & Gadgets,1,81.65
C1565,INV-602482,2025-06-05 00:00:00,96.09,Beauty & Wellness,1,96.09
C1064,INV-600635,2025-06-05 00:00:00,81.76,Gourmet Foods & Coffee,4,20.44
C1565,INV-602482,2025-06-05 00:00:00,88.04,Beauty & Wellness,2,44.02
C1049,INV-600484,2025-06-05 00:00:00,105.41,Apparel & Designer Wear,1,105.41
C1458,INV-602253,2025-06-05 00:00:00,66.66,Beauty & Wellness,1,66.66
C1458,INV-602253,2025-06-05 00:00:00,42.0,Sports & Outdoors,1,42.0
C1180,INV-601569,2025-06-06 00:00:00,252.68,Apparel & Designer Wear,2,126.34
C1173,INV-601521,2025-06-06 00:00:00,274.25,Beauty & Wellness,5,54.85
C1116,INV-601082,2025-06-06 00:00:00,102.37,Apparel & Designer Wear,1,102.37
C1010,INV-600096,2025-06-06 00:00:00,112.76,Electronics & Gadgets,1,112.76
C1018,INV-600174,2025-06-06 00:00:00,140.64,Gourmet Foods & Coffee,8,17.58
C1010,INV-600096,2025-06-06 00:00:00,101.11,Beauty & Wellness,1,101.11
C1018,INV-600174,2025-06-06 00:00:00,64.24,Gourmet Foods & Coffee,4,16.06
C1116,INV-601082,2025-06-06 00:00:00,45.65,Sports & Outdoors,1,45.65
C1018,INV-600174,2025-06-06 00:00:00,146.21,Electronics & Gadgets,1,146.21
C1116,INV-601082,2025-06-06 00:00:00,69.63,Home & Smart Living,1,69.63
C1436,INV-602187,2025-06-07 00:00:00,42.0,Sports & Outdoors,1,42.0
C1599,INV-602657,2025-06-07 00:00:00,169.66,Sports & Outdoors,1,169.66
C1039,INV-600381,2025-06-07 00:00:00,132.24,Home & Smart Living,1,132.24
C1039,INV-600381,2025-06-07 00:00:00,151.99,Apparel & Designer Wear,1,151.99
C1591,INV-602613,2025-06-07 00:00:00,65.86,Beauty & Wellness,1,65.86
C1591,INV-602613,2025-06-07 00:00:00,84.02,Home & Smart Living,1,84.02
C1591,INV-602613,2025-06-07 00:00:00,76.94,Electronics & Gadgets,1,76.94
C1435,INV-602184,2025-06-07 00:00:00,88.86,Beauty & Wellness,3,29.62
C1599,INV-602657,2025-06-07 00:00:00,102.52,Beauty & Wellness,1,102.52
C1193,INV-601667,2025-06-07 00:00:00,53.36,Gourmet Foods & Coffee,1,53.36
C1193,INV-601667,2025-06-07 00:00:00,99.55,Home & Smart Living,1,99.55
C1039,INV-600381,2025-06-07 00:00:00,121.03,Electronics & Gadgets,1,121.03
C1436,INV-602187,2025-06-07 00:00:00,37.74,Home & Smart Living,1,37.74
C1193,INV-601667,2025-06-07 00:00:00,50.17,Sports & Outdoors,1,50.17
C1436,INV-602187,2025-06-07 00:00:00,54.55,Sports & Outdoors,1,54.55
C1110,INV-601036,2025-06-07 00:00:00,154.53,Gourmet Foods & Coffee,3,51.51
C1532,INV-602422,2025-06-07 00:00:00,23.38,Gourmet Foods & Coffee,1,23.38
C1164,INV-601448,2025-06-07 00:00:00,99.84,Home & Smart Living,1,99.84
C1532,INV-602422,2025-06-07 00:00:00,30.56,Beauty & Wellness,1,30.56
C1183,INV-601591,2025-06-07 00:00:00,222.54,Beauty & Wellness,3,74.18
C1121,INV-601118,2025-06-07 00:00:00,138.28,Apparel & Designer Wear,1,138.28
C1532,INV-602422,2025-06-07 00:00:00,18.0,Beauty & Wellness,1,18.0
C1164,INV-601448,2025-06-07 00:00:00,65.0,Electronics & Gadgets,1,65.0
C1110,INV-601036,2025-06-07 00:00:00,105.28,Gourmet Foods & Coffee,4,26.32
C1164,INV-601448,2025-06-07 00:00:00,73.0,Apparel & Designer Wear,1,73.0
C1594,INV-602628,2025-06-08 00:00:00,60.89,Beauty & Wellness,1,60.89
C1585,INV-602581,2025-06-08 00:00:00,58.56,Beauty & Wellness,1,58.56
C1151,INV-601353,2025-06-08 00:00:00,155.04,Gourmet Foods & Coffee,3,51.68
C1585,INV-602581,2025-06-08 00:00:00,95.86,Beauty & Wellness,1,95.86
C1022,INV-600215,2025-06-08 00:00:00,130.0,Sports & Outdoors,2,65.0
C1594,INV-602628,2025-06-08 00:00:00,115.32,Home & Smart Living,1,115.32
C1594,INV-602628,2025-06-08 00:00:00,107.02,Sports & Outdoors,1,107.02
C1585,INV-602581,2025-06-08 00:00:00,48.54,Sports & Outdoors,1,48.54
C1699,INV-602979,2025-06-08 00:00:00,54.8,Home & Smart Living,1,54.8
C1022,INV-600215,2025-06-08 00:00:00,164.43,Apparel & Designer Wear,1,164.43
C1026,INV-600254,2025-06-08 00:00:00,71.0,Gourmet Foods & Coffee,5,14.2
C1008,INV-600073,2025-06-08 00:00:00,234.54,Beauty & Wellness,6,39.09
C1434,INV-602180,2025-06-08 00:00:00,84.03,Sports & Outdoors,1,84.03
C1026,INV-600254,2025-06-08 00:00:00,101.88,Home & Smart Living,1,101.88
C1026,INV-600254,2025-06-08 00:00:00,101.04,Apparel & Designer Wear,1,101.04
C1007,INV-600064,2025-06-08 00:00:00,158.47,Electronics & Gadgets,1,158.47
C1007,INV-600064,2025-06-08 00:00:00,173.61,Electronics & Gadgets,1,173.61
C1151,INV-601353,2025-06-08 00:00:00,100.98,Sports & Outdoors,1,100.98
C1148,INV-601329,2025-06-08 00:00:00,207.18,Sports & Outdoors,2,103.59
C1437,INV-602191,2025-06-09 00:00:00,140.61,Electronics & Gadgets,1,140.61
C1171,INV-601502,2025-06-09 00:00:00,77.62,Electronics & Gadgets,1,77.62
C1171,INV-601502,2025-06-09 00:00:00,92.54,Beauty & Wellness,1,92.54
C1588,INV-602597,2025-06-09 00:00:00,76.47,Sports & Outdoors,1,76.47
C1109,INV-601030,2025-06-09 00:00:00,108.42,Electronics & Gadgets,1,108.42
C1181,INV-601576,2025-06-09 00:00:00,193.82,Apparel & Designer Wear,2,96.91
C1588,INV-602597,2025-06-09 00:00:00,184.02,Gourmet Foods & Coffee,3,61.34
C1109,INV-601030,2025-06-09 00:00:00,151.35,Apparel & Designer Wear,5,30.27
C1162,INV-601434,2025-06-09 00:00:00,207.78,Electronics & Gadgets,1,207.78
C1023,INV-600224,2025-06-09 00:00:00,265.67,Sports & Outdoors,1,265.67
C1622,INV-602775,2025-06-09 00:00:00,230.58,Home & Smart Living,3,76.86
C1087,INV-600862,2025-06-09 00:00:00,288.34,Home & Smart Living,2,144.17
C1094,INV-600926,2025-06-10 00:00:00,145.95,Apparel & Designer Wear,3,48.65
C1094,INV-600926,2025-06-10 00:00:00,123.14,Beauty & Wellness,1,123.14
C1027,INV-600263,2025-06-10 00:00:00,411.22,Gourmet Foods & Coffee,29,14.18
C1071,INV-600703,2025-06-10 00:00:00,197.76,Apparel & Designer Wear,4,49.44
C1479,INV-602318,2025-06-10 00:00:00,84.26,Gourmet Foods & Coffee,2,42.13
C1593,INV-602622,2025-06-10 00:00:00,80.95,Beauty & Wellness,1,80.95
C1071,INV-600703,2025-06-10 00:00:00,193.76,Home & Smart Living,1,193.76
C1156,INV-601388,2025-06-10 00:00:00,280.78,Home & Smart Living,2,140.39
C1564,INV-602476,2025-06-10 00:00:00,155.62,Gourmet Foods & Coffee,2,77.81
C1479,INV-602318,2025-06-10 00:00:00,42.79,Beauty & Wellness,1,42.79
C1564,INV-602476,2025-06-10 00:00:00,175.08,Apparel & Designer Wear,1,175.08
C1593,INV-602622,2025-06-10 00:00:00,117.35,Gourmet Foods & Coffee,5,23.47
C1575,INV-602537,2025-06-10 00:00:00,233.92,Electronics & Gadgets,1,233.92
C1563,INV-602469,2025-06-11 00:00:00,96.03,Beauty & Wellness,3,32.01
C1105,INV-601001,2025-06-11 00:00:00,83.47,Sports & Outdoors,1,83.47
C1105,INV-601001,2025-06-11 00:00:00,66.96,Gourmet Foods & Coffee,3,22.32
C1453,INV-602236,2025-06-11 00:00:00,66.33,Electronics & Gadgets,1,66.33
C1563,INV-602469,2025-06-11 00:00:00,84.24,Home & Smart Living,1,84.24
C1053,INV-600523,2025-06-11 00:00:00,196.98,Gourmet Foods & Coffee,7,28.14
C1563,INV-602469,2025-06-11 00:00:00,51.68,Apparel & Designer Wear,1,51.68
C1701,INV-602983,2025-06-11 00:00:00,42.0,Sports & Outdoors,1,42.0
C1701,INV-602983,2025-06-11 00:00:00,65.0,Electronics & Gadgets,1,65.0
C1006,INV-600054,2025-06-11 00:00:00,118.52,Sports & Outdoors,2,59.26
C1006,INV-600054,2025-06-11 00:00:00,237.63,Sports & Outdoors,3,79.21
C1160,INV-601420,2025-06-11 00:00:00,125.59,Home & Smart Living,1,125.59
C1105,INV-601001,2025-06-11 00:00:00,99.17,Apparel & Designer Wear,1,99.17
C1128,INV-601172,2025-06-11 00:00:00,318.6,Beauty & Wellness,15,21.24
C1160,INV-601420,2025-06-11 00:00:00,66.28,Sports & Outdoors,1,66.28
C1142,INV-601281,2025-06-11 00:00:00,100.76,Electronics & Gadgets,1,100.76
C1142,INV-601281,2025-06-11 00:00:00,59.65,Apparel & Designer Wear,1,59.65
C1142,INV-601281,2025-06-11 00:00:00,103.84,Beauty & Wellness,1,103.84
C1140,INV-601261,2025-06-12 00:00:00,166.34,Beauty & Wellness,2,83.17
C1467,INV-602284,2025-06-12 00:00:00,65.0,Electronics & Gadgets,1,65.0
C1467,INV-602284,2025-06-12 00:00:00,48.94,Home & Smart Living,1,48.94
C1483,INV-602331,2025-06-12 00:00:00,32.53,Gourmet Foods & Coffee,1,32.53
C1483,INV-602331,2025-06-12 00:00:00,75.88,Beauty & Wellness,2,37.94
C1016,INV-600155,2025-06-12 00:00:00,414.96,Gourmet Foods & Coffee,6,69.16
C1467,INV-602284,2025-06-12 00:00:00,35.82,Beauty & Wellness,1,35.82
C1021,INV-600205,2025-06-12 00:00:00,206.43,Electronics & Gadgets,1,206.43
C1021,INV-600205,2025-06-12 00:00:00,97.16,Electronics & Gadgets,1,97.16
C1152,INV-601362,2025-06-13 00:00:00,303.6,Sports & Outdoors,6,50.6
C1056,INV-600552,2025-06-14 00:00:00,76.86,Beauty & Wellness,2,38.43
C1677,INV-602947,2025-06-14 00:00:00,18.0,Beauty & Wellness,1,18.0
C1124,INV-601144,2025-06-14 00:00:00,122.57,Electronics & Gadgets,1,122.57
C1056,INV-600552,2025-06-14 00:00:00,129.34,Home & Smart Living,2,64.67
C1464,INV-602274,2025-06-14 00:00:00,152.37,Apparel & Designer Wear,1,152.37
C1630,INV-602809,2025-06-14 00:00:00,510.9,Home & Smart Living,5,102.18
C1076,INV-600752,2025-06-14 00:00:00,154.76,Apparel & Designer Wear,1,154.76
C1076,INV-600752,2025-06-14 00:00:00,219.19,Electronics & Gadgets,1,219.19
C1056,INV-600552,2025-06-14 00:00:00,96.45,Sports & Outdoors,1,96.45
C1677,INV-602947,2025-06-14 00:00:00,42.0,Sports & Outdoors,1,42.0
C1062,INV-600612,2025-06-14 00:00:00,117.16,Sports & Outdoors,1,117.16
C1111,INV-601044,2025-06-14 00:00:00,267.75,Gourmet Foods & Coffee,5,53.55
C1104,INV-600997,2025-06-14 00:00:00,154.36,Sports & Outdoors,2,77.18
C1104,INV-600997,2025-06-14 00:00:00,137.02,Apparel & Designer Wear,1,137.02
C1189,INV-601638,2025-06-14 00:00:00,85.17,Electronics & Gadgets,1,85.17
C1189,INV-601638,2025-06-14 00:00:00,109.26,Home & Smart Living,1,109.26
C1685,INV-602960,2025-06-14 00:00:00,72.09,Gourmet Foods & Coffee,3,24.03
C1062,INV-600612,2025-06-14 00:00:00,91.69,Home & Smart Living,1,91.69
C1062,INV-600612,2025-06-14 00:00:00,67.91,Electronics & Gadgets,1,67.91
C1052,INV-600513,2025-06-14 00:00:00,216.22,Apparel & Designer Wear,1,216.22
C1127,INV-601167,2025-06-15 00:00:00,41.11,Home & Smart Living,1,41.11
C1126,INV-601161,2025-06-15 00:00:00,224.48,Apparel & Designer Wear,8,28.06
C1066,INV-600653,2025-06-15 00:00:00,191.17,Home & Smart Living,1,191.17
C1117,INV-601089,2025-06-15 00:00:00,89.94,Gourmet Foods & Coffee,2,44.97
C1001,INV-600005,2025-06-15 00:00:00,267.95,Sports & Outdoors,1,267.95
C1117,INV-601089,2025-06-15 00:00:00,40.79,Gourmet Foods & Coffee,1,40.79
C1127,INV-601167,2025-06-15 00:00:00,104.64,Electronics & Gadgets,1,104.64
C1066,INV-600653,2025-06-15 00:00:00,105.82,Gourmet Foods & Coffee,2,52.91
C1590,INV-602609,2025-06-15 00:00:00,382.5,Gourmet Foods & Coffee,9,42.5
C1159,INV-601413,2025-06-15 00:00:00,108.36,Beauty & Wellness,3,36.12
C1159,INV-601413,2025-06-15 00:00:00,65.56,Beauty & Wellness,2,32.78
C1441,INV-602204,2025-06-15 00:00:00,65.0,Electronics & Gadgets,1,65.0
C1117,INV-601089,2025-06-15 00:00:00,97.7,Apparel & Designer Wear,1,97.7
C1196,INV-601692,2025-06-15 00:00:00,184.5,Beauty & Wellness,3,61.5
C1127,INV-601167,2025-06-15 00:00:00,69.62,Gourmet Foods & Coffee,1,69.62
C1605,INV-602687,2025-06-15 00:00:00,368.48,Gourmet Foods & Coffee,7,52.64
C1478,INV-602314,2025-06-15 00:00:00,135.48,Gourmet Foods & Coffee,2,67.74
C1012,INV-600113,2025-06-15 00:00:00,155.72,Home & Smart Living,1,155.72
C1012,INV-600113,2025-06-15 00:00:00,120.53,Electronics & Gadgets,1,120.53
C1441,INV-602204,2025-06-15 00:00:00,82.48,Apparel & Designer Wear,1,82.48
C1118,INV-601096,2025-06-15 00:00:00,141.72,Beauty & Wellness,2,70.86
C1666,INV-602930,2025-06-16 00:00:00,65.0,Electronics & Gadgets,1,65.0
C1011,INV-600105,2025-06-16 00:00:00,103.78,Beauty & Wellness,1,103.78
C1011,INV-600105,2025-06-16 00:00:00,133.46,Beauty & Wellness,2,66.73
C1113,INV-601059,2025-06-16 00:00:00,139.52,Beauty & Wellness,1,139.52
C1011,INV-600105,2025-06-16 00:00:00,154.26,Beauty & Wellness,2,77.13
C1090,INV-600893,2025-06-16 00:00:00,137.19,Beauty & Wellness,3,45.73
C1077,INV-600762,2025-06-16 00:00:00,113.92,Gourmet Foods & Coffee,2,56.96
C1178,INV-601556,2025-06-16 00:00:00,124.24,Gourmet Foods & Coffee,2,62.12
C1081,INV-600802,2025-06-16 00:00:00,443.9,Electronics & Gadgets,5,88.78
C1482,INV-602328,2025-06-16 00:00:00,73.07,Beauty & Wellness,1,73.07
C1090,INV-600893,2025-06-16 00:00:00,95.4,Beauty & Wellness,3,31.8
C1482,INV-602328,2025-06-16 00:00:00,65.28,Sports & Outdoors,1,65.28
C1178,INV-601556,2025-06-16 00:00:00,134.74,Apparel & Designer Wear,1,134.74
C1113,INV-601059,2025-06-16 00:00:00,70.13,Sports & Outdoors,1,70.13
C1077,INV-600762,2025-06-16 00:00:00,65.28,Sports & Outdoors,1,65.28
C1666,INV-602930,2025-06-16 00:00:00,42.0,Sports & Outdoors,1,42.0
C1191,INV-601653,2025-06-16 00:00:00,247.93,Electronics & Gadgets,1,247.93
C1077,INV-600762,2025-06-16 00:00:00,106.89,Electronics & Gadgets,1,106.89
C1155,INV-601381,2025-06-17 00:00:00,57.88,Gourmet Foods & Coffee,2,28.94
C1155,INV-601381,2025-06-17 00:00:00,87.72,Gourmet Foods & Coffee,2,43.86
C1043,INV-600422,2025-06-17 00:00:00,448.73,Electronics & Gadgets,1,448.73
C1537,INV-602430,2025-06-17 00:00:00,42.0,Sports & Outdoors,1,42.0
C1155,INV-601381,2025-06-17 00:00:00,65.0,Electronics & Gadgets,1,65.0
C1502,INV-602385,2025-06-17 00:00:00,35.0,Home & Smart Living,1,35.0
C1502,INV-602385,2025-06-17 00:00:00,84.79,Apparel & Designer Wear,1,84.79
C1146,INV-601314,2025-06-17 00:00:00,162.69,Gourmet Foods & Coffee,3,54.23
C1061,INV-600602,2025-06-17 00:00:00,194.74,Electronics & Gadgets,1,194.74
C1061,INV-600602,2025-06-17 00:00:00,91.26,Gourmet Foods & Coffee,2,45.63
C1223,INV-601795,2025-06-17 00:00:00,68.72,Beauty & Wellness,1,68.72
C1223,INV-601795,2025-06-17 00:00:00,63.43,Beauty & Wellness,1,63.43
C1239,INV-601841,2025-06-17 00:00:00,118.22,Gourmet Foods & Coffee,2,59.11
C1147,INV-601324,2025-06-17 00:00:00,123.43,Apparel & Designer Wear,1,123.43
C1147,INV-601324,2025-06-17 00:00:00,69.74,Sports & Outdoors,1,69.74
C1537,INV-602430,2025-06-17 00:00:00,35.0,Home & Smart Living,1,35.0
C1058,INV-600570,2025-06-17 00:00:00,66.88,Sports & Outdoors,1,66.88
C1058,INV-600570,2025-06-17 00:00:00,111.1,Gourmet Foods & Coffee,5,22.22
C1440,INV-602201,2025-06-17 00:00:00,32.81,Beauty & Wellness,1,32.81
C1440,INV-602201,2025-06-17 00:00:00,46.47,Gourmet Foods & Coffee,1,46.47
C1570,INV-602507,2025-06-17 00:00:00,166.95,Gourmet Foods & Coffee,5,33.39
C1553,INV-602454,2025-06-17 00:00:00,65.0,Electronics & Gadgets,1,65.0
C1553,INV-602454,2025-06-17 00:00:00,65.0,Electronics & Gadgets,1,65.0
C1058,INV-600570,2025-06-17 00:00:00,94.26,Gourmet Foods & Coffee,2,47.13
C1440,INV-602201,2025-06-17 00:00:00,38.86,Gourmet Foods & Coffee,2,19.43
C1567,INV-602495,2025-06-18 00:00:00,102.42,Sports & Outdoors,1,102.42
C1567,INV-602495,2025-06-18 00:00:00,86.42,Gourmet Foods & Coffee,1,86.42
C1129,INV-601179,2025-06-18 00:00:00,56.0,Apparel & Designer Wear,2,28.0
C1030,INV-600293,2025-06-18 00:00:00,203.16,Apparel & Designer Wear,2,101.58
C1194,INV-601675,2025-06-18 00:00:00,52.73,Beauty & Wellness,1,52.73
C1626,INV-602793,2025-06-18 00:00:00,192.51,Beauty & Wellness,3,64.17
C1194,INV-601675,2025-06-18 00:00:00,63.99,Sports & Outdoors,1,63.99
C1041,INV-600403,2025-06-18 00:00:00,199.1,Gourmet Foods & Coffee,10,19.91
C1041,INV-600403,2025-06-18 00:00:00,203.84,Electronics & Gadgets,1,203.84
C1073,INV-600722,2025-06-18 00:00:00,149.2,Beauty & Wellness,2,74.6
C1024,INV-600234,2025-06-18 00:00:00,466.95,Gourmet Foods & Coffee,15,31.13
C1708,INV-602995,2025-06-18 00:00:00,42.0,Sports & Outdoors,1,42.0
C1708,INV-602995,2025-06-18 00:00:00,28.0,Apparel & Designer Wear,1,28.0
C1030,INV-600293,2025-06-18 00:00:00,135.11,Apparel & Designer Wear,1,135.11
C1073,INV-600722,2025-06-18 00:00:00,151.62,Beauty & Wellness,2,75.81
C1129,INV-601179,2025-06-18 00:00:00,61.06,Beauty & Wellness,1,61.06
C1194,INV-601675,2025-06-18 00:00:00,63.89,Sports & Outdoors,1,63.89
C1708,INV-602995,2025-06-18 00:00:00,35.0,Home & Smart Living,1,35.0
C1567,INV-602495,2025-06-18 00:00:00,95.22,Sports & Outdoors,1,95.22
C1143,INV-601287,2025-06-18 00:00:00,73.56,Apparel & Designer Wear,2,36.78
C1143,INV-601287,2025-06-18 00:00:00,85.33,Beauty & Wellness,1,85.33
C1143,INV-601287,2025-06-18 00:00:00,87.43,Sports & Outdoors,1,87.43
C1573,INV-602524,2025-06-18 00:00:00,115.4,Home & Smart Living,1,115.4
C1573,INV-602524,2025-06-18 00:00:00,100.18,Beauty & Wellness,1,100.18
C1573,INV-602524,2025-06-18 00:00:00,107.47,Beauty & Wellness,1,107.47
C1073,INV-600722,2025-06-18 00:00:00,73.59,Gourmet Foods & Coffee,3,24.53
C1592,INV-602620,2025-06-18 00:00:00,110.84,Beauty & Wellness,1,110.84
C1592,INV-602620,2025-06-18 00:00:00,85.28,Apparel & Designer Wear,1,85.28
C1129,INV-601179,2025-06-18 00:00:00,95.81,Home & Smart Living,1,95.81
C1059,INV-600581,2025-06-18 00:00:00,173.24,Sports & Outdoors,2,86.62
C1136,INV-601232,2025-06-18 00:00:00,204.2,Beauty & Wellness,4,51.05
C1059,INV-600581,2025-06-18 00:00:00,176.65,Home & Smart Living,1,176.65
C1004,INV-600031,2025-06-19 00:00:00,269.01,Apparel & Designer Wear,1,269.01
C1031,INV-600303,2025-06-19 00:00:00,345.18,Beauty & Wellness,3,115.06
C1134,INV-601216,2025-06-19 00:00:00,88.68,Sports & Outdoors,1,88.68
C1134,INV-601216,2025-06-19 00:00:00,154.17,Sports & Outdoors,1,154.17
C1657,INV-602911,2025-06-19 00:00:00,256.53,Apparel & Designer Wear,3,85.51
C1657,INV-602911,2025-06-19 00:00:00,244.32,Beauty & Wellness,3,81.44
C1609,INV-602706,2025-06-19 00:00:00,102.77,Sports & Outdoors,1,102.77
C1694,INV-602972,2025-06-19 00:00:00,65.0,Electronics & Gadgets,1,65.0
C1157,INV-601396,2025-06-19 00:00:00,75.02,Gourmet Foods & Coffee,1,75.02
C1157,INV-601396,2025-06-19 00:00:00,115.81,Sports & Outdoors,1,115.81
C1609,INV-602706,2025-06-19 00:00:00,50.39,Sports & Outdoors,1,50.39
C1609,INV-602706,2025-06-19 00:00:00,107.23,Sports & Outdoors,1,107.23
C1694,INV-602972,2025-06-19 00:00:00,42.0,Sports & Outdoors,1,42.0
C1694,INV-602972,2025-06-19 00:00:00,28.0,Apparel & Designer Wear,1,28.0
C1108,INV-601024,2025-06-19 00:00:00,54.0,Beauty & Wellness,3,18.0
C1187,INV-601622,2025-06-19 00:00:00,296.04,Apparel & Designer Wear,2,148.02
C1108,INV-601024,2025-06-19 00:00:00,97.45,Beauty & Wellness,5,19.49
C1108,INV-601024,2025-06-19 00:00:00,61.36,Sports & Outdoors,1,61.36
C1587,INV-602591,2025-06-20 00:00:00,113.7,Gourmet Foods & Coffee,3,37.9
C1587,INV-602591,2025-06-20 00:00:00,94.43,Sports & Outdoors,1,94.43
C1613,INV-602724,2025-06-20 00:00:00,200.58,Sports & Outdoors,2,100.29
C1158,INV-601405,2025-06-20 00:00:00,71.1,Beauty & Wellness,1,71.1
C1618,INV-602752,2025-06-20 00:00:00,310.94,Home & Smart Living,2,155.47
C1455,INV-602242,2025-06-20 00:00:00,54.15,Sports & Outdoors,1,54.15
C1145,INV-601306,2025-06-20 00:00:00,152.42,Gourmet Foods & Coffee,2,76.21
C1455,INV-602242,2025-06-20 00:00:00,51.02,Beauty & Wellness,1,51.02
C1145,INV-601306,2025-06-20 00:00:00,108.83,Sports & Outdoors,1,108.83
C1158,INV-601405,2025-06-20 00:00:00,87.5,Gourmet Foods & Coffee,2,43.75
C1132,INV-601205,2025-06-20 00:00:00,124.96,Beauty & Wellness,4,31.24
C1158,INV-601405,2025-06-20 00:00:00,41.84,Beauty & Wellness,1,41.84
C1668,INV-602933,2025-06-20 00:00:00,70.74,Home & Smart Living,2,35.37
C1132,INV-601205,2025-06-20 00:00:00,68.32,Beauty & Wellness,2,34.16
C1587,INV-602591,2025-06-20 00:00:00,130.0,Electronics & Gadgets,2,65.0
C1038,INV-600371,2025-06-20 00:00:00,367.85,Electronics & Gadgets,1,367.85
C1481,INV-602325,2025-06-21 00:00:00,65.0,Electronics & Gadgets,1,65.0
C1597,INV-602645,2025-06-21 00:00:00,79.86,Beauty & Wellness,1,79.86
C1603,INV-602681,2025-06-21 00:00:00,275.13,Apparel & Designer Wear,3,91.71
C1458,INV-602252,2025-06-21 00:00:00,53.99,Gourmet Foods & Coffee,1,53.99
C1458,INV-602252,2025-06-21 00:00:00,55.66,Beauty & Wellness,1,55.66
C1200,INV-601720,2025-06-21 00:00:00,103.05,Gourmet Foods & Coffee,5,20.61
C1200,INV-601720,2025-06-21 00:00:00,65.0,Electronics & Gadgets,1,65.0
C1200,INV-601720,2025-06-21 00:00:00,91.84,Gourmet Foods & Coffee,2,45.92
C1458,INV-602252,2025-06-21 00:00:00,65.0,Electronics & Gadgets,1,65.0
C1033,INV-600325,2025-06-21 00:00:00,236.22,Electronics & Gadgets,1,236.22
C1574,INV-602529,2025-06-21 00:00:00,283.35,Beauty & Wellness,3,94.45
C1481,INV-602325,2025-06-21 00:00:00,37.63,Gourmet Foods & Coffee,1,37.63
C1597,INV-602645,2025-06-21 00:00:00,117.39,Apparel & Designer Wear,1,117.39
C1097,INV-600944,2025-06-21 00:00:00,155.88,Sports & Outdoors,2,77.94
C1481,INV-602325,2025-06-21 00:00:00,51.82,Gourmet Foods & Coffee,1,51.82
C1083,INV-600819,2025-06-22 00:00:00,146.2,Beauty & Wellness,4,36.55
C1472,INV-602296,2025-06-22 00:00:00,84.68,Apparel & Designer Wear,1,84.68
C1472,INV-602296,2025-06-22 00:00:00,76.9,Home & Smart Living,1,76.9
C1149,INV-601337,2025-06-22 00:00:00,66.24,Gourmet Foods & Coffee,4,16.56
C1084,INV-600830,2025-06-22 00:00:00,133.74,Beauty & Wellness,2,66.87
C1465,INV-602277,2025-06-22 00:00:00,62.36,Home & Smart Living,1,62.36
C1083,INV-600819,2025-06-22 00:00:00,117.81,Apparel & Designer Wear,1,117.81
C1473,INV-602300,2025-06-22 00:00:00,74.07,Home & Smart Living,1,74.07
C1465,INV-602277,2025-06-22 00:00:00,32.72,Gourmet Foods & Coffee,2,16.36
C1135,INV-601225,2025-06-22 00:00:00,65.0,Electronics & Gadgets,1,65.0
C1028,INV-600272,2025-06-22 00:00:00,60.68,Apparel & Designer Wear,1,60.68
C1149,INV-601337,2025-06-22 00:00:00,105.15,Beauty & Wellness,3,35.05
C1083,INV-600819,2025-06-22 00:00:00,68.65,Apparel & Designer Wear,1,68.65
C1568,INV-602499,2025-06-22 00:00:00,209.53,Home & Smart Living,1,209.53
C1135,INV-601225,2025-06-22 00:00:00,54.2,Home & Smart Living,1,54.2
C1028,INV-600272,2025-06-22 00:00:00,68.67,Home & Smart Living,1,68.67
C1029,INV-600282,2025-06-22 00:00:00,189.51,Beauty & Wellness,3,63.17
C1135,INV-601225,2025-06-22 00:00:00,66.24,Sports & Outdoors,1,66.24
C1084,INV-600830,2025-06-22 00:00:00,83.86,Home & Smart Living,1,83.86
C1084,INV-600830,2025-06-22 00:00:00,137.34,Gourmet Foods & Coffee,6,22.89
C1149,INV-601337,2025-06-22 00:00:00,68.61,Sports & Outdoors,1,68.61
C1028,INV-600272,2025-06-22 00:00:00,158.17,Apparel & Designer Wear,1,158.17
C1581,INV-602565,2025-06-22 00:00:00,180.79,Apparel & Designer Wear,1,180.79
C1099,INV-600958,2025-06-22 00:00:00,292.66,Apparel & Designer Wear,2,146.33
C1687,INV-602962,2025-06-22 00:00:00,38.25,Beauty & Wellness,1,38.25
C1138,INV-601247,2025-06-22 00:00:00,60.1,Home & Smart Living,1,60.1
C1138,INV-601247,2025-06-22 00:00:00,52.86,Apparel & Designer Wear,1,52.86
C1610,INV-602708,2025-06-22 00:00:00,370.34,Electronics & Gadgets,1,370.34
C1581,INV-602565,2025-06-22 00:00:00,158.72,Sports & Outdoors,1,158.72
C1138,INV-601247,2025-06-22 00:00:00,65.0,Electronics & Gadgets,1,65.0
C1432,INV-602174,2025-06-22 00:00:00,65.0,Electronics & Gadgets,1,65.0
C1260,INV-601901,2025-06-23 00:00:00,83.04,Beauty & Wellness,2,41.52
C1260,INV-601901,2025-06-23 00:00:00,54.08,Apparel & Designer Wear,1,54.08
C1131,INV-601197,2025-06-23 00:00:00,75.93,Sports & Outdoors,1,75.93
C1131,INV-601197,2025-06-23 00:00:00,99.84,Gourmet Foods & Coffee,4,24.96
C1131,INV-601197,2025-06-23 00:00:00,48.27,Gourmet Foods & Coffee,1,48.27
C1015,INV-600145,2025-06-23 00:00:00,313.44,Beauty & Wellness,8,39.18
C1002,INV-600013,2025-06-23 00:00:00,368.24,Apparel & Designer Wear,2,184.12
C1120,INV-601111,2025-06-24 00:00:00,134.88,Gourmet Foods & Coffee,3,44.96
C1120,INV-601111,2025-06-24 00:00:00,68.25,Electronics & Gadgets,1,68.25
C1174,INV-601526,2025-06-24 00:00:00,159.28,Gourmet Foods & Coffee,8,19.91
C1174,INV-601526,2025-06-24 00:00:00,130.88,Beauty & Wellness,2,65.44
C1534,INV-602425,2025-06-24 00:00:00,46.95,Apparel & Designer Wear,1,46.95
C1088,INV-600869,2025-06-24 00:00:00,446.94,Beauty & Wellness,6,74.49
C1188,INV-601632,2025-06-24 00:00:00,263.45,Gourmet Foods & Coffee,11,23.95
C1292,INV-601996,2025-06-25 00:00:00,78.24,Gourmet Foods & Coffee,4,19.56
C1292,INV-601996,2025-06-25 00:00:00,76.45,Beauty & Wellness,1,76.45
C1195,INV-601683,2025-06-25 00:00:00,99.25,Electronics & Gadgets,1,99.25
C1050,INV-600496,2025-06-25 00:00:00,77.06,Gourmet Foods & Coffee,2,38.53
C1645,INV-602865,2025-06-25 00:00:00,357.48,Apparel & Designer Wear,4,89.37
C1017,INV-600164,2025-06-25 00:00:00,123.92,Sports & Outdoors,1,123.92
C1017,INV-600164,2025-06-25 00:00:00,145.13,Sports & Outdoors,1,145.13
C1114,INV-601064,2025-06-25 00:00:00,65.73,Apparel & Designer Wear,1,65.73
C1114,INV-601064,2025-06-25 00:00:00,111.77,Electronics & Gadgets,1,111.77
C1179,INV-601561,2025-06-25 00:00:00,274.68,Sports & Outdoors,2,137.34
C1010,INV-600095,2025-06-25 00:00:00,462.33,Home & Smart Living,3,154.11
C1447,INV-602220,2025-06-25 00:00:00,125.91,Apparel & Designer Wear,3,41.97
C1195,INV-601683,2025-06-25 00:00:00,41.9,Home & Smart Living,1,41.9
C1037,INV-600361,2025-06-25 00:00:00,219.32,Home & Smart Living,4,54.83
C1195,INV-601683,2025-06-25 00:00:00,100.92,Apparel & Designer Wear,3,33.64
C1026,INV-600253,2025-06-25 00:00:00,74.78,Beauty & Wellness,1,74.78
C1462,INV-602266,2025-06-25 00:00:00,124.51,Electronics & Gadgets,1,124.51
C1026,INV-600253,2025-06-25 00:00:00,132.14,Apparel & Designer Wear,1,132.14
C1026,INV-600253,2025-06-25 00:00:00,112.42,Apparel & Designer Wear,1,112.42
C1050,INV-600496,2025-06-25 00:00:00,69.5,Electronics & Gadgets,1,69.5
C1037,INV-600361,2025-06-25 00:00:00,206.34,Electronics & Gadgets,1,206.34
C1627,INV-602798,2025-06-25 00:00:00,187.5,Apparel & Designer Wear,1,187.5
C1627,INV-602798,2025-06-25 00:00:00,70.98,Sports & Outdoors,1,70.98
C1292,INV-601996,2025-06-25 00:00:00,58.59,Sports & Outdoors,1,58.59
C1068,INV-600672,2025-06-25 00:00:00,283.36,Home & Smart Living,1,283.36
C1050,INV-600496,2025-06-25 00:00:00,65.0,Electronics & Gadgets,1,65.0
C1170,INV-601492,2025-06-26 00:00:00,143.1,Apparel & Designer Wear,2,71.55
C1474,INV-602304,2025-06-26 00:00:00,72.02,Beauty & Wellness,2,36.01
C1047,INV-600461,2025-06-26 00:00:00,65.06,Beauty & Wellness,1,65.06
C1047,INV-600461,2025-06-26 00:00:00,143.7,Apparel & Designer Wear,2,71.85
C1474,INV-602304,2025-06-26 00:00:00,65.48,Home & Smart Living,1,65.48
C1611,INV-602713,2025-06-26 00:00:00,220.42,Beauty & Wellness,2,110.21
C1047,INV-600461,2025-06-26 00:00:00,77.37,Electronics & Gadgets,1,77.37
C1184,INV-601595,2025-06-26 00:00:00,80.71,Beauty & Wellness,1,80.71
C1184,INV-601595,2025-06-26 00:00:00,127.82,Apparel & Designer Wear,2,63.91
C1463,INV-602270,2025-06-26 00:00:00,70.71,Sports & Outdoors,1,70.71
C1057,INV-600562,2025-06-26 00:00:00,111.67,Electronics & Gadgets,1,111.67
C1199,INV-601714,2025-06-26 00:00:00,144.23,Home & Smart Living,1,144.23
C1199,INV-601714,2025-06-26 00:00:00,123.81,Electronics & Gadgets,1,123.81
C1057,INV-600562,2025-06-26 00:00:00,111.64,Apparel & Designer Wear,1,111.64
C1057,INV-600562,2025-06-26 00:00:00,108.69,Home & Smart Living,1,108.69
C1005,INV-600042,2025-06-26 00:00:00,370.32,Gourmet Foods & Coffee,12,30.86
C1170,INV-601492,2025-06-26 00:00:00,102.65,Sports & Outdoors,1,102.65
C1067,INV-600662,2025-06-27 00:00:00,103.79,Home & Smart Living,1,103.79
C1602,INV-602675,2025-06-27 00:00:00,347.1,Sports & Outdoors,6,57.85
C1067,INV-600662,2025-06-27 00:00:00,200.14,Apparel & Designer Wear,1,200.14
C1013,INV-600125,2025-06-27 00:00:00,184.02,Home & Smart Living,1,184.02
C1013,INV-600125,2025-06-27 00:00:00,218.88,Gourmet Foods & Coffee,6,36.48
C1489,INV-602347,2025-06-27 00:00:00,152.9,Apparel & Designer Wear,2,76.45
C1020,INV-600194,2025-06-27 00:00:00,411.3,Gourmet Foods & Coffee,6,68.55
C1614,INV-602730,2025-06-27 00:00:00,127.0,Apparel & Designer Wear,2,63.5
C1272,INV-601936,2025-06-27 00:00:00,121.08,Beauty & Wellness,3,40.36
C1614,INV-602730,2025-06-27 00:00:00,74.41,Electronics & Gadgets,1,74.41
C1614,INV-602730,2025-06-27 00:00:00,106.6,Beauty & Wellness,1,106.6
C1079,INV-600781,2025-06-28 00:00:00,85.33,Apparel & Designer Wear,1,85.33
C1092,INV-600909,2025-06-28 00:00:00,126.08,Apparel & Designer Wear,1,126.08
C1092,INV-600909,2025-06-28 00:00:00,86.79,Beauty & Wellness,1,86.79
C1079,INV-600781,2025-06-28 00:00:00,136.94,Home & Smart Living,1,136.94
C1079,INV-600781,2025-06-28 00:00:00,123.88,Electronics & Gadgets,1,123.88
C1025,INV-600243,2025-06-29 00:00:00,93.48,Beauty & Wellness,1,93.48
C1025,INV-600243,2025-06-29 00:00:00,158.58,Sports & Outdoors,1,158.58
C1107,INV-601015,2025-06-29 00:00:00,102.18,Sports & Outdoors,1,102.18
C1063,INV-600624,2025-06-29 00:00:00,146.05,Sports & Outdoors,1,146.05
C1598,INV-602650,2025-06-29 00:00:00,138.09,Apparel & Designer Wear,1,138.09
C1063,INV-600624,2025-06-29 00:00:00,179.55,Home & Smart Living,1,179.55
C1683,INV-602958,2025-06-29 00:00:00,42.0,Sports & Outdoors,1,42.0
C1598,INV-602650,2025-06-29 00:00:00,92.7,Beauty & Wellness,5,18.54
C1628,INV-602802,2025-06-29 00:00:00,155.66,Home & Smart Living,1,155.66
C1628,INV-602802,2025-06-29 00:00:00,125.71,Apparel & Designer Wear,1,125.71
C1107,INV-601015,2025-06-29 00:00:00,139.12,Electronics & Gadgets,1,139.12
C1683,INV-602958,2025-06-29 00:00:00,18.0,Beauty & Wellness,1,18.0
C1123,INV-601134,2025-06-29 00:00:00,246.88,Electronics & Gadgets,2,123.44
C1096,INV-600941,2025-06-29 00:00:00,66.5,Gourmet Foods & Coffee,2,33.25
C1164,INV-601447,2025-06-29 00:00:00,72.97,Home & Smart Living,1,72.97
C1164,INV-601447,2025-06-29 00:00:00,120.24,Home & Smart Living,1,120.24
C1096,INV-600941,2025-06-29 00:00:00,48.88,Beauty & Wellness,1,48.88
C1096,INV-600941,2025-06-29 00:00:00,83.16,Gourmet Foods & Coffee,4,20.79
C1104,INV-600996,2025-06-30 00:00:00,139.46,Sports & Outdoors,1,139.46
C1161,INV-601426,2025-06-30 00:00:00,90.38,Beauty & Wellness,2,45.19
C1161,INV-601426,2025-06-30 00:00:00,65.0,Electronics & Gadgets,1,65.0
C1459,INV-602256,2025-06-30 00:00:00,21.83,Gourmet Foods & Coffee,1,21.83
C1106,INV-601007,2025-06-30 00:00:00,88.45,Home & Smart Living,1,88.45
C1106,INV-601007,2025-06-30 00:00:00,117.3,Gourmet Foods & Coffee,5,23.46
C1161,INV-601426,2025-06-30 00:00:00,96.45,Electronics & Gadgets,1,96.45
C1498,INV-602372,2025-06-30 00:00:00,65.0,Electronics & Gadgets,1,65.0
C1498,INV-602372,2025-06-30 00:00:00,48.78,Home & Smart Living,1,48.78
C1459,INV-602256,2025-06-30 00:00:00,54.11,Gourmet Foods & Coffee,1,54.11
C1498,INV-602372,2025-06-30 00:00:00,65.0,Electronics & Gadgets,1,65.0
C1127,INV-601166,2025-06-30 00:00:00,121.84,Beauty & Wellness,2,60.92
C1086,INV-600852,2025-06-30 00:00:00,221.12,Beauty & Wellness,8,27.64
C1071,INV-600702,2025-06-30 00:00:00,62.49,Beauty & Wellness,1,62.49
C1019,INV-600183,2025-06-30 00:00:00,101.51,Home & Smart Living,1,101.51
C1019,INV-600183,2025-06-30 00:00:00,182.25,Electronics & Gadgets,1,182.25
C1459,INV-602256,2025-06-30 00:00:00,35.0,Home & Smart Living,1,35.0
C1071,INV-600702,2025-06-30 00:00:00,149.58,Gourmet Foods & Coffee,2,74.79
C1071,INV-600702,2025-06-30 00:00:00,73.53,Sports & Outdoors,1,73.53
C1086,INV-600852,2025-06-30 00:00:00,223.16,Gourmet Foods & Coffee,4,55.79
C1127,INV-601166,2025-06-30 00:00:00,111.49,Beauty & Wellness,1,111.49
C1104,INV-600996,2025-06-30 00:00:00,149.81,Beauty & Wellness,1,149.81
C1009,INV-600084,2025-07-01 00:00:00,140.82,Sports & Outdoors,1,140.82
C1156,INV-601387,2025-07-01 00:00:00,220.63,Sports & Outdoors,1,220.63
C1516,INV-602401,2025-07-01 00:00:00,18.0,Beauty & Wellness,1,18.0
C1042,INV-600413,2025-07-01 00:00:00,115.02,Gourmet Foods & Coffee,6,19.17
C1042,INV-600413,2025-07-01 00:00:00,66.17,Electronics & Gadgets,1,66.17
C1055,INV-600541,2025-07-01 00:00:00,134.69,Electronics & Gadgets,1,134.69
C1055,INV-600541,2025-07-01 00:00:00,131.7,Beauty & Wellness,6,21.95
C1516,INV-602401,2025-07-01 00:00:00,42.0,Sports & Outdoors,1,42.0
C1516,INV-602401,2025-07-01 00:00:00,65.0,Electronics & Gadgets,1,65.0
C1009,INV-600084,2025-07-01 00:00:00,112.18,Gourmet Foods & Coffee,2,56.09
C1009,INV-600084,2025-07-01 00:00:00,130.74,Beauty & Wellness,2,65.37
C1167,INV-601469,2025-07-01 00:00:00,149.73,Beauty & Wellness,3,49.91
C1201,INV-601725,2025-07-01 00:00:00,70.13,Home & Smart Living,1,70.13
C1201,INV-601725,2025-07-01 00:00:00,100.6,Gourmet Foods & Coffee,2,50.3
C1128,INV-601171,2025-07-01 00:00:00,162.33,Apparel & Designer Wear,1,162.33
C1042,INV-600413,2025-07-01 00:00:00,140.39,Electronics & Gadgets,1,140.39
C1167,INV-601469,2025-07-01 00:00:00,138.82,Sports & Outdoors,1,138.82
C1055,INV-600541,2025-07-01 00:00:00,65.43,Electronics & Gadgets,1,65.43
C1115,INV-601073,2025-07-02 00:00:00,90.51,Apparel & Designer Wear,1,90.51
C1060,INV-600591,2025-07-02 00:00:00,232.05,Home & Smart Living,1,232.05
C1060,INV-600591,2025-07-02 00:00:00,221.42,Home & Smart Living,1,221.42
C1202,INV-601733,2025-07-02 00:00:00,168.72,Home & Smart Living,4,42.18
C1126,INV-601160,2025-07-02 00:00:00,65.0,Electronics & Gadgets,1,65.0
C1126,INV-601160,2025-07-02 00:00:00,84.35,Electronics & Gadgets,1,84.35
C1664,INV-602928,2025-07-02 00:00:00,65.0,Electronics & Gadgets,1,65.0
C1115,INV-601073,2025-07-02 00:00:00,126.09,Home & Smart Living,1,126.09
C1150,INV-601347,2025-07-02 00:00:00,241.22,Apparel & Designer Wear,2,120.61
C1147,INV-601323,2025-07-02 00:00:00,201.28,Gourmet Foods & Coffee,4,50.32
C1126,INV-601160,2025-07-02 00:00:00,71.86,Apparel & Designer Wear,1,71.86
C1542,INV-602438,2025-07-03 00:00:00,65.0,Electronics & Gadgets,1,65.0
C1065,INV-600643,2025-07-03 00:00:00,60.07,Beauty & Wellness,1,60.07
C1069,INV-600683,2025-07-03 00:00:00,113.55,Gourmet Foods & Coffee,3,37.85
C1676,INV-602945,2025-07-03 00:00:00,35.0,Home & Smart Living,1,35.0
C1692,INV-602969,2025-07-03 00:00:00,65.0,Electronics & Gadgets,1,65.0
C1065,INV-600643,2025-07-03 00:00:00,141.94,Home & Smart Living,1,141.94
C1692,INV-602969,2025-07-03 00:00:00,42.0,Sports & Outdoors,1,42.0
C1065,INV-600643,2025-07-03 00:00:00,66.89,Apparel & Designer Wear,1,66.89
C1676,INV-602945,2025-07-03 00:00:00,65.0,Electronics & Gadgets,1,65.0
C1175,INV-601530,2025-07-03 00:00:00,51.06,Gourmet Foods & Coffee,2,25.53
C1069,INV-600683,2025-07-03 00:00:00,143.31,Home & Smart Living,1,143.31
C1175,INV-601530,2025-07-03 00:00:00,53.63,Gourmet Foods & Coffee,1,53.63
C1175,INV-601530,2025-07-03 00:00:00,64.75,Gourmet Foods & Coffee,1,64.75
C1542,INV-602438,2025-07-03 00:00:00,35.0,Home & Smart Living,1,35.0
C1041,INV-600402,2025-07-03 00:00:00,94.64,Sports & Outdoors,1,94.64
C1041,INV-600402,2025-07-03 00:00:00,153.24,Electronics & Gadgets,2,76.62
C1041,INV-600402,2025-07-03 00:00:00,136.05,Sports & Outdoors,1,136.05
C1479,INV-602317,2025-07-03 00:00:00,65.0,Electronics & Gadgets,1,65.0
C1479,INV-602317,2025-07-03 00:00:00,68.67,Sports & Outdoors,1,68.67
C1571,INV-602514,2025-07-04 00:00:00,388.5,Sports & Outdoors,2,194.25
C1139,INV-601251,2025-07-04 00:00:00,155.58,Electronics & Gadgets,2,77.79
C1139,INV-601251,2025-07-04 00:00:00,79.02,Gourmet Foods & Coffee,1,79.02
C1087,INV-600861,2025-07-04 00:00:00,117.52,Gourmet Foods & Coffee,2,58.76
C1190,INV-601643,2025-07-04 00:00:00,136.64,Home & Smart Living,1,136.64
C1190,INV-601643,2025-07-04 00:00:00,90.0,Gourmet Foods & Coffee,2,45.0
C1191,INV-601652,2025-07-04 00:00:00,317.38,Home & Smart Living,2,158.69
C1103,INV-600987,2025-07-04 00:00:00,126.4,Sports & Outdoors,2,63.2
C1087,INV-600861,2025-07-04 00:00:00,118.16,Apparel & Designer Wear,2,59.08
C1198,INV-601704,2025-07-04 00:00:00,92.19,Beauty & Wellness,1,92.19
C1490,INV-602350,2025-07-04 00:00:00,65.0,Electronics & Gadgets,1,65.0
C1490,INV-602350,2025-07-04 00:00:00,52.46,Gourmet Foods & Coffee,2,26.23
C1198,INV-601704,2025-07-04 00:00:00,60.04,Home & Smart Living,1,60.04
C1087,INV-600861,2025-07-04 00:00:00,147.85,Beauty & Wellness,5,29.57
C1172,INV-601510,2025-07-04 00:00:00,129.85,Gourmet Foods & Coffee,5,25.97
C1490,INV-602350,2025-07-04 00:00:00,53.72,Apparel & Designer Wear,1,53.72
C1035,INV-600343,2025-07-05 00:00:00,137.24,Beauty & Wellness,2,68.62
C1046,INV-600451,2025-07-05 00:00:00,217.86,Apparel & Designer Wear,2,108.93
C1035,INV-600343,2025-07-05 00:00:00,75.07,Sports & Outdoors,1,75.07
C1003,INV-600021,2025-07-05 00:00:00,200.22,Apparel & Designer Wear,6,33.37
C1053,INV-600522,2025-07-05 00:00:00,131.02,Gourmet Foods & Coffee,2,65.51
C1122,INV-601125,2025-07-05 00:00:00,85.19,Beauty & Wellness,1,85.19
C1054,INV-600532,2025-07-05 00:00:00,364.7,Gourmet Foods & Coffee,7,52.1
C1053,INV-600522,2025-07-05 00:00:00,130.0,Electronics & Gadgets,2,65.0
C1122,INV-601125,2025-07-05 00:00:00,61.2,Gourmet Foods & Coffee,1,61.2
C1045,INV-600441,2025-07-05 00:00:00,157.44,Apparel & Designer Wear,2,78.72
C1045,INV-600441,2025-07-05 00:00:00,132.2,Sports & Outdoors,1,132.2
C1035,INV-600343,2025-07-05 00:00:00,82.1,Sports & Outdoors,1,82.1
C1122,INV-601125,2025-07-05 00:00:00,48.86,Gourmet Foods & Coffee,2,24.43
C1182,INV-601581,2025-07-05 00:00:00,183.81,Apparel & Designer Wear,1,183.81
C1032,INV-600313,2025-07-05 00:00:00,161.4,Sports & Outdoors,1,161.4
C1040,INV-600392,2025-07-05 00:00:00,65.5,Sports & Outdoors,1,65.5
C1080,INV-600793,2025-07-05 00:00:00,121.75,Electronics & Gadgets,1,121.75
C1032,INV-600313,2025-07-05 00:00:00,115.71,Gourmet Foods & Coffee,3,38.57
C1136,INV-601231,2025-07-05 00:00:00,103.41,Gourmet Foods & Coffee,3,34.47
C1136,INV-601231,2025-07-05 00:00:00,79.86,Gourmet Foods & Coffee,3,26.62
C1077,INV-600761,2025-07-05 00:00:00,126.78,Electronics & Gadgets,1,126.78
C1053,INV-600522,2025-07-05 00:00:00,88.59,Sports & Outdoors,1,88.59
C1143,INV-601286,2025-07-05 00:00:00,71.35,Home & Smart Living,1,71.35
C1045,INV-600441,2025-07-05 00:00:00,75.72,Beauty & Wellness,3,25.24
C1077,INV-600761,2025-07-05 00:00:00,101.74,Sports & Outdoors,1,101.74
C1143,INV-601286,2025-07-05 00:00:00,92.09,Beauty & Wellness,1,92.09
C1080,INV-600793,2025-07-05 00:00:00,158.76,Sports & Outdoors,1,158.76
C1091,INV-600901,2025-07-05 00:00:00,140.02,Beauty & Wellness,2,70.01
C1561,INV-602465,2025-07-05 00:00:00,41.34,Beauty & Wellness,1,41.34
C1143,INV-601286,2025-07-05 00:00:00,47.42,Home & Smart Living,1,47.42
C1040,INV-600392,2025-07-05 00:00:00,134.04,Gourmet Foods & Coffee,6,22.34
C1130,INV-601188,2025-07-05 00:00:00,159.12,Gourmet Foods & Coffee,3,53.04
C1040,INV-600392,2025-07-05 00:00:00,73.7,Gourmet Foods & Coffee,5,14.74
C1112,INV-601049,2025-07-06 00:00:00,303.68,Home & Smart Living,2,151.84
C1154,INV-601375,2025-07-06 00:00:00,103.43,Home & Smart Living,1,103.43
C1434,INV-602179,2025-07-06 00:00:00,26.15,Gourmet Foods & Coffee,1,26.15
C1154,INV-601375,2025-07-06 00:00:00,65.0,Electronics & Gadgets,1,65.0
C1177,INV-601546,2025-07-06 00:00:00,82.78,Home & Smart Living,1,82.78
C1434,INV-602179,2025-07-06 00:00:00,25.49,Beauty & Wellness,1,25.49
C1177,INV-601546,2025-07-06 00:00:00,86.94,Gourmet Foods & Coffee,3,28.98
C1500,INV-602380,2025-07-06 00:00:00,107.12,Apparel & Designer Wear,1,107.12
C1434,INV-602179,2025-07-06 00:00:00,51.02,Home & Smart Living,1,51.02
C1154,INV-601375,2025-07-06 00:00:00,47.34,Gourmet Foods & Coffee,3,15.78
C1177,INV-601546,2025-07-06 00:00:00,104.74,Electronics & Gadgets,1,104.74
C1163,INV-601439,2025-07-06 00:00:00,65.0,Electronics & Gadgets,1,65.0
C1478,INV-602313,2025-07-06 00:00:00,33.63,Gourmet Foods & Coffee,1,33.63
C1163,INV-601439,2025-07-06 00:00:00,100.29,Sports & Outdoors,1,100.29
C1163,INV-601439,2025-07-06 00:00:00,65.0,Electronics & Gadgets,1,65.0
C1478,INV-602313,2025-07-06 00:00:00,54.77,Apparel & Designer Wear,1,54.77
C1592,INV-602619,2025-07-07 00:00:00,76.05,Electronics & Gadgets,1,76.05
C1592,INV-602619,2025-07-07 00:00:00,86.26,Sports & Outdoors,2,43.13
C1119,INV-601104,2025-07-07 00:00:00,63.12,Beauty & Wellness,1,63.12
C1119,INV-601104,2025-07-07 00:00:00,46.07,Gourmet Foods & Coffee,1,46.07
C1119,INV-601104,2025-07-07 00:00:00,70.68,Beauty & Wellness,1,70.68
C1485,INV-602337,2025-07-07 00:00:00,148.31,Home & Smart Living,1,148.31
C1185,INV-601605,2025-07-07 00:00:00,148.48,Gourmet Foods & Coffee,2,74.24
C1048,INV-600472,2025-07-07 00:00:00,63.53,Gourmet Foods & Coffee,1,63.53
C1185,INV-601605,2025-07-07 00:00:00,137.05,Home & Smart Living,1,137.05
C1048,INV-600472,2025-07-07 00:00:00,150.69,Home & Smart Living,1,150.69
C1048,INV-600472,2025-07-07 00:00:00,125.54,Electronics & Gadgets,1,125.54
C1153,INV-601367,2025-07-07 00:00:00,137.6,Apparel & Designer Wear,1,137.6
C1592,INV-602619,2025-07-07 00:00:00,82.9,Sports & Outdoors,1,82.9
C1100,INV-600963,2025-07-08 00:00:00,282.2,Beauty & Wellness,4,70.55
C1090,INV-600892,2025-07-08 00:00:00,477.21,Electronics & Gadgets,1,477.21
C1124,INV-601143,2025-07-08 00:00:00,73.67,Home & Smart Living,1,73.67
C1124,INV-601143,2025-07-08 00:00:00,116.22,Beauty & Wellness,2,58.11
C1438,INV-602195,2025-07-08 00:00:00,42.41,Beauty & Wellness,1,42.41
C1431,INV-602169,2025-07-08 00:00:00,82.56,Electronics & Gadgets,1,82.56
C1038,INV-600370,2025-07-08 00:00:00,208.24,Beauty & Wellness,2,104.12
C1431,INV-602169,2025-07-08 00:00:00,57.85,Sports & Outdoors,1,57.85
C1082,INV-600809,2025-07-08 00:00:00,182.52,Home & Smart Living,1,182.52
C1082,INV-600809,2025-07-08 00:00:00,96.5,Beauty & Wellness,1,96.5
C1038,INV-600370,2025-07-08 00:00:00,172.11,Home & Smart Living,3,57.37
C1438,INV-602195,2025-07-08 00:00:00,52.75,Apparel & Designer Wear,1,52.75
C1093,INV-600918,2025-07-08 00:00:00,95.27,Gourmet Foods & Coffee,1,95.27
C1438,INV-602195,2025-07-08 00:00:00,35.0,Home & Smart Living,1,35.0
C1141,INV-601270,2025-07-08 00:00:00,197.08,Beauty & Wellness,4,49.27
C1093,INV-600918,2025-07-08 00:00:00,56.79,Sports & Outdoors,1,56.79
C1093,INV-600918,2025-07-08 00:00:00,79.99,Apparel & Designer Wear,1,79.99
C1505,INV-602389,2025-07-08 00:00:00,42.14,Gourmet Foods & Coffee,1,42.14
C1480,INV-602320,2025-07-09 00:00:00,28.74,Apparel & Designer Wear,1,28.74
C1480,INV-602320,2025-07-09 00:00:00,55.78,Apparel & Designer Wear,1,55.78
C1539,INV-602433,2025-07-09 00:00:00,42.44,Home & Smart Living,1,42.44
C1539,INV-602433,2025-07-09 00:00:00,28.0,Apparel & Designer Wear,1,28.0
C1536,INV-602428,2025-07-09 00:00:00,35.0,Home & Smart Living,1,35.0
C1536,INV-602428,2025-07-09 00:00:00,22.71,Beauty & Wellness,1,22.71
C1480,INV-602320,2025-07-09 00:00:00,41.72,Apparel & Designer Wear,1,41.72
C1536,INV-602428,2025-07-09 00:00:00,29.85,Beauty & Wellness,1,29.85
C1108,INV-601023,2025-07-09 00:00:00,287.76,Gourmet Foods & Coffee,6,47.96
C1497,INV-602369,2025-07-10 00:00:00,70.98,Apparel & Designer Wear,2,35.49
C1197,INV-601700,2025-07-10 00:00:00,75.96,Home & Smart Living,1,75.96
C1029,INV-600281,2025-07-10 00:00:00,94.44,Beauty & Wellness,4,23.61
C1029,INV-600281,2025-07-10 00:00:00,81.8,Gourmet Foods & Coffee,4,20.45
C1197,INV-601700,2025-07-10 00:00:00,92.0,Sports & Outdoors,1,92.0
C1428,INV-602161,2025-07-10 00:00:00,28.0,Apparel & Designer Wear,1,28.0
C1098,INV-600953,2025-07-10 00:00:00,319.62,Sports & Outdoors,7,45.66
C1029,INV-600281,2025-07-10 00:00:00,99.59,Electronics & Gadgets,1,99.59
C1197,INV-601700,2025-07-10 00:00:00,75.0,Sports & Outdoors,1,75.0
C1094,INV-600925,2025-07-10 00:00:00,150.98,Electronics & Gadgets,1,150.98
C1094,INV-600925,2025-07-10 00:00:00,90.09,Home & Smart Living,1,90.09
C1428,INV-602161,2025-07-10 00:00:00,65.0,Electronics & Gadgets,1,65.0
C1624,INV-602783,2025-07-10 00:00:00,155.67,Beauty & Wellness,3,51.89
C1624,INV-602783,2025-07-10 00:00:00,181.68,Apparel & Designer Wear,3,60.56
C1144,INV-601297,2025-07-10 00:00:00,281.49,Sports & Outdoors,3,93.83
C1428,INV-602161,2025-07-10 00:00:00,50.23,Sports & Outdoors,1,50.23
C1613,INV-602723,2025-07-10 00:00:00,246.6,Home & Smart Living,6,41.1
C1085,INV-600841,2025-07-11 00:00:00,150.48,Gourmet Foods & Coffee,2,75.24
C1084,INV-600829,2025-07-11 00:00:00,96.56,Beauty & Wellness,1,96.56
C1603,INV-602680,2025-07-11 00:00:00,85.12,Sports & Outdoors,1,85.12
C1567,INV-602494,2025-07-11 00:00:00,288.33,Electronics & Gadgets,1,288.33
C1603,INV-602680,2025-07-11 00:00:00,101.2,Electronics & Gadgets,1,101.2
C1085,INV-600841,2025-07-11 00:00:00,83.8,Apparel & Designer Wear,2,41.9
C1085,INV-600841,2025-07-11 00:00:00,117.45,Home & Smart Living,1,117.45
C1084,INV-600829,2025-07-11 00:00:00,96.64,Home & Smart Living,1,96.64
C1603,INV-602680,2025-07-11 00:00:00,65.0,Electronics & Gadgets,1,65.0
C1084,INV-600829,2025-07-11 00:00:00,96.42,Gourmet Foods & Coffee,6,16.07
C1002,INV-600012,2025-07-11 00:00:00,166.44,Apparel & Designer Wear,4,41.61
C1002,INV-600012,2025-07-11 00:00:00,149.91,Sports & Outdoors,1,149.91
C1466,INV-602280,2025-07-11 00:00:00,70.05,Gourmet Foods & Coffee,3,23.35
C1466,INV-602280,2025-07-11 00:00:00,65.0,Electronics & Gadgets,1,65.0
C1262,INV-601909,2025-07-11 00:00:00,190.06,Apparel & Designer Wear,1,190.06
C1014,INV-600135,2025-07-12 00:00:00,92.67,Home & Smart Living,1,92.67
C1448,INV-602223,2025-07-12 00:00:00,80.28,Sports & Outdoors,1,80.28
C1014,INV-600135,2025-07-12 00:00:00,133.24,Home & Smart Living,2,66.62
C1033,INV-600324,2025-07-12 00:00:00,313.42,Home & Smart Living,1,313.42
C1171,INV-601501,2025-07-12 00:00:00,72.68,Beauty & Wellness,1,72.68
C1014,INV-600135,2025-07-12 00:00:00,73.22,Apparel & Designer Wear,1,73.22
C1448,INV-602223,2025-07-12 00:00:00,53.28,Home & Smart Living,1,53.28
C1131,INV-601196,2025-07-12 00:00:00,61.97,Gourmet Foods & Coffee,1,61.97
C1169,INV-601484,2025-07-12 00:00:00,136.6,Gourmet Foods & Coffee,2,68.3
C1049,INV-600483,2025-07-12 00:00:00,200.06,Gourmet Foods & Coffee,7,28.58
C1131,INV-601196,2025-07-12 00:00:00,138.35,Sports & Outdoors,1,138.35
C1049,INV-600483,2025-07-12 00:00:00,118.59,Sports & Outdoors,1,118.59
C1169,INV-601484,2025-07-12 00:00:00,130.02,Beauty & Wellness,2,65.01
C1171,INV-601501,2025-07-12 00:00:00,65.0,Electronics & Gadgets,1,65.0
C1171,INV-601501,2025-07-12 00:00:00,63.81,Sports & Outdoors,1,63.81
C1166,INV-601464,2025-07-12 00:00:00,127.7,Gourmet Foods & Coffee,2,63.85
C1465,INV-602276,2025-07-12 00:00:00,50.96,Sports & Outdoors,1,50.96
C1465,INV-602276,2025-07-12 00:00:00,64.02,Gourmet Foods & Coffee,2,32.01
C1061,INV-600601,2025-07-13 00:00:00,284.19,Sports & Outdoors,1,284.19
C1036,INV-600352,2025-07-13 00:00:00,391.8,Gourmet Foods & Coffee,12,32.65
C1044,INV-600432,2025-07-13 00:00:00,200.1,Home & Smart Living,2,100.05
C1044,INV-600432,2025-07-13 00:00:00,199.32,Apparel & Designer Wear,1,199.32
C1657,INV-602910,2025-07-13 00:00:00,544.32,Electronics & Gadgets,3,181.44
C1058,INV-600569,2025-07-13 00:00:00,360.24,Beauty & Wellness,4,90.06
C1157,INV-601395,2025-07-13 00:00:00,71.02,Home & Smart Living,2,35.51
C1157,INV-601395,2025-07-13 00:00:00,156.82,Sports & Outdoors,1,156.82
C1059,INV-600580,2025-07-14 00:00:00,345.65,Beauty & Wellness,5,69.13
C1595,INV-602634,2025-07-14 00:00:00,83.1,Sports & Outdoors,1,83.1
C1595,INV-602634,2025-07-14 00:00:00,149.78,Apparel & Designer Wear,2,74.89
C1102,INV-600979,2025-07-14 00:00:00,133.7,Beauty & Wellness,2,66.85
C1075,INV-600741,2025-07-14 00:00:00,208.32,Home & Smart Living,1,208.32
C1102,INV-600979,2025-07-14 00:00:00,159.9,Sports & Outdoors,3,53.3
C1075,INV-600741,2025-07-14 00:00:00,117.5,Beauty & Wellness,1,117.5
C1656,INV-602905,2025-07-14 00:00:00,137.5,Beauty & Wellness,5,27.5
C1656,INV-602905,2025-07-14 00:00:00,197.82,Beauty & Wellness,6,32.97
C1656,INV-602905,2025-07-14 00:00:00,98.32,Gourmet Foods & Coffee,2,49.16
C1078,INV-600771,2025-07-14 00:00:00,299.6,Beauty & Wellness,7,42.8
C1063,INV-600623,2025-07-14 00:00:00,232.04,Beauty & Wellness,4,58.01
C1063,INV-600623,2025-07-14 00:00:00,160.36,Home & Smart Living,4,40.09
C1462,INV-602265,2025-07-14 00:00:00,151.64,Sports & Outdoors,2,75.82
C1432,INV-602173,2025-07-15 00:00:00,107.1,Gourmet Foods & Coffee,3,35.7
C1196,INV-601691,2025-07-15 00:00:00,89.86,Electronics & Gadgets,1,89.86
C1196,INV-601691,2025-07-15 00:00:00,40.95,Apparel & Designer Wear,1,40.95
C1222,INV-601791,2025-07-15 00:00:00,53.15,Beauty & Wellness,1,53.15
C1222,INV-601791,2025-07-15 00:00:00,68.02,Gourmet Foods & Coffee,2,34.01
C1196,INV-601691,2025-07-15 00:00:00,43.2,Gourmet Foods & Coffee,2,21.6
C1089,INV-600882,2025-07-15 00:00:00,328.11,Home & Smart Living,3,109.37
C1121,INV-601117,2025-07-15 00:00:00,136.71,Beauty & Wellness,1,136.71
C1133,INV-601210,2025-07-15 00:00:00,138.27,Electronics & Gadgets,1,138.27
C1121,INV-601117,2025-07-15 00:00:00,119.82,Electronics & Gadgets,1,119.82
C1133,INV-601210,2025-07-15 00:00:00,132.83,Sports & Outdoors,1,132.83
C1116,INV-601081,2025-07-15 00:00:00,163.71,Beauty & Wellness,3,54.57
C1101,INV-600972,2025-07-16 00:00:00,47.78,Beauty & Wellness,1,47.78
C1017,INV-600163,2025-07-16 00:00:00,125.68,Apparel & Designer Wear,2,62.84
C1101,INV-600972,2025-07-16 00:00:00,70.68,Beauty & Wellness,1,70.68
C1006,INV-600053,2025-07-16 00:00:00,310.37,Sports & Outdoors,1,310.37
C1443,INV-602210,2025-07-16 00:00:00,102.08,Electronics & Gadgets,1,102.08
C1164,INV-601446,2025-07-16 00:00:00,106.06,Electronics & Gadgets,1,106.06
C1164,INV-601446,2025-07-16 00:00:00,56.67,Gourmet Foods & Coffee,3,18.89
C1155,INV-601380,2025-07-16 00:00:00,103.94,Apparel & Designer Wear,2,51.97
C1164,INV-601446,2025-07-16 00:00:00,65.0,Electronics & Gadgets,1,65.0
C1017,INV-600163,2025-07-16 00:00:00,70.36,Home & Smart Living,1,70.36
C1017,INV-600163,2025-07-16 00:00:00,156.84,Electronics & Gadgets,1,156.84
C1155,INV-601380,2025-07-16 00:00:00,44.39,Apparel & Designer Wear,1,44.39
C1155,INV-601380,2025-07-16 00:00:00,99.67,Electronics & Gadgets,1,99.67
C1178,INV-601555,2025-07-16 00:00:00,247.58,Apparel & Designer Wear,2,123.79
C1101,INV-600972,2025-07-16 00:00:00,68.92,Electronics & Gadgets,1,68.92
C1562,INV-602467,2025-07-17 00:00:00,35.0,Home & Smart Living,1,35.0
C1455,INV-602241,2025-07-17 00:00:00,73.08,Beauty & Wellness,1,73.08
C1455,INV-602241,2025-07-17 00:00:00,65.14,Beauty & Wellness,1,65.14
C1566,INV-602488,2025-07-17 00:00:00,154.29,Beauty & Wellness,3,51.43
C1460,INV-602258,2025-07-17 00:00:00,33.84,Gourmet Foods & Coffee,2,16.92
C1460,INV-602258,2025-07-17 00:00:00,40.28,Gourmet Foods & Coffee,1,40.28
C1460,INV-602258,2025-07-17 00:00:00,28.0,Apparel & Designer Wear,1,28.0
C1562,INV-602467,2025-07-17 00:00:00,45.45,Apparel & Designer Wear,1,45.45
C1231,INV-601821,2025-07-17 00:00:00,65.0,Electronics & Gadgets,1,65.0
C1566,INV-602488,2025-07-17 00:00:00,193.43,Apparel & Designer Wear,1,193.43
C1231,INV-601821,2025-07-17 00:00:00,65.0,Electronics & Gadgets,1,65.0
C1013,INV-600124,2025-07-17 00:00:00,235.43,Gourmet Foods & Coffee,13,18.11
C1013,INV-600124,2025-07-17 00:00:00,140.78,Home & Smart Living,1,140.78
C1022,INV-600214,2025-07-17 00:00:00,201.5,Beauty & Wellness,2,100.75
C1022,INV-600214,2025-07-17 00:00:00,209.9,Electronics & Gadgets,1,209.9
C1167,INV-601468,2025-07-17 00:00:00,205.31,Gourmet Foods & Coffee,7,29.33
C1231,INV-601821,2025-07-17 00:00:00,44.07,Home & Smart Living,1,44.07
C1120,INV-601110,2025-07-17 00:00:00,134.6,Home & Smart Living,1,134.6
C1120,INV-601110,2025-07-17 00:00:00,63.78,Beauty & Wellness,2,31.89
C1284,INV-601972,2025-07-17 00:00:00,117.96,Beauty & Wellness,1,117.96
C1051,INV-600503,2025-07-17 00:00:00,215.86,Apparel & Designer Wear,2,107.93
C1051,INV-600503,2025-07-17 00:00:00,189.56,Home & Smart Living,1,189.56
C1284,INV-601972,2025-07-17 00:00:00,116.41,Electronics & Gadgets,1,116.41
C1602,INV-602674,2025-07-18 00:00:00,103.13,Electronics & Gadgets,1,103.13
C1602,INV-602674,2025-07-18 00:00:00,154.2,Gourmet Foods & Coffee,6,25.7
C1019,INV-600182,2025-07-18 00:00:00,178.71,Home & Smart Living,1,178.71
C1019,INV-600182,2025-07-18 00:00:00,136.56,Electronics & Gadgets,1,136.56
C1581,INV-602564,2025-07-18 00:00:00,297.96,Home & Smart Living,3,99.32
C1252,INV-601876,2025-07-18 00:00:00,202.75,Gourmet Foods & Coffee,5,40.55
C1126,INV-601159,2025-07-18 00:00:00,144.96,Beauty & Wellness,6,24.16
C1614,INV-602729,2025-07-18 00:00:00,121.15,Apparel & Designer Wear,1,121.15
C1614,INV-602729,2025-07-18 00:00:00,128.96,Beauty & Wellness,1,128.96
C1123,INV-601133,2025-07-18 00:00:00,87.96,Gourmet Foods & Coffee,2,43.98
C1123,INV-601133,2025-07-18 00:00:00,74.76,Beauty & Wellness,2,37.38
C1614,INV-602729,2025-07-18 00:00:00,78.57,Home & Smart Living,1,78.57
C1123,INV-601133,2025-07-18 00:00:00,40.4,Gourmet Foods & Coffee,1,40.4
C1024,INV-600233,2025-07-19 00:00:00,224.24,Sports & Outdoors,1,224.24
C1176,INV-601540,2025-07-19 00:00:00,110.04,Home & Smart Living,2,55.02
C1176,INV-601540,2025-07-19 00:00:00,99.32,Sports & Outdoors,1,99.32
C1165,INV-601455,2025-07-19 00:00:00,84.03,Electronics & Gadgets,1,84.03
C1165,INV-601455,2025-07-19 00:00:00,101.51,Home & Smart Living,1,101.51
C1142,INV-601280,2025-07-19 00:00:00,65.0,Electronics & Gadgets,1,65.0
C1149,INV-601336,2025-07-19 00:00:00,77.04,Home & Smart Living,1,77.04
C1074,INV-600732,2025-07-19 00:00:00,320.04,Home & Smart Living,7,45.72
C1149,INV-601336,2025-07-19 00:00:00,84.18,Beauty & Wellness,1,84.18
C1142,INV-601280,2025-07-19 00:00:00,86.87,Apparel & Designer Wear,1,86.87
C1142,INV-601280,2025-07-19 00:00:00,91.77,Sports & Outdoors,1,91.77
C1492,INV-602355,2025-07-19 00:00:00,74.98,Sports & Outdoors,1,74.98
C1165,INV-601455,2025-07-19 00:00:00,102.48,Home & Smart Living,1,102.48
C1024,INV-600233,2025-07-19 00:00:00,123.82,Gourmet Foods & Coffee,2,61.91
C1430,INV-602166,2025-07-19 00:00:00,79.51,Home & Smart Living,1,79.51
C1450,INV-602229,2025-07-20 00:00:00,65.0,Electronics & Gadgets,1,65.0
C1011,INV-600104,2025-07-20 00:00:00,155.87,Home & Smart Living,1,155.87
C1011,INV-600104,2025-07-20 00:00:00,202.34,Sports & Outdoors,1,202.34
C1008,INV-600072,2025-07-20 00:00:00,116.44,Sports & Outdoors,2,58.22
C1079,INV-600780,2025-07-20 00:00:00,72.99,Sports & Outdoors,1,72.99
C1450,INV-602229,2025-07-20 00:00:00,36.0,Beauty & Wellness,2,18.0
C1437,INV-602190,2025-07-20 00:00:00,80.03,Sports & Outdoors,1,80.03
C1437,INV-602190,2025-07-20 00:00:00,39.49,Apparel & Designer Wear,1,39.49
C1079,INV-600780,2025-07-20 00:00:00,116.6,Gourmet Foods & Coffee,2,58.3
C1008,INV-600072,2025-07-20 00:00:00,144.05,Apparel & Designer Wear,1,144.05
C1079,INV-600780,2025-07-20 00:00:00,130.81,Electronics & Gadgets,1,130.81
C1008,INV-600072,2025-07-20 00:00:00,113.41,Sports & Outdoors,1,113.41
C1192,INV-601660,2025-07-20 00:00:00,77.71,Electronics & Gadgets,1,77.71
C1192,INV-601660,2025-07-20 00:00:00,98.21,Sports & Outdoors,1,98.21
C1192,INV-601660,2025-07-20 00:00:00,100.87,Electronics & Gadgets,1,100.87
C1145,INV-601305,2025-07-21 00:00:00,67.11,Electronics & Gadgets,1,67.11
C1495,INV-602364,2025-07-21 00:00:00,169.62,Gourmet Foods & Coffee,2,84.81
C1010,INV-600094,2025-07-21 00:00:00,129.74,Home & Smart Living,2,64.87
C1010,INV-600094,2025-07-21 00:00:00,72.0,Beauty & Wellness,4,18.0
C1132,INV-601204,2025-07-21 00:00:00,244.4,Gourmet Foods & Coffee,13,18.8
C1193,INV-601666,2025-07-21 00:00:00,75.05,Beauty & Wellness,1,75.05
C1564,INV-602475,2025-07-21 00:00:00,104.62,Home & Smart Living,1,104.62
C1564,INV-602475,2025-07-21 00:00:00,102.9,Beauty & Wellness,5,20.58
C1145,INV-601305,2025-07-21 00:00:00,85.79,Beauty & Wellness,1,85.79
C1193,INV-601666,2025-07-21 00:00:00,127.45,Sports & Outdoors,1,127.45
C1564,INV-602475,2025-07-21 00:00:00,98.47,Sports & Outdoors,1,98.47
C1010,INV-600094,2025-07-21 00:00:00,106.94,Home & Smart Living,1,106.94
C1186,INV-601612,2025-07-21 00:00:00,117.76,Apparel & Designer Wear,1,117.76
C1186,INV-601612,2025-07-21 00:00:00,89.3,Apparel & Designer Wear,1,89.3
C1140,INV-601260,2025-07-22 00:00:00,80.28,Gourmet Foods & Coffee,3,26.76
C1030,INV-600292,2025-07-22 00:00:00,127.14,Gourmet Foods & Coffee,2,63.57
C1030,INV-600292,2025-07-22 00:00:00,129.63,Home & Smart Living,1,129.63
C1125,INV-601150,2025-07-22 00:00:00,57.42,Apparel & Designer Wear,1,57.42
C1125,INV-601150,2025-07-22 00:00:00,41.88,Gourmet Foods & Coffee,1,41.88
C1080,INV-600792,2025-07-22 00:00:00,156.64,Beauty & Wellness,8,19.58
C1034,INV-600334,2025-07-22 00:00:00,92.59,Apparel & Designer Wear,1,92.59
C1080,INV-600792,2025-07-22 00:00:00,109.97,Home & Smart Living,1,109.97
C1030,INV-600292,2025-07-22 00:00:00,64.69,Beauty & Wellness,1,64.69
C1023,INV-600223,2025-07-22 00:00:00,84.96,Home & Smart Living,1,84.96
C1023,INV-600223,2025-07-22 00:00:00,71.78,Sports & Outdoors,1,71.78
C1034,INV-600334,2025-07-22 00:00:00,96.5,Beauty & Wellness,1,96.5
C1140,INV-601260,2025-07-22 00:00:00,81.99,Sports & Outdoors,1,81.99
C1034,INV-600334,2025-07-22 00:00:00,119.22,Apparel & Designer Wear,1,119.22
C1140,INV-601260,2025-07-22 00:00:00,54.71,Beauty & Wellness,1,54.71
C1020,INV-600193,2025-07-22 00:00:00,73.1,Sports & Outdoors,1,73.1
C1020,INV-600193,2025-07-22 00:00:00,126.19,Electronics & Gadgets,1,126.19
C1020,INV-600193,2025-07-22 00:00:00,143.51,Sports & Outdoors,1,143.51
C1080,INV-600792,2025-07-22 00:00:00,65.61,Home & Smart Living,1,65.61
C1023,INV-600223,2025-07-22 00:00:00,78.6,Gourmet Foods & Coffee,2,39.3
C1072,INV-600712,2025-07-22 00:00:00,114.2,Apparel & Designer Wear,2,57.1
C1125,INV-601150,2025-07-22 00:00:00,49.82,Gourmet Foods & Coffee,2,24.91
C1187,INV-601621,2025-07-22 00:00:00,85.8,Gourmet Foods & Coffee,3,28.6
C1072,INV-600712,2025-07-22 00:00:00,97.35,Electronics & Gadgets,1,97.35
C1135,INV-601224,2025-07-22 00:00:00,102.27,Electronics & Gadgets,1,102.27
C1187,INV-601621,2025-07-22 00:00:00,136.13,Electronics & Gadgets,1,136.13
C1135,INV-601224,2025-07-22 00:00:00,156.97,Home & Smart Living,1,156.97
C1429,INV-602163,2025-07-23 00:00:00,151.04,Home & Smart Living,2,75.52
C1177,INV-601545,2025-07-23 00:00:00,40.37,Apparel & Designer Wear,1,40.37
C1177,INV-601545,2025-07-23 00:00:00,101.44,Sports & Outdoors,1,101.44
C1018,INV-600173,2025-07-23 00:00:00,294.06,Apparel & Designer Wear,2,147.03
C1177,INV-601545,2025-07-23 00:00:00,100.74,Electronics & Gadgets,1,100.74
C1229,INV-601813,2025-07-23 00:00:00,198.47,Electronics & Gadgets,1,198.47
C1152,INV-601361,2025-07-23 00:00:00,176.88,Beauty & Wellness,2,88.44
C1070,INV-600691,2025-07-23 00:00:00,212.04,Apparel & Designer Wear,4,53.01
C1258,INV-601895,2025-07-23 00:00:00,69.86,Sports & Outdoors,1,69.86
C1258,INV-601895,2025-07-23 00:00:00,109.02,Home & Smart Living,2,54.51
C1141,INV-601269,2025-07-24 00:00:00,49.46,Beauty & Wellness,1,49.46
C1174,INV-601525,2025-07-24 00:00:00,114.56,Beauty & Wellness,2,57.28
C1001,INV-600004,2025-07-24 00:00:00,129.68,Sports & Outdoors,2,64.84
C1110,INV-601035,2025-07-24 00:00:00,65.0,Electronics & Gadgets,1,65.0
C1265,INV-601917,2025-07-24 00:00:00,56.64,Home & Smart Living,1,56.64
C1115,INV-601072,2025-07-24 00:00:00,105.0,Home & Smart Living,3,35.0
C1073,INV-600721,2025-07-24 00:00:00,214.8,Electronics & Gadgets,2,107.4
C1534,INV-602424,2025-07-24 00:00:00,73.34,Home & Smart Living,1,73.34
C1115,INV-601072,2025-07-24 00:00:00,56.0,Apparel & Designer Wear,2,28.0
C1265,INV-601917,2025-07-24 00:00:00,35.0,Home & Smart Living,1,35.0
C1115,INV-601072,2025-07-24 00:00:00,49.15,Gourmet Foods & Coffee,1,49.15
C1170,INV-601491,2025-07-24 00:00:00,286.44,Beauty & Wellness,14,20.46
C1105,INV-601000,2025-07-24 00:00:00,152.05,Sports & Outdoors,1,152.05
C1472,INV-602295,2025-07-24 00:00:00,54.13,Beauty & Wellness,1,54.13
C1001,INV-600004,2025-07-24 00:00:00,170.44,Beauty & Wellness,2,85.22
C1438,INV-602194,2025-07-24 00:00:00,148.9,Apparel & Designer Wear,2,74.45
C1472,INV-602295,2025-07-24 00:00:00,42.0,Sports & Outdoors,1,42.0
C1118,INV-601095,2025-07-24 00:00:00,93.28,Gourmet Foods & Coffee,1,93.28
C1188,INV-601631,2025-07-24 00:00:00,112.29,Sports & Outdoors,1,112.29
C1188,INV-601631,2025-07-24 00:00:00,78.27,Gourmet Foods & Coffee,1,78.27
C1118,INV-601095,2025-07-24 00:00:00,97.8,Sports & Outdoors,1,97.8
C1073,INV-600721,2025-07-24 00:00:00,198.66,Beauty & Wellness,3,66.22
C1174,INV-601525,2025-07-24 00:00:00,80.92,Gourmet Foods & Coffee,2,40.46
C1118,INV-601095,2025-07-24 00:00:00,103.26,Apparel & Designer Wear,3,34.42
C1527,INV-602414,2025-07-24 00:00:00,42.37,Apparel & Designer Wear,1,42.37
C1472,INV-602295,2025-07-24 00:00:00,28.0,Apparel & Designer Wear,1,28.0
C1110,INV-601035,2025-07-24 00:00:00,98.55,Home & Smart Living,1,98.55
C1110,INV-601035,2025-07-24 00:00:00,95.37,Electronics & Gadgets,1,95.37
C1561,INV-602464,2025-07-24 00:00:00,66.51,Gourmet Foods & Coffee,3,22.17
C1141,INV-601269,2025-07-24 00:00:00,59.78,Sports & Outdoors,1,59.78
C1265,INV-601917,2025-07-24 00:00:00,69.3,Gourmet Foods & Coffee,3,23.1
C1105,INV-601000,2025-07-24 00:00:00,142.7,Electronics & Gadgets,1,142.7
C1141,INV-601269,2025-07-24 00:00:00,65.0,Electronics & Gadgets,1,65.0
C1527,INV-602414,2025-07-24 00:00:00,35.0,Home & Smart Living,1,35.0
C1095,INV-600935,2025-07-25 00:00:00,309.62,Electronics & Gadgets,1,309.62
C1151,INV-601352,2025-07-25 00:00:00,69.96,Electronics & Gadgets,1,69.96
C1454,INV-602238,2025-07-25 00:00:00,55.7,Gourmet Foods & Coffee,1,55.7
C1454,INV-602238,2025-07-25 00:00:00,65.0,Electronics & Gadgets,1,65.0
C1151,INV-601352,2025-07-25 00:00:00,63.53,Sports & Outdoors,1,63.53
C1062,INV-600611,2025-07-25 00:00:00,148.95,Beauty & Wellness,3,49.65
C1039,INV-600380,2025-07-25 00:00:00,477.96,Gourmet Foods & Coffee,21,22.76
C1151,INV-601352,2025-07-25 00:00:00,80.49,Electronics & Gadgets,1,80.49
C1435,INV-602183,2025-07-25 00:00:00,141.21,Beauty & Wellness,1,141.21
C1117,INV-601088,2025-07-25 00:00:00,138.31,Home & Smart Living,1,138.31
C1117,INV-601088,2025-07-25 00:00:00,137.01,Electronics & Gadgets,1,137.01
C1027,INV-600262,2025-07-25 00:00:00,210.06,Electronics & Gadgets,1,210.06
C1062,INV-600611,2025-07-25 00:00:00,124.06,Apparel & Designer Wear,1,124.06
C1591,INV-602612,2025-07-25 00:00:00,76.84,Electronics & Gadgets,1,76.84
C1158,INV-601404,2025-07-25 00:00:00,78.34,Sports & Outdoors,1,78.34
C1062,INV-600611,2025-07-25 00:00:00,106.38,Home & Smart Living,1,106.38
C1591,INV-602612,2025-07-25 00:00:00,116.05,Beauty & Wellness,5,23.21
C1081,INV-600801,2025-07-25 00:00:00,228.83,Apparel & Designer Wear,7,32.69
C1064,INV-600634,2025-07-25 00:00:00,192.2,Beauty & Wellness,4,48.05
C1064,INV-600634,2025-07-25 00:00:00,113.79,Home & Smart Living,1,113.79
C1081,INV-600801,2025-07-25 00:00:00,208.66,Electronics & Gadgets,1,208.66
C1158,INV-601404,2025-07-25 00:00:00,69.6,Beauty & Wellness,1,69.6
C1195,INV-601682,2025-07-26 00:00:00,52.11,Gourmet Foods & Coffee,1,52.11
C1134,INV-601215,2025-07-26 00:00:00,137.76,Gourmet Foods & Coffee,2,68.88
C1195,INV-601682,2025-07-26 00:00:00,92.44,Electronics & Gadgets,1,92.44
C1134,INV-601215,2025-07-26 00:00:00,130.68,Beauty & Wellness,4,32.67
C1202,INV-601732,2025-07-26 00:00:00,41.76,Home & Smart Living,1,41.76
C1453,INV-602235,2025-07-26 00:00:00,34.34,Apparel & Designer Wear,1,34.34
C1532,INV-602421,2025-07-26 00:00:00,42.0,Sports & Outdoors,1,42.0
C1007,INV-600063,2025-07-26 00:00:00,137.84,Electronics & Gadgets,1,137.84
C1533,INV-602423,2025-07-26 00:00:00,42.0,Sports & Outdoors,1,42.0
C1532,INV-602421,2025-07-26 00:00:00,28.0,Apparel & Designer Wear,1,28.0
C1202,INV-601732,2025-07-26 00:00:00,105.56,Gourmet Foods & Coffee,4,26.39
C1533,INV-602423,2025-07-26 00:00:00,29.23,Apparel & Designer Wear,1,29.23
C1168,INV-601478,2025-07-26 00:00:00,254.82,Beauty & Wellness,3,84.94
C1533,INV-602423,2025-07-26 00:00:00,28.0,Apparel & Designer Wear,1,28.0
C1202,INV-601732,2025-07-26 00:00:00,69.36,Apparel & Designer Wear,1,69.36
C1007,INV-600063,2025-07-26 00:00:00,125.6,Apparel & Designer Wear,4,31.4
C1195,INV-601682,2025-07-26 00:00:00,60.4,Apparel & Designer Wear,1,60.4
C1532,INV-602421,2025-07-26 00:00:00,42.0,Sports & Outdoors,1,42.0
C1161,INV-601425,2025-07-26 00:00:00,158.13,Apparel & Designer Wear,1,158.13
C1622,INV-602774,2025-07-26 00:00:00,113.94,Home & Smart Living,2,56.97
C1161,INV-601425,2025-07-26 00:00:00,139.58,Gourmet Foods & Coffee,7,19.94
C1622,INV-602774,2025-07-26 00:00:00,77.68,Sports & Outdoors,1,77.68
C1580,INV-602559,2025-07-26 00:00:00,143.52,Beauty & Wellness,2,71.76
C1067,INV-600661,2025-07-26 00:00:00,96.71,Home & Smart Living,1,96.71
C1067,INV-600661,2025-07-26 00:00:00,106.04,Electronics & Gadgets,1,106.04
C1580,INV-602559,2025-07-26 00:00:00,125.81,Sports & Outdoors,1,125.81
C1468,INV-602287,2025-07-26 00:00:00,43.34,Apparel & Designer Wear,1,43.34
C1622,INV-602774,2025-07-26 00:00:00,122.15,Electronics & Gadgets,1,122.15
C1067,INV-600661,2025-07-26 00:00:00,152.6,Sports & Outdoors,2,76.3
C1453,INV-602235,2025-07-26 00:00:00,43.23,Sports & Outdoors,1,43.23
C1137,INV-601239,2025-07-26 00:00:00,66.75,Apparel & Designer Wear,1,66.75
C1468,INV-602287,2025-07-26 00:00:00,73.94,Home & Smart Living,1,73.94
C1137,INV-601239,2025-07-26 00:00:00,101.94,Apparel & Designer Wear,1,101.94
C1137,INV-601239,2025-07-26 00:00:00,82.29,Gourmet Foods & Coffee,3,27.43
C1007,INV-600063,2025-07-26 00:00:00,98.4,Gourmet Foods & Coffee,3,32.8
C1139,INV-601250,2025-07-27 00:00:00,239.84,Apparel & Designer Wear,2,119.92
C1554,INV-602456,2025-07-27 00:00:00,55.77,Apparel & Designer Wear,1,55.77
C1447,INV-602219,2025-07-27 00:00:00,37.57,Apparel & Designer Wear,1,37.57
C1436,INV-602186,2025-07-27 00:00:00,65.0,Electronics & Gadgets,1,65.0
C1436,INV-602186,2025-07-27 00:00:00,52.99,Apparel & Designer Wear,1,52.99
C1457,INV-602248,2025-07-27 00:00:00,29.51,Gourmet Foods & Coffee,1,29.51
C1463,INV-602269,2025-07-27 00:00:00,71.28,Home & Smart Living,1,71.28
C1179,INV-601560,2025-07-27 00:00:00,76.77,Sports & Outdoors,1,76.77
C1436,INV-602186,2025-07-27 00:00:00,35.0,Home & Smart Living,1,35.0
C1463,INV-602269,2025-07-27 00:00:00,31.21,Gourmet Foods & Coffee,1,31.21
C1484,INV-602334,2025-07-27 00:00:00,35.39,Beauty & Wellness,1,35.39
C1484,INV-602334,2025-07-27 00:00:00,48.34,Home & Smart Living,1,48.34
C1179,INV-601560,2025-07-27 00:00:00,53.83,Home & Smart Living,1,53.83
C1484,INV-602334,2025-07-27 00:00:00,21.54,Beauty & Wellness,1,21.54
C1179,INV-601560,2025-07-27 00:00:00,63.13,Beauty & Wellness,1,63.13
C1173,INV-601520,2025-07-27 00:00:00,65.49,Apparel & Designer Wear,1,65.49
C1049,INV-600482,2025-07-27 00:00:00,340.13,Electronics & Gadgets,1,340.13
C1277,INV-601952,2025-07-27 00:00:00,57.52,Beauty & Wellness,1,57.52
C1469,INV-602289,2025-07-27 00:00:00,65.0,Electronics & Gadgets,1,65.0
C1180,INV-601568,2025-07-27 00:00:00,101.49,Apparel & Designer Wear,1,101.49
C1277,INV-601952,2025-07-27 00:00:00,47.7,Sports & Outdoors,1,47.7
C1180,INV-601568,2025-07-27 00:00:00,79.54,Beauty & Wellness,2,39.77
C1277,INV-601952,2025-07-27 00:00:00,53.33,Sports & Outdoors,1,53.33
C1447,INV-602219,2025-07-27 00:00:00,28.0,Apparel & Designer Wear,1,28.0
C1457,INV-602248,2025-07-27 00:00:00,33.54,Apparel & Designer Wear,1,33.54
C1457,INV-602248,2025-07-27 00:00:00,54.6,Sports & Outdoors,1,54.6
C1447,INV-602219,2025-07-27 00:00:00,65.0,Electronics & Gadgets,1,65.0
C1173,INV-601520,2025-07-27 00:00:00,87.64,Sports & Outdoors,1,87.64
C1180,INV-601568,2025-07-27 00:00:00,102.84,Gourmet Foods & Coffee,4,25.71
C1173,INV-601520,2025-07-27 00:00:00,66.24,Gourmet Foods & Coffee,2,33.12
C1512,INV-602396,2025-07-28 00:00:00,35.0,Home & Smart Living,1,35.0
C1466,INV-602279,2025-07-28 00:00:00,162.16,Gourmet Foods & Coffee,2,81.08
C1512,INV-602396,2025-07-28 00:00:00,35.0,Home & Smart Living,1,35.0
C1114,INV-601063,2025-07-28 00:00:00,148.52,Sports & Outdoors,1,148.52
C1114,INV-601063,2025-07-28 00:00:00,106.95,Apparel & Designer Wear,1,106.95
C1223,INV-601794,2025-07-28 00:00:00,43.67,Apparel & Designer Wear,1,43.67
C1599,INV-602656,2025-07-28 00:00:00,109.58,Sports & Outdoors,1,109.58
C1223,INV-601794,2025-07-28 00:00:00,69.09,Sports & Outdoors,1,69.09
C1136,INV-601230,2025-07-28 00:00:00,125.62,Beauty & Wellness,2,62.81
C1599,INV-602656,2025-07-28 00:00:00,103.04,Home & Smart Living,1,103.04
C1599,INV-602656,2025-07-28 00:00:00,112.85,Home & Smart Living,1,112.85
C1223,INV-601794,2025-07-28 00:00:00,68.46,Sports & Outdoors,1,68.46
C1136,INV-601230,2025-07-28 00:00:00,113.64,Apparel & Designer Wear,2,56.82
C1618,INV-602751,2025-07-29 00:00:00,139.36,Gourmet Foods & Coffee,8,17.42
C1162,INV-601433,2025-07-29 00:00:00,110.08,Beauty & Wellness,2,55.04
C1106,INV-601006,2025-07-29 00:00:00,70.21,Electronics & Gadgets,1,70.21
C1618,INV-602751,2025-07-29 00:00:00,83.12,Gourmet Foods & Coffee,2,41.56
C1494,INV-602360,2025-07-29 00:00:00,98.7,Apparel & Designer Wear,1,98.7
C1488,INV-602344,2025-07-29 00:00:00,156.98,Gourmet Foods & Coffee,2,78.49
C1106,INV-601006,2025-07-29 00:00:00,84.37,Gourmet Foods & Coffee,1,84.37
C1524,INV-602411,2025-07-29 00:00:00,42.0,Sports & Outdoors,1,42.0
C1524,INV-602411,2025-07-29 00:00:00,29.94,Beauty & Wellness,1,29.94
C1598,INV-602649,2025-07-29 00:00:00,119.11,Apparel & Designer Wear,1,119.11
C1598,INV-602649,2025-07-29 00:00:00,152.5,Electronics & Gadgets,1,152.5
C1084,INV-600828,2025-07-29 00:00:00,204.3,Gourmet Foods & Coffee,3,68.1
C1106,INV-601006,2025-07-29 00:00:00,105.94,Gourmet Foods & Coffee,2,52.97
C1162,INV-601433,2025-07-29 00:00:00,143.24,Apparel & Designer Wear,1,143.24
C1160,INV-601419,2025-07-29 00:00:00,158.18,Electronics & Gadgets,1,158.18
C1275,INV-601944,2025-07-29 00:00:00,97.82,Sports & Outdoors,1,97.82
C1014,INV-600134,2025-07-29 00:00:00,63.94,Gourmet Foods & Coffee,1,63.94
C1014,INV-600134,2025-07-29 00:00:00,122.82,Apparel & Designer Wear,1,122.82
C1109,INV-601029,2025-07-29 00:00:00,86.93,Electronics & Gadgets,1,86.93
C1014,INV-600134,2025-07-29 00:00:00,136.74,Gourmet Foods & Coffee,2,68.37
C1109,INV-601029,2025-07-29 00:00:00,135.24,Sports & Outdoors,1,135.24
C1500,INV-602379,2025-07-29 00:00:00,30.67,Gourmet Foods & Coffee,1,30.67
C1103,INV-600986,2025-07-29 00:00:00,95.88,Electronics & Gadgets,1,95.88
C1160,INV-601419,2025-07-29 00:00:00,81.08,Sports & Outdoors,1,81.08
C1500,INV-602379,2025-07-29 00:00:00,42.0,Sports & Outdoors,1,42.0
C1103,INV-600986,2025-07-29 00:00:00,83.47,Home & Smart Living,1,83.47
C1021,INV-600204,2025-07-30 00:00:00,65.0,Electronics & Gadgets,1,65.0
C1041,INV-600401,2025-07-30 00:00:00,290.49,Beauty & Wellness,3,96.83
C1113,INV-601058,2025-07-30 00:00:00,277.49,Sports & Outdoors,1,277.49
C1045,INV-600440,2025-07-30 00:00:00,237.79,Sports & Outdoors,1,237.79
C1093,INV-600917,2025-07-30 00:00:00,234.19,Electronics & Gadgets,1,234.19
C1502,INV-602384,2025-07-30 00:00:00,42.0,Sports & Outdoors,1,42.0
C1502,INV-602384,2025-07-30 00:00:00,54.57,Beauty & Wellness,1,54.57
C1260,INV-601900,2025-07-30 00:00:00,65.92,Electronics & Gadgets,1,65.92
C1260,INV-601900,2025-07-30 00:00:00,50.02,Beauty & Wellness,2,25.01
C1127,INV-601165,2025-07-30 00:00:00,144.58,Sports & Outdoors,1,144.58
C1490,INV-602349,2025-07-30 00:00:00,26.29,Beauty & Wellness,1,26.29
C1490,INV-602349,2025-07-30 00:00:00,35.03,Home & Smart Living,1,35.03
C1502,INV-602384,2025-07-30 00:00:00,65.0,Electronics & Gadgets,1,65.0
C1045,INV-600440,2025-07-30 00:00:00,94.65,Gourmet Foods & Coffee,1,94.65
C1201,INV-601724,2025-07-30 00:00:00,63.45,Home & Smart Living,1,63.45
C1201,INV-601724,2025-07-30 00:00:00,90.22,Beauty & Wellness,1,90.22
C1021,INV-600204,2025-07-30 00:00:00,108.0,Beauty & Wellness,6,18.0
C1021,INV-600204,2025-07-30 00:00:00,114.88,Apparel & Designer Wear,1,114.88
C1046,INV-600450,2025-07-30 00:00:00,464.78,Electronics & Gadgets,2,232.39
C1048,INV-600471,2025-07-30 00:00:00,301.22,Sports & Outdoors,2,150.61
C1201,INV-601724,2025-07-30 00:00:00,96.31,Apparel & Designer Wear,1,96.31
C1490,INV-602349,2025-07-30 00:00:00,51.08,Home & Smart Living,1,51.08
C1015,INV-600144,2025-07-31 00:00:00,230.85,Beauty & Wellness,5,46.17
C1154,INV-601374,2025-07-31 00:00:00,146.78,Beauty & Wellness,2,73.39
C1154,INV-601374,2025-07-31 00:00:00,78.8,Beauty & Wellness,2,39.4
C1015,INV-600144,2025-07-31 00:00:00,104.86,Gourmet Foods & Coffee,2,52.43
C1507,INV-602391,2025-07-31 00:00:00,42.0,Sports & Outdoors,1,42.0
C1200,INV-601719,2025-07-31 00:00:00,138.82,Gourmet Foods & Coffee,2,69.41
C1200,INV-601719,2025-07-31 00:00:00,146.34,Sports & Outdoors,3,48.78
C1482,INV-602327,2025-07-31 00:00:00,65.0,Electronics & Gadgets,1,65.0
C1148,INV-601328,2025-07-31 00:00:00,205.68,Beauty & Wellness,6,34.28
C1482,INV-602327,2025-07-31 00:00:00,65.74,Home & Smart Living,1,65.74
C1507,INV-602391,2025-07-31 00:00:00,28.0,Apparel & Designer Wear,1,28.0
C1107,INV-601014,2025-08-01 00:00:00,47.36,Beauty & Wellness,1,47.36
C1107,INV-601014,2025-08-01 00:00:00,42.69,Home & Smart Living,1,42.69
C1563,INV-602468,2025-08-01 00:00:00,52.67,Home & Smart Living,1,52.67
C1107,INV-601014,2025-08-01 00:00:00,60.33,Home & Smart Living,1,60.33
C1146,INV-601313,2025-08-01 00:00:00,210.92,Home & Smart Living,1,210.92
C1563,INV-602468,2025-08-01 00:00:00,94.13,Electronics & Gadgets,1,94.13
C1563,INV-602468,2025-08-01 00:00:00,75.18,Gourmet Foods & Coffee,2,37.59
C1183,INV-601590,2025-08-01 00:00:00,194.55,Home & Smart Living,3,64.85
C1464,INV-602273,2025-08-01 00:00:00,35.0,Home & Smart Living,1,35.0
C1181,INV-601575,2025-08-01 00:00:00,98.18,Gourmet Foods & Coffee,2,49.09
C1068,INV-600671,2025-08-01 00:00:00,381.52,Electronics & Gadgets,2,190.76
C1089,INV-600881,2025-08-01 00:00:00,195.71,Home & Smart Living,1,195.71
C1498,INV-602371,2025-08-01 00:00:00,42.0,Sports & Outdoors,1,42.0
C1159,INV-601412,2025-08-01 00:00:00,160.86,Apparel & Designer Wear,2,80.43
C1089,INV-600881,2025-08-01 00:00:00,167.96,Electronics & Gadgets,1,167.96
C1467,INV-602283,2025-08-01 00:00:00,67.54,Beauty & Wellness,2,33.77
C1181,INV-601575,2025-08-01 00:00:00,104.65,Gourmet Foods & Coffee,7,14.95
C1498,INV-602371,2025-08-01 00:00:00,43.24,Apparel & Designer Wear,1,43.24
C1181,INV-601575,2025-08-01 00:00:00,44.78,Sports & Outdoors,1,44.78
C1428,INV-602160,2025-08-01 00:00:00,81.36,Electronics & Gadgets,1,81.36
C1033,INV-600323,2025-08-01 00:00:00,296.88,Gourmet Foods & Coffee,8,37.11
C1467,INV-602283,2025-08-01 00:00:00,32.58,Apparel & Designer Wear,1,32.58
C1078,INV-600770,2025-08-01 00:00:00,259.32,Gourmet Foods & Coffee,4,64.83
C1005,INV-600041,2025-08-01 00:00:00,264.54,Home & Smart Living,3,88.18
C1088,INV-600868,2025-08-01 00:00:00,323.86,Electronics & Gadgets,2,161.93
C1498,INV-602371,2025-08-01 00:00:00,21.98,Beauty & Wellness,1,21.98
C1464,INV-602273,2025-08-01 00:00:00,75.84,Beauty & Wellness,2,37.92
C1150,INV-601346,2025-08-02 00:00:00,65.0,Electronics & Gadgets,1,65.0
C1150,INV-601346,2025-08-02 00:00:00,42.0,Sports & Outdoors,1,42.0
C1150,INV-601346,2025-08-02 00:00:00,72.26,Home & Smart Living,1,72.26
C1006,INV-600052,2025-08-02 00:00:00,177.09,Apparel & Designer Wear,1,177.09
C1609,INV-602705,2025-08-02 00:00:00,87.36,Apparel & Designer Wear,1,87.36
C1609,INV-602705,2025-08-02 00:00:00,164.12,Sports & Outdoors,1,164.12
C1461,INV-602262,2025-08-02 00:00:00,166.44,Sports & Outdoors,1,166.44
C1006,INV-600052,2025-08-02 00:00:00,107.3,Electronics & Gadgets,1,107.3
C1130,INV-601187,2025-08-02 00:00:00,108.24,Gourmet Foods & Coffee,2,54.12
C1130,INV-601187,2025-08-02 00:00:00,76.38,Gourmet Foods & Coffee,3,25.46
C1535,INV-602426,2025-08-02 00:00:00,75.92,Electronics & Gadgets,1,75.92
C1592,INV-602618,2025-08-02 00:00:00,89.41,Electronics & Gadgets,1,89.41
C1551,INV-602451,2025-08-02 00:00:00,70.04,Gourmet Foods & Coffee,1,70.04
C1592,INV-602618,2025-08-02 00:00:00,128.37,Sports & Outdoors,1,128.37
C1592,INV-602618,2025-08-02 00:00:00,66.64,Apparel & Designer Wear,1,66.64
C1076,INV-600751,2025-08-03 00:00:00,145.24,Apparel & Designer Wear,4,36.31
C1483,INV-602330,2025-08-03 00:00:00,30.19,Apparel & Designer Wear,1,30.19
C1483,INV-602330,2025-08-03 00:00:00,81.89,Home & Smart Living,1,81.89
C1509,INV-602393,2025-08-03 00:00:00,18.0,Beauty & Wellness,1,18.0
C1553,INV-602453,2025-08-03 00:00:00,44.73,Apparel & Designer Wear,1,44.73
C1475,INV-602306,2025-08-03 00:00:00,65.0,Electronics & Gadgets,1,65.0
C1155,INV-601379,2025-08-03 00:00:00,74.58,Beauty & Wellness,3,24.86
C1155,INV-601379,2025-08-03 00:00:00,79.6,Apparel & Designer Wear,1,79.6
C1155,INV-601379,2025-08-03 00:00:00,52.93,Beauty & Wellness,1,52.93
C1475,INV-602306,2025-08-03 00:00:00,46.19,Home & Smart Living,1,46.19
C1475,INV-602306,2025-08-03 00:00:00,50.05,Apparel & Designer Wear,1,50.05
C1028,INV-600271,2025-08-03 00:00:00,436.84,Sports & Outdoors,1,436.84
C1076,INV-600751,2025-08-03 00:00:00,168.0,Sports & Outdoors,4,42.0
C1562,INV-602466,2025-08-03 00:00:00,35.0,Home & Smart Living,1,35.0
C1156,INV-601386,2025-08-03 00:00:00,104.64,Home & Smart Living,1,104.64
C1562,INV-602466,2025-08-03 00:00:00,24.23,Beauty & Wellness,1,24.23
C1156,INV-601386,2025-08-03 00:00:00,94.6,Electronics & Gadgets,1,94.6
C1509,INV-602393,2025-08-03 00:00:00,65.0,Electronics & Gadgets,1,65.0
C1440,INV-602200,2025-08-03 00:00:00,28.0,Apparel & Designer Wear,1,28.0
C1440,INV-602200,2025-08-03 00:00:00,47.9,Home & Smart Living,1,47.9
C1194,INV-601674,2025-08-03 00:00:00,271.32,Apparel & Designer Wear,6,45.22
C1076,INV-600751,2025-08-03 00:00:00,121.15,Electronics & Gadgets,1,121.15
C1562,INV-602466,2025-08-03 00:00:00,18.0,Beauty & Wellness,1,18.0
C1156,INV-601386,2025-08-03 00:00:00,98.22,Beauty & Wellness,2,49.11
C1509,INV-602393,2025-08-03 00:00:00,42.0,Sports & Outdoors,1,42.0
C1111,INV-601043,2025-08-03 00:00:00,233.82,Home & Smart Living,1,233.82
C1440,INV-602200,2025-08-03 00:00:00,52.44,Gourmet Foods & Coffee,1,52.44
C1525,INV-602412,2025-08-04 00:00:00,65.0,Electronics & Gadgets,1,65.0
C1066,INV-600652,2025-08-04 00:00:00,118.97,Apparel & Designer Wear,1,118.97
C1004,INV-600030,2025-08-04 00:00:00,132.78,Beauty & Wellness,2,66.39
C1525,INV-602412,2025-08-04 00:00:00,65.0,Electronics & Gadgets,1,65.0
C1066,INV-600652,2025-08-04 00:00:00,183.8,Sports & Outdoors,2,91.9
C1112,INV-601048,2025-08-04 00:00:00,72.17,Home & Smart Living,1,72.17
C1112,INV-601048,2025-08-04 00:00:00,96.15,Beauty & Wellness,1,96.15
C1004,INV-600030,2025-08-04 00:00:00,239.3,Gourmet Foods & Coffee,5,47.86
C1525,INV-602412,2025-08-04 00:00:00,31.2,Gourmet Foods & Coffee,2,15.6
C1437,INV-602189,2025-08-05 00:00:00,28.0,Apparel & Designer Wear,1,28.0
C1437,INV-602189,2025-08-05 00:00:00,55.44,Sports & Outdoors,1,55.44
C1443,INV-602209,2025-08-05 00:00:00,71.4,Beauty & Wellness,2,35.7
C1292,INV-601995,2025-08-05 00:00:00,32.23,Beauty & Wellness,1,32.23
C1292,INV-601995,2025-08-05 00:00:00,44.51,Sports & Outdoors,1,44.51
C1441,INV-602203,2025-08-05 00:00:00,130.99,Beauty & Wellness,1,130.99
C1016,INV-600154,2025-08-05 00:00:00,157.8,Electronics & Gadgets,1,157.8
C1239,INV-601840,2025-08-05 00:00:00,55.96,Sports & Outdoors,1,55.96
C1272,INV-601935,2025-08-05 00:00:00,101.6,Gourmet Foods & Coffee,2,50.8
C1443,INV-602209,2025-08-05 00:00:00,65.0,Electronics & Gadgets,1,65.0
C1213,INV-601768,2025-08-05 00:00:00,214.0,Beauty & Wellness,4,53.5
C1239,INV-601840,2025-08-05 00:00:00,81.35,Home & Smart Living,1,81.35
C1016,INV-600154,2025-08-05 00:00:00,206.7,Beauty & Wellness,3,68.9
C1292,INV-601995,2025-08-05 00:00:00,65.0,Electronics & Gadgets,1,65.0
C1437,INV-602189,2025-08-05 00:00:00,27.97,Gourmet Foods & Coffee,1,27.97
C1611,INV-602712,2025-08-06 00:00:00,330.66,Home & Smart Living,3,110.22
C1077,INV-600760,2025-08-06 00:00:00,156.18,Beauty & Wellness,6,26.03
C1147,INV-601322,2025-08-06 00:00:00,306.75,Beauty & Wellness,5,61.35
C1085,INV-600840,2025-08-06 00:00:00,340.62,Gourmet Foods & Coffee,14,24.33
C1261,INV-601905,2025-08-06 00:00:00,99.0,Home & Smart Living,1,99.0
C1096,INV-600940,2025-08-06 00:00:00,121.77,Apparel & Designer Wear,1,121.77
C1096,INV-600940,2025-08-06 00:00:00,62.88,Apparel & Designer Wear,1,62.88
C1086,INV-600851,2025-08-06 00:00:00,197.4,Apparel & Designer Wear,2,98.7
C1077,INV-600760,2025-08-06 00:00:00,130.5,Beauty & Wellness,5,26.1
C1077,INV-600760,2025-08-06 00:00:00,133.12,Gourmet Foods & Coffee,2,66.56
C1108,INV-601022,2025-08-06 00:00:00,104.16,Apparel & Designer Wear,1,104.16
C1063,INV-600622,2025-08-06 00:00:00,183.17,Home & Smart Living,1,183.17
C1108,INV-601022,2025-08-06 00:00:00,65.0,Electronics & Gadgets,1,65.0
C1108,INV-601022,2025-08-06 00:00:00,52.63,Sports & Outdoors,1,52.63
C1050,INV-600495,2025-08-06 00:00:00,288.06,Home & Smart Living,1,288.06
C1529,INV-602417,2025-08-06 00:00:00,63.29,Sports & Outdoors,1,63.29
C1086,INV-600851,2025-08-06 00:00:00,145.92,Beauty & Wellness,3,48.64
C1432,INV-602172,2025-08-06 00:00:00,74.18,Sports & Outdoors,1,74.18
C1543,INV-602439,2025-08-06 00:00:00,42.0,Sports & Outdoors,1,42.0
C1543,INV-602439,2025-08-06 00:00:00,36.14,Gourmet Foods & Coffee,1,36.14
C1450,INV-602228,2025-08-07 00:00:00,35.95,Gourmet Foods & Coffee,1,35.95
C1199,INV-601713,2025-08-07 00:00:00,218.92,Gourmet Foods & Coffee,4,54.73
C1493,INV-602358,2025-08-07 00:00:00,72.13,Beauty & Wellness,1,72.13
C1052,INV-600512,2025-08-07 00:00:00,97.39,Sports & Outdoors,1,97.39
C1493,INV-602358,2025-08-07 00:00:00,37.23,Home & Smart Living,1,37.23
C1131,INV-601195,2025-08-07 00:00:00,150.88,Gourmet Foods & Coffee,2,75.44
C1052,INV-600512,2025-08-07 00:00:00,132.18,Gourmet Foods & Coffee,6,22.03
C1052,INV-600512,2025-08-07 00:00:00,109.24,Apparel & Designer Wear,1,109.24
C1037,INV-600360,2025-08-07 00:00:00,134.66,Apparel & Designer Wear,1,134.66
C1479,INV-602316,2025-08-07 00:00:00,56.23,Beauty & Wellness,1,56.23
C1479,INV-602316,2025-08-07 00:00:00,52.44,Apparel & Designer Wear,1,52.44
C1450,INV-602228,2025-08-07 00:00:00,65.0,Electronics & Gadgets,1,65.0
C1250,INV-601870,2025-08-07 00:00:00,164.61,Electronics & Gadgets,1,164.61
C1058,INV-600568,2025-08-07 00:00:00,159.28,Sports & Outdoors,1,159.28
C1192,INV-601659,2025-08-07 00:00:00,57.27,Gourmet Foods & Coffee,1,57.27
C1056,INV-600551,2025-08-07 00:00:00,275.34,Apparel & Designer Wear,3,91.78
C1192,INV-601659,2025-08-07 00:00:00,65.0,Electronics & Gadgets,1,65.0
C1192,INV-601659,2025-08-07 00:00:00,66.42,Beauty & Wellness,1,66.42
C1537,INV-602429,2025-08-07 00:00:00,92.86,Home & Smart Living,1,92.86
C1486,INV-602339,2025-08-07 00:00:00,50.91,Apparel & Designer Wear,1,50.91
C1486,INV-602339,2025-08-07 00:00:00,58.71,Gourmet Foods & Coffee,1,58.71
C1477,INV-602310,2025-08-07 00:00:00,156.0,Gourmet Foods & Coffee,4,39.0
C1037,INV-600360,2025-08-07 00:00:00,200.4,Electronics & Gadgets,1,200.4
C1479,INV-602316,2025-08-07 00:00:00,42.0,Sports & Outdoors,1,42.0
C1058,INV-600568,2025-08-07 00:00:00,154.72,Home & Smart Living,2,77.36
C1058,INV-600568,2025-08-07 00:00:00,147.85,Electronics & Gadgets,1,147.85
C1189,INV-601637,2025-08-07 00:00:00,52.99,Gourmet Foods & Coffee,1,52.99
C1189,INV-601637,2025-08-07 00:00:00,88.0,Electronics & Gadgets,1,88.0
C1189,INV-601637,2025-08-07 00:00:00,78.78,Electronics & Gadgets,1,78.78
C1131,INV-601195,2025-08-07 00:00:00,72.52,Sports & Outdoors,1,72.52
C1474,INV-602303,2025-08-08 00:00:00,46.8,Gourmet Foods & Coffee,1,46.8
C1174,INV-601524,2025-08-08 00:00:00,257.8,Home & Smart Living,1,257.8
C1474,INV-602303,2025-08-08 00:00:00,46.89,Sports & Outdoors,1,46.89
C1473,INV-602299,2025-08-08 00:00:00,40.32,Beauty & Wellness,1,40.32
C1503,INV-602386,2025-08-08 00:00:00,42.0,Sports & Outdoors,1,42.0
C1044,INV-600431,2025-08-08 00:00:00,148.95,Gourmet Foods & Coffee,3,49.65
C1044,INV-600431,2025-08-08 00:00:00,82.32,Home & Smart Living,1,82.32
C1503,INV-602386,2025-08-08 00:00:00,28.0,Apparel & Designer Wear,1,28.0
C1473,INV-602299,2025-08-08 00:00:00,26.19,Gourmet Foods & Coffee,1,26.19
C1009,INV-600083,2025-08-08 00:00:00,426.75,Beauty & Wellness,15,28.45
C1044,INV-600431,2025-08-08 00:00:00,77.42,Home & Smart Living,1,77.42
C1474,INV-602303,2025-08-08 00:00:00,30.47,Beauty & Wellness,1,30.47
C1597,INV-602644,2025-08-08 00:00:00,159.33,Apparel & Designer Wear,3,53.11
C1473,INV-602299,2025-08-08 00:00:00,51.77,Beauty & Wellness,1,51.77
C1434,INV-602178,2025-08-08 00:00:00,52.96,Beauty & Wellness,1,52.96
C1597,INV-602644,2025-08-08 00:00:00,183.22,Electronics & Gadgets,1,183.22
C1581,INV-602563,2025-08-08 00:00:00,163.5,Apparel & Designer Wear,1,163.5
C1010,INV-600093,2025-08-08 00:00:00,144.14,Apparel & Designer Wear,2,72.07
C1010,INV-600093,2025-08-08 00:00:00,170.1,Gourmet Foods & Coffee,6,28.35
C1458,INV-602251,2025-08-08 00:00:00,82.07,Beauty & Wellness,1,82.07
C1434,INV-602178,2025-08-08 00:00:00,37.99,Gourmet Foods & Coffee,1,37.99
C1434,INV-602178,2025-08-08 00:00:00,56.32,Gourmet Foods & Coffee,2,28.16
C1503,INV-602386,2025-08-08 00:00:00,28.0,Apparel & Designer Wear,1,28.0
C1430,INV-602165,2025-08-08 00:00:00,65.0,Electronics & Gadgets,1,65.0
C1581,INV-602563,2025-08-08 00:00:00,138.0,Apparel & Designer Wear,2,69.0
C1430,INV-602165,2025-08-08 00:00:00,68.34,Apparel & Designer Wear,1,68.34
C1458,INV-602251,2025-08-08 00:00:00,42.0,Sports & Outdoors,1,42.0
C1266,INV-601921,2025-08-09 00:00:00,61.93,Home & Smart Living,1,61.93
C1043,INV-600421,2025-08-09 00:00:00,226.9,Home & Smart Living,1,226.9
C1266,INV-601921,2025-08-09 00:00:00,71.52,Gourmet Foods & Coffee,3,23.84
C1031,INV-600302,2025-08-09 00:00:00,79.62,Apparel & Designer Wear,1,79.62
C1043,INV-600421,2025-08-09 00:00:00,130.56,Beauty & Wellness,6,21.76
C1012,INV-600112,2025-08-09 00:00:00,288.53,Sports & Outdoors,1,288.53
C1590,INV-602608,2025-08-09 00:00:00,79.53,Apparel & Designer Wear,1,79.53
C1548,INV-602447,2025-08-09 00:00:00,64.39,Beauty & Wellness,1,64.39
C1456,INV-602245,2025-08-09 00:00:00,65.0,Electronics & Gadgets,1,65.0
C1456,INV-602245,2025-08-09 00:00:00,42.0,Sports & Outdoors,1,42.0
C1456,INV-602245,2025-08-09 00:00:00,55.46,Gourmet Foods & Coffee,1,55.46
C1513,INV-602397,2025-08-09 00:00:00,37.44,Beauty & Wellness,1,37.44
C1590,INV-602608,2025-08-09 00:00:00,124.21,Electronics & Gadgets,1,124.21
C1459,INV-602255,2025-08-09 00:00:00,62.99,Apparel & Designer Wear,1,62.99
C1031,INV-600302,2025-08-09 00:00:00,117.91,Sports & Outdoors,1,117.91
C1266,INV-601921,2025-08-09 00:00:00,42.0,Sports & Outdoors,1,42.0
C1590,INV-602608,2025-08-09 00:00:00,111.6,Gourmet Foods & Coffee,4,27.9
C1230,INV-601817,2025-08-09 00:00:00,60.28,Beauty & Wellness,2,30.14
C1230,INV-601817,2025-08-09 00:00:00,53.8,Apparel & Designer Wear,1,53.8
C1230,INV-601817,2025-08-09 00:00:00,65.0,Electronics & Gadgets,1,65.0
C1031,INV-600302,2025-08-09 00:00:00,61.62,Apparel & Designer Wear,1,61.62
C1459,INV-602255,2025-08-09 00:00:00,42.0,Sports & Outdoors,1,42.0
C1097,INV-600943,2025-08-10 00:00:00,81.31,Sports & Outdoors,1,81.31
C1097,INV-600943,2025-08-10 00:00:00,98.0,Gourmet Foods & Coffee,7,14.0
C1097,INV-600943,2025-08-10 00:00:00,84.75,Beauty & Wellness,3,28.25
C1522,INV-602407,2025-08-10 00:00:00,25.92,Gourmet Foods & Coffee,1,25.92
C1178,INV-601554,2025-08-10 00:00:00,84.0,Sports & Outdoors,2,42.0
C1178,INV-601554,2025-08-10 00:00:00,88.64,Apparel & Designer Wear,2,44.32
C1178,INV-601554,2025-08-10 00:00:00,45.88,Beauty & Wellness,1,45.88
C1522,INV-602407,2025-08-10 00:00:00,14.5,Gourmet Foods & Coffee,1,14.5
C1175,INV-601529,2025-08-10 00:00:00,84.0,Sports & Outdoors,2,42.0
C1013,INV-600123,2025-08-10 00:00:00,453.1,Sports & Outdoors,10,45.31
C1129,INV-601178,2025-08-10 00:00:00,91.96,Beauty & Wellness,2,45.98
C1175,INV-601529,2025-08-10 00:00:00,58.08,Gourmet Foods & Coffee,2,29.04
C1175,INV-601529,2025-08-10 00:00:00,69.03,Electronics & Gadgets,1,69.03
C1287,INV-601981,2025-08-10 00:00:00,42.0,Sports & Outdoors,1,42.0
C1166,INV-601463,2025-08-10 00:00:00,72.72,Beauty & Wellness,1,72.72
C1166,INV-601463,2025-08-10 00:00:00,147.12,Apparel & Designer Wear,1,147.12
C1287,INV-601981,2025-08-10 00:00:00,42.0,Sports & Outdoors,1,42.0
C1287,INV-601981,2025-08-10 00:00:00,46.51,Home & Smart Living,1,46.51
C1522,INV-602407,2025-08-10 00:00:00,25.08,Gourmet Foods & Coffee,1,25.08
C1129,INV-601178,2025-08-10 00:00:00,153.37,Gourmet Foods & Coffee,7,21.91
C1163,INV-601438,2025-08-11 00:00:00,80.42,Apparel & Designer Wear,1,80.42
C1087,INV-600860,2025-08-11 00:00:00,96.18,Gourmet Foods & Coffee,2,48.09
C1163,INV-601438,2025-08-11 00:00:00,93.45,Apparel & Designer Wear,1,93.45
C1087,INV-600860,2025-08-11 00:00:00,157.42,Beauty & Wellness,2,78.71
C1087,INV-600860,2025-08-11 00:00:00,146.84,Beauty & Wellness,2,73.42
C1468,INV-602286,2025-08-11 00:00:00,145.94,Apparel & Designer Wear,1,145.94
C1566,INV-602487,2025-08-11 00:00:00,113.72,Home & Smart Living,2,56.86
C1545,INV-602443,2025-08-11 00:00:00,17.74,Gourmet Foods & Coffee,1,17.74
C1545,INV-602443,2025-08-11 00:00:00,35.0,Home & Smart Living,1,35.0
C1545,INV-602443,2025-08-11 00:00:00,30.2,Beauty & Wellness,1,30.2
C1104,INV-600995,2025-08-11 00:00:00,204.34,Sports & Outdoors,2,102.17
C1566,INV-602487,2025-08-11 00:00:00,128.25,Sports & Outdoors,3,42.75
C1188,INV-601630,2025-08-11 00:00:00,103.47,Electronics & Gadgets,1,103.47
C1188,INV-601630,2025-08-11 00:00:00,76.89,Home & Smart Living,1,76.89
C1188,INV-601630,2025-08-11 00:00:00,75.84,Gourmet Foods & Coffee,4,18.96
C1038,INV-600369,2025-08-12 00:00:00,142.48,Beauty & Wellness,2,71.24
C1446,INV-602216,2025-08-12 00:00:00,50.78,Beauty & Wellness,2,25.39
C1446,INV-602216,2025-08-12 00:00:00,46.98,Gourmet Foods & Coffee,3,15.66
C1559,INV-602462,2025-08-12 00:00:00,65.0,Electronics & Gadgets,1,65.0
C1559,INV-602462,2025-08-12 00:00:00,65.0,Electronics & Gadgets,1,65.0
C1559,INV-602462,2025-08-12 00:00:00,20.37,Gourmet Foods & Coffee,1,20.37
C1119,INV-601103,2025-08-12 00:00:00,80.32,Beauty & Wellness,2,40.16
C1119,INV-601103,2025-08-12 00:00:00,106.07,Electronics & Gadgets,1,106.07
C1119,INV-601103,2025-08-12 00:00:00,85.65,Gourmet Foods & Coffee,3,28.55
C1446,INV-602216,2025-08-12 00:00:00,46.24,Apparel & Designer Wear,1,46.24
C1038,INV-600369,2025-08-12 00:00:00,139.57,Electronics & Gadgets,1,139.57
C1038,INV-600369,2025-08-12 00:00:00,123.48,Beauty & Wellness,2,61.74
C1521,INV-602406,2025-08-12 00:00:00,35.0,Home & Smart Living,1,35.0
C1521,INV-602406,2025-08-12 00:00:00,30.03,Apparel & Designer Wear,1,30.03
C1229,INV-601812,2025-08-12 00:00:00,65.0,Electronics & Gadgets,1,65.0
C1229,INV-601812,2025-08-12 00:00:00,65.0,Electronics & Gadgets,1,65.0
C1229,INV-601812,2025-08-12 00:00:00,65.0,Electronics & Gadgets,1,65.0
C1055,INV-600540,2025-08-12 00:00:00,122.69,Electronics & Gadgets,1,122.69
C1055,INV-600540,2025-08-12 00:00:00,137.36,Gourmet Foods & Coffee,2,68.68
C1055,INV-600540,2025-08-12 00:00:00,143.56,Beauty & Wellness,4,35.89
C1521,INV-602406,2025-08-12 00:00:00,14.0,Gourmet Foods & Coffee,1,14.0
C1099,INV-600957,2025-08-12 00:00:00,106.66,Gourmet Foods & Coffee,2,53.33
C1020,INV-600192,2025-08-12 00:00:00,203.15,Apparel & Designer Wear,1,203.15
C1515,INV-602399,2025-08-12 00:00:00,88.95,Home & Smart Living,1,88.95
C1099,INV-600957,2025-08-12 00:00:00,81.5,Gourmet Foods & Coffee,2,40.75
C1099,INV-600957,2025-08-12 00:00:00,40.39,Gourmet Foods & Coffee,1,40.39
C1042,INV-600412,2025-08-13 00:00:00,156.84,Apparel & Designer Wear,2,78.42
C1042,INV-600412,2025-08-13 00:00:00,63.11,Apparel & Designer Wear,1,63.11
C1047,INV-600460,2025-08-13 00:00:00,135.95,Beauty & Wellness,1,135.95
C1047,INV-600460,2025-08-13 00:00:00,111.53,Electronics & Gadgets,1,111.53
C1138,INV-601246,2025-08-13 00:00:00,268.58,Gourmet Foods & Coffee,13,20.66
C1047,INV-600460,2025-08-13 00:00:00,130.96,Home & Smart Living,1,130.96
C1042,INV-600412,2025-08-13 00:00:00,127.72,Electronics & Gadgets,1,127.72
C1024,INV-600232,2025-08-13 00:00:00,226.6,Sports & Outdoors,4,56.65
C1133,INV-601209,2025-08-13 00:00:00,60.99,Home & Smart Living,1,60.99
C1024,INV-600232,2025-08-13 00:00:00,167.72,Electronics & Gadgets,1,167.72
C1032,INV-600312,2025-08-13 00:00:00,214.17,Gourmet Foods & Coffee,11,19.47
C1133,INV-601209,2025-08-13 00:00:00,74.63,Home & Smart Living,1,74.63
C1029,INV-600280,2025-08-13 00:00:00,158.01,Electronics & Gadgets,1,158.01
C1224,INV-601799,2025-08-13 00:00:00,57.24,Apparel & Designer Wear,1,57.24
C1224,INV-601799,2025-08-13 00:00:00,105.18,Electronics & Gadgets,1,105.18
C1029,INV-600280,2025-08-13 00:00:00,174.6,Beauty & Wellness,3,58.2
C1032,INV-600312,2025-08-13 00:00:00,203.9,Gourmet Foods & Coffee,10,20.39
C1171,INV-601500,2025-08-14 00:00:00,72.28,Home & Smart Living,1,72.28
C1485,INV-602336,2025-08-14 00:00:00,39.4,Beauty & Wellness,1,39.4
C1435,INV-602182,2025-08-14 00:00:00,60.78,Gourmet Foods & Coffee,2,30.39
C1011,INV-600103,2025-08-14 00:00:00,140.4,Gourmet Foods & Coffee,5,28.08
C1485,INV-602336,2025-08-14 00:00:00,37.79,Gourmet Foods & Coffee,1,37.79
C1011,INV-600103,2025-08-14 00:00:00,114.46,Electronics & Gadgets,1,114.46
C1485,INV-602336,2025-08-14 00:00:00,52.92,Sports & Outdoors,1,52.92
C1011,INV-600103,2025-08-14 00:00:00,142.65,Home & Smart Living,3,47.55
C1198,INV-601703,2025-08-14 00:00:00,89.65,Beauty & Wellness,1,89.65
C1025,INV-600242,2025-08-14 00:00:00,164.74,Apparel & Designer Wear,1,164.74
C1025,INV-600242,2025-08-14 00:00:00,198.16,Sports & Outdoors,2,99.08
C1075,INV-600740,2025-08-14 00:00:00,223.12,Apparel & Designer Wear,1,223.12
C1198,INV-601703,2025-08-14 00:00:00,87.84,Apparel & Designer Wear,1,87.84
C1171,INV-601500,2025-08-14 00:00:00,98.53,Apparel & Designer Wear,1,98.53
C1182,INV-601580,2025-08-14 00:00:00,94.63,Electronics & Gadgets,1,94.63
C1182,INV-601580,2025-08-14 00:00:00,111.75,Gourmet Foods & Coffee,5,22.35
C1433,INV-602176,2025-08-14 00:00:00,95.64,Electronics & Gadgets,1,95.64
C1171,INV-601500,2025-08-14 00:00:00,82.06,Beauty & Wellness,2,41.03
C1481,INV-602324,2025-08-15 00:00:00,160.1,Electronics & Gadgets,1,160.1
C1447,INV-602218,2025-08-15 00:00:00,41.66,Apparel & Designer Wear,1,41.66
C1452,INV-602233,2025-08-15 00:00:00,40.94,Home & Smart Living,1,40.94
C1452,INV-602233,2025-08-15 00:00:00,65.0,Electronics & Gadgets,1,65.0
C1552,INV-602452,2025-08-15 00:00:00,53.63,Home & Smart Living,1,53.63
C1447,INV-602218,2025-08-15 00:00:00,50.17,Sports & Outdoors,1,50.17
C1464,INV-602272,2025-08-16 00:00:00,65.0,Electronics & Gadgets,1,65.0
C1464,INV-602272,2025-08-16 00:00:00,41.8,Home & Smart Living,1,41.8
C1464,INV-602272,2025-08-16 00:00:00,43.12,Sports & Outdoors,1,43.12
C1231,INV-601820,2025-08-16 00:00:00,75.92,Sports & Outdoors,1,75.92
C1442,INV-602206,2025-08-16 00:00:00,44.35,Home & Smart Living,1,44.35
C1603,INV-602679,2025-08-16 00:00:00,81.97,Electronics & Gadgets,1,81.97
C1231,INV-601820,2025-08-16 00:00:00,76.99,Apparel & Designer Wear,1,76.99
C1603,INV-602679,2025-08-16 00:00:00,129.48,Beauty & Wellness,3,43.16
C1530,INV-602419,2025-08-16 00:00:00,28.0,Apparel & Designer Wear,1,28.0
C1530,INV-602419,2025-08-16 00:00:00,35.0,Home & Smart Living,1,35.0
C1530,INV-602419,2025-08-16 00:00:00,18.0,Beauty & Wellness,1,18.0
C1051,INV-600502,2025-08-16 00:00:00,82.4,Sports & Outdoors,1,82.4
C1051,INV-600502,2025-08-16 00:00:00,111.91,Home & Smart Living,1,111.91
C1051,INV-600502,2025-08-16 00:00:00,69.52,Sports & Outdoors,1,69.52
C1209,INV-601757,2025-08-16 00:00:00,126.94,Home & Smart Living,2,63.47
C1083,INV-600818,2025-08-16 00:00:00,180.55,Home & Smart Living,1,180.55
C1197,INV-601699,2025-08-16 00:00:00,137.6,Apparel & Designer Wear,2,68.8
C1026,INV-600252,2025-08-16 00:00:00,322.38,Sports & Outdoors,1,322.38
C1442,INV-602206,2025-08-16 00:00:00,37.53,Apparel & Designer Wear,1,37.53
C1083,INV-600818,2025-08-16 00:00:00,204.06,Apparel & Designer Wear,3,68.02
C1442,INV-602206,2025-08-16 00:00:00,38.76,Gourmet Foods & Coffee,2,19.38
C1101,INV-600971,2025-08-16 00:00:00,135.64,Apparel & Designer Wear,1,135.64
C1197,INV-601699,2025-08-16 00:00:00,79.49,Sports & Outdoors,1,79.49
C1539,INV-602432,2025-08-17 00:00:00,35.0,Home & Smart Living,1,35.0
C1444,INV-602212,2025-08-17 00:00:00,35.82,Apparel & Designer Wear,1,35.82
C1444,INV-602212,2025-08-17 00:00:00,42.0,Sports & Outdoors,1,42.0
C1186,INV-601611,2025-08-17 00:00:00,70.52,Apparel & Designer Wear,1,70.52
C1228,INV-601809,2025-08-17 00:00:00,43.51,Gourmet Foods & Coffee,1,43.51
C1228,INV-601809,2025-08-17 00:00:00,49.0,Beauty & Wellness,2,24.5
C1057,INV-600561,2025-08-17 00:00:00,86.34,Gourmet Foods & Coffee,2,43.17
C1444,INV-602212,2025-08-17 00:00:00,27.85,Gourmet Foods & Coffee,1,27.85
C1057,INV-600561,2025-08-17 00:00:00,97.67,Apparel & Designer Wear,1,97.67
C1200,INV-601718,2025-08-17 00:00:00,68.12,Sports & Outdoors,1,68.12
C1200,INV-601718,2025-08-17 00:00:00,65.0,Electronics & Gadgets,1,65.0
C1200,INV-601718,2025-08-17 00:00:00,78.67,Home & Smart Living,1,78.67
C1186,INV-601611,2025-08-17 00:00:00,51.68,Apparel & Designer Wear,1,51.68
C1228,INV-601809,2025-08-17 00:00:00,42.0,Sports & Outdoors,1,42.0
C1057,INV-600561,2025-08-17 00:00:00,123.36,Sports & Outdoors,1,123.36
C1186,INV-601611,2025-08-17 00:00:00,76.8,Beauty & Wellness,1,76.8
C1123,INV-601132,2025-08-17 00:00:00,130.81,Sports & Outdoors,1,130.81
C1489,INV-602346,2025-08-17 00:00:00,72.88,Beauty & Wellness,2,36.44
C1539,INV-602432,2025-08-17 00:00:00,35.0,Home & Smart Living,1,35.0
C1489,INV-602346,2025-08-17 00:00:00,75.84,Beauty & Wellness,3,25.28
C1539,INV-602432,2025-08-17 00:00:00,28.0,Apparel & Designer Wear,1,28.0
C1258,INV-601894,2025-08-18 00:00:00,94.02,Sports & Outdoors,2,47.01
C1121,INV-601116,2025-08-18 00:00:00,84.0,Gourmet Foods & Coffee,4,21.0
C1184,INV-601594,2025-08-18 00:00:00,65.0,Electronics & Gadgets,1,65.0
C1121,INV-601116,2025-08-18 00:00:00,54.41,Sports & Outdoors,1,54.41
C1496,INV-602366,2025-08-18 00:00:00,33.2,Beauty & Wellness,1,33.2
C1092,INV-600908,2025-08-18 00:00:00,260.68,Gourmet Foods & Coffee,4,65.17
C1069,INV-600682,2025-08-18 00:00:00,228.33,Apparel & Designer Wear,3,76.11
C1184,INV-601594,2025-08-18 00:00:00,58.46,Apparel & Designer Wear,1,58.46
C1040,INV-600391,2025-08-18 00:00:00,205.86,Apparel & Designer Wear,2,102.93
C1156,INV-601385,2025-08-18 00:00:00,296.24,Home & Smart Living,4,74.06
C1184,INV-601594,2025-08-18 00:00:00,58.32,Beauty & Wellness,1,58.32
C1153,INV-601366,2025-08-18 00:00:00,147.75,Electronics & Gadgets,1,147.75
C1487,INV-602341,2025-08-18 00:00:00,44.68,Sports & Outdoors,1,44.68
C1121,INV-601116,2025-08-18 00:00:00,94.1,Gourmet Foods & Coffee,2,47.05
C1496,INV-602366,2025-08-18 00:00:00,53.99,Beauty & Wellness,1,53.99
C1258,INV-601894,2025-08-18 00:00:00,53.83,Sports & Outdoors,1,53.83
C1517,INV-602402,2025-08-18 00:00:00,65.0,Electronics & Gadgets,1,65.0
C1183,INV-601589,2025-08-18 00:00:00,94.7,Gourmet Foods & Coffee,2,47.35
C1517,INV-602402,2025-08-18 00:00:00,28.0,Apparel & Designer Wear,1,28.0
C1416,INV-602139,2025-08-18 00:00:00,203.28,Beauty & Wellness,2,101.64
C1487,INV-602341,2025-08-18 00:00:00,42.0,Sports & Outdoors,1,42.0
C1060,INV-600590,2025-08-18 00:00:00,331.85,Beauty & Wellness,5,66.37
C1517,INV-602402,2025-08-18 00:00:00,23.08,Gourmet Foods & Coffee,1,23.08
C1069,INV-600682,2025-08-18 00:00:00,228.95,Sports & Outdoors,5,45.79
C1183,INV-601589,2025-08-18 00:00:00,85.94,Beauty & Wellness,2,42.97
C1487,INV-602341,2025-08-18 00:00:00,25.06,Gourmet Foods & Coffee,1,25.06
C1183,INV-601589,2025-08-18 00:00:00,68.74,Beauty & Wellness,2,34.37
C1496,INV-602366,2025-08-18 00:00:00,65.0,Electronics & Gadgets,1,65.0
C1195,INV-601681,2025-08-19 00:00:00,77.46,Apparel & Designer Wear,1,77.46
C1431,INV-602168,2025-08-19 00:00:00,52.64,Apparel & Designer Wear,1,52.64
C1191,INV-601651,2025-08-19 00:00:00,198.0,Gourmet Foods & Coffee,3,66.0
C1100,INV-600962,2025-08-19 00:00:00,71.76,Beauty & Wellness,1,71.76
C1100,INV-600962,2025-08-19 00:00:00,74.18,Home & Smart Living,1,74.18
C1202,INV-601731,2025-08-19 00:00:00,285.25,Beauty & Wellness,7,40.75
C1431,INV-602168,2025-08-19 00:00:00,49.67,Sports & Outdoors,1,49.67
C1210,INV-601760,2025-08-19 00:00:00,78.59,Apparel & Designer Wear,1,78.59
C1195,INV-601681,2025-08-19 00:00:00,101.49,Sports & Outdoors,1,101.49
C1128,INV-601170,2025-08-19 00:00:00,311.0,Beauty & Wellness,5,62.2
C1210,INV-601760,2025-08-19 00:00:00,93.24,Sports & Outdoors,1,93.24
C1100,INV-600962,2025-08-19 00:00:00,48.75,Sports & Outdoors,1,48.75
C1193,INV-601665,2025-08-19 00:00:00,95.22,Sports & Outdoors,2,47.61
C1082,INV-600808,2025-08-19 00:00:00,113.96,Apparel & Designer Wear,1,113.96
C1193,INV-601665,2025-08-19 00:00:00,94.68,Gourmet Foods & Coffee,2,47.34
C1431,INV-602168,2025-08-19 00:00:00,51.4,Sports & Outdoors,1,51.4
C1082,INV-600808,2025-08-19 00:00:00,186.73,Electronics & Gadgets,1,186.73
C1193,INV-601665,2025-08-19 00:00:00,66.76,Electronics & Gadgets,1,66.76
C1081,INV-600800,2025-08-19 00:00:00,230.4,Beauty & Wellness,4,57.6
C1045,INV-600439,2025-08-19 00:00:00,202.5,Gourmet Foods & Coffee,3,67.5
C1501,INV-602382,2025-08-20 00:00:00,71.8,Home & Smart Living,1,71.8
C1516,INV-602400,2025-08-20 00:00:00,18.0,Beauty & Wellness,1,18.0
C1451,INV-602231,2025-08-20 00:00:00,40.97,Home & Smart Living,1,40.97
C1516,INV-602400,2025-08-20 00:00:00,18.0,Beauty & Wellness,1,18.0
C1206,INV-601750,2025-08-20 00:00:00,145.98,Gourmet Foods & Coffee,6,24.33
C1190,INV-601642,2025-08-20 00:00:00,272.58,Electronics & Gadgets,2,136.29
C1451,INV-602231,2025-08-20 00:00:00,68.72,Electronics & Gadgets,1,68.72
C1470,INV-602291,2025-08-20 00:00:00,68.17,Beauty & Wellness,1,68.17
C1470,INV-602291,2025-08-20 00:00:00,37.39,Beauty & Wellness,1,37.39
C1501,INV-602382,2025-08-20 00:00:00,67.73,Home & Smart Living,1,67.73
C1126,INV-601158,2025-08-20 00:00:00,104.07,Beauty & Wellness,1,104.07
C1170,INV-601490,2025-08-20 00:00:00,103.99,Electronics & Gadgets,1,103.99
C1126,INV-601158,2025-08-20 00:00:00,146.84,Electronics & Gadgets,1,146.84
C1252,INV-601875,2025-08-20 00:00:00,48.61,Beauty & Wellness,1,48.61
C1516,INV-602400,2025-08-20 00:00:00,65.0,Electronics & Gadgets,1,65.0
C1252,INV-601875,2025-08-20 00:00:00,47.34,Gourmet Foods & Coffee,2,23.67
C1252,INV-601875,2025-08-20 00:00:00,57.04,Sports & Outdoors,1,57.04
C1170,INV-601490,2025-08-20 00:00:00,49.4,Home & Smart Living,1,49.4
C1170,INV-601490,2025-08-20 00:00:00,90.32,Sports & Outdoors,2,45.16
C1071,INV-600701,2025-08-21 00:00:00,330.2,Gourmet Foods & Coffee,13,25.4
C1448,INV-602222,2025-08-21 00:00:00,65.0,Electronics & Gadgets,1,65.0
C1614,INV-602728,2025-08-21 00:00:00,82.94,Beauty & Wellness,2,41.47
C1147,INV-601321,2025-08-21 00:00:00,105.76,Gourmet Foods & Coffee,1,105.76
C1614,INV-602728,2025-08-21 00:00:00,122.78,Gourmet Foods & Coffee,2,61.39
C1124,INV-601142,2025-08-21 00:00:00,85.73,Apparel & Designer Wear,1,85.73
C1124,INV-601142,2025-08-21 00:00:00,113.72,Sports & Outdoors,1,113.72
C1147,INV-601321,2025-08-21 00:00:00,95.02,Gourmet Foods & Coffee,2,47.51
C1448,INV-602222,2025-08-21 00:00:00,51.78,Gourmet Foods & Coffee,3,17.26
C1448,INV-602222,2025-08-21 00:00:00,43.54,Gourmet Foods & Coffee,2,21.77
C1440,INV-602199,2025-08-21 00:00:00,103.68,Home & Smart Living,1,103.68
C1147,INV-601321,2025-08-21 00:00:00,78.57,Gourmet Foods & Coffee,3,26.19
C1614,INV-602728,2025-08-21 00:00:00,78.48,Home & Smart Living,2,39.24
C1093,INV-600916,2025-08-22 00:00:00,127.17,Home & Smart Living,1,127.17
C1449,INV-602226,2025-08-22 00:00:00,65.0,Electronics & Gadgets,1,65.0
C1449,INV-602226,2025-08-22 00:00:00,42.0,Sports & Outdoors,1,42.0
C1449,INV-602226,2025-08-22 00:00:00,49.06,Gourmet Foods & Coffee,1,49.06
C1140,INV-601259,2025-08-22 00:00:00,269.15,Gourmet Foods & Coffee,7,38.45
C1143,INV-601285,2025-08-22 00:00:00,213.96,Apparel & Designer Wear,4,53.49
C1137,INV-601238,2025-08-22 00:00:00,88.7,Gourmet Foods & Coffee,2,44.35
C1137,INV-601238,2025-08-22 00:00:00,87.1,Beauty & Wellness,1,87.1
C1021,INV-600203,2025-08-22 00:00:00,455.22,Home & Smart Living,3,151.74
C1094,INV-600924,2025-08-22 00:00:00,48.14,Gourmet Foods & Coffee,1,48.14
C1064,INV-600633,2025-08-22 00:00:00,200.64,Apparel & Designer Wear,6,33.44
C1609,INV-602704,2025-08-22 00:00:00,94.31,Sports & Outdoors,1,94.31
C1609,INV-602704,2025-08-22 00:00:00,65.0,Electronics & Gadgets,1,65.0
C1541,INV-602436,2025-08-22 00:00:00,65.0,Electronics & Gadgets,1,65.0
C1609,INV-602704,2025-08-22 00:00:00,65.0,Electronics & Gadgets,1,65.0
C1148,INV-601327,2025-08-22 00:00:00,74.88,Beauty & Wellness,1,74.88
C1536,INV-602427,2025-08-22 00:00:00,93.71,Home & Smart Living,1,93.71
C1148,INV-601327,2025-08-22 00:00:00,63.45,Beauty & Wellness,1,63.45
C1148,INV-601327,2025-08-22 00:00:00,83.26,Beauty & Wellness,1,83.26
C1542,INV-602437,2025-08-22 00:00:00,90.58,Apparel & Designer Wear,2,45.29
C1064,INV-600633,2025-08-22 00:00:00,200.32,Beauty & Wellness,8,25.04
C1093,INV-600916,2025-08-22 00:00:00,154.32,Beauty & Wellness,2,77.16
C1541,INV-602436,2025-08-22 00:00:00,29.58,Gourmet Foods & Coffee,2,14.79
C1547,INV-602446,2025-08-22 00:00:00,31.72,Beauty & Wellness,1,31.72
C1137,INV-601238,2025-08-22 00:00:00,84.42,Apparel & Designer Wear,1,84.42
C1094,INV-600924,2025-08-22 00:00:00,82.6,Home & Smart Living,1,82.6
C1022,INV-600213,2025-08-22 00:00:00,95.7,Home & Smart Living,1,95.7
C1022,INV-600213,2025-08-22 00:00:00,63.66,Home & Smart Living,1,63.66
C1022,INV-600213,2025-08-22 00:00:00,158.92,Beauty & Wellness,2,79.46
C1094,INV-600924,2025-08-22 00:00:00,55.98,Gourmet Foods & Coffee,1,55.98
C1132,INV-601203,2025-08-22 00:00:00,230.41,Sports & Outdoors,1,230.41
C1127,INV-601164,2025-08-22 00:00:00,140.64,Home & Smart Living,4,35.16
C1541,INV-602436,2025-08-22 00:00:00,26.69,Gourmet Foods & Coffee,1,26.69
C1549,INV-602448,2025-08-22 00:00:00,37.91,Apparel & Designer Wear,1,37.91
C1127,INV-601164,2025-08-22 00:00:00,100.18,Gourmet Foods & Coffee,2,50.09
C1007,INV-600062,2025-08-22 00:00:00,304.32,Beauty & Wellness,4,76.08
C1169,INV-601483,2025-08-23 00:00:00,100.71,Beauty & Wellness,1,100.71
C1370,INV-602075,2025-08-23 00:00:00,89.03,Apparel & Designer Wear,1,89.03
C1088,INV-600867,2025-08-23 00:00:00,101.73,Electronics & Gadgets,1,101.73
C1370,INV-602075,2025-08-23 00:00:00,134.25,Beauty & Wellness,3,44.75
C1172,INV-601509,2025-08-23 00:00:00,186.65,Gourmet Foods & Coffee,5,37.33
C1089,INV-600880,2025-08-23 00:00:00,213.86,Beauty & Wellness,2,106.93
C1077,INV-600759,2025-08-23 00:00:00,117.79,Electronics & Gadgets,1,117.79
C1076,INV-600750,2025-08-23 00:00:00,197.66,Beauty & Wellness,2,98.83
C1556,INV-602458,2025-08-23 00:00:00,39.5,Beauty & Wellness,1,39.5
C1556,INV-602458,2025-08-23 00:00:00,46.84,Apparel & Designer Wear,1,46.84
C1107,INV-601013,2025-08-23 00:00:00,70.36,Apparel & Designer Wear,2,35.18
C1077,INV-600759,2025-08-23 00:00:00,131.22,Apparel & Designer Wear,2,65.61
C1059,INV-600579,2025-08-23 00:00:00,218.24,Home & Smart Living,2,109.12
C1059,INV-600579,2025-08-23 00:00:00,181.78,Home & Smart Living,1,181.78
C1107,INV-601013,2025-08-23 00:00:00,102.94,Apparel & Designer Wear,1,102.94
C1076,INV-600750,2025-08-23 00:00:00,209.15,Sports & Outdoors,1,209.15
C1088,INV-600867,2025-08-23 00:00:00,131.25,Sports & Outdoors,1,131.25
C1088,INV-600867,2025-08-23 00:00:00,143.13,Gourmet Foods & Coffee,3,47.71
C1077,INV-600759,2025-08-23 00:00:00,117.64,Sports & Outdoors,2,58.82
C1169,INV-601483,2025-08-23 00:00:00,81.11,Sports & Outdoors,1,81.11
C1169,INV-601483,2025-08-23 00:00:00,65.0,Electronics & Gadgets,1,65.0
C1107,INV-601013,2025-08-23 00:00:00,97.55,Sports & Outdoors,1,97.55
C1445,INV-602214,2025-08-24 00:00:00,51.53,Home & Smart Living,1,51.53
C1445,INV-602214,2025-08-24 00:00:00,34.48,Gourmet Foods & Coffee,1,34.48
C1445,INV-602214,2025-08-24 00:00:00,56.01,Home & Smart Living,1,56.01
C1070,INV-600690,2025-08-24 00:00:00,230.07,Gourmet Foods & Coffee,3,76.69
C1478,INV-602312,2025-08-24 00:00:00,82.56,Gourmet Foods & Coffee,3,27.52
C1478,INV-602312,2025-08-24 00:00:00,32.94,Beauty & Wellness,1,32.94
C1179,INV-601559,2025-08-24 00:00:00,98.57,Sports & Outdoors,1,98.57
C1179,INV-601559,2025-08-24 00:00:00,128.7,Gourmet Foods & Coffee,5,25.74
C1108,INV-601021,2025-08-24 00:00:00,311.04,Apparel & Designer Wear,3,103.68
C1016,INV-600153,2025-08-24 00:00:00,153.16,Gourmet Foods & Coffee,7,21.88
C1016,INV-600153,2025-08-24 00:00:00,116.14,Electronics & Gadgets,1,116.14
C1276,INV-601948,2025-08-24 00:00:00,97.26,Apparel & Designer Wear,2,48.63
C1070,INV-600690,2025-08-24 00:00:00,234.2,Beauty & Wellness,5,46.84
C1157,INV-601394,2025-08-24 00:00:00,79.06,Home & Smart Living,1,79.06
C1157,INV-601394,2025-08-24 00:00:00,94.32,Gourmet Foods & Coffee,2,47.16
C1015,INV-600143,2025-08-24 00:00:00,190.57,Home & Smart Living,1,190.57
C1015,INV-600143,2025-08-24 00:00:00,152.87,Sports & Outdoors,1,152.87
C1461,INV-602261,2025-08-25 00:00:00,35.0,Home & Smart Living,1,35.0
C1065,INV-600642,2025-08-25 00:00:00,78.98,Beauty & Wellness,2,39.49
C1219,INV-601782,2025-08-25 00:00:00,42.0,Sports & Outdoors,1,42.0
C1461,INV-602261,2025-08-25 00:00:00,41.27,Home & Smart Living,1,41.27
C1072,INV-600711,2025-08-25 00:00:00,380.1,Electronics & Gadgets,1,380.1
C1065,INV-600642,2025-08-25 00:00:00,92.37,Home & Smart Living,1,92.37
C1462,INV-602264,2025-08-25 00:00:00,54.48,Sports & Outdoors,1,54.48
C1462,INV-602264,2025-08-25 00:00:00,38.32,Beauty & Wellness,1,38.32
C1065,INV-600642,2025-08-25 00:00:00,115.9,Beauty & Wellness,2,57.95
C1091,INV-600900,2025-08-25 00:00:00,71.3,Gourmet Foods & Coffee,5,14.26
C1102,INV-600978,2025-08-25 00:00:00,121.57,Home & Smart Living,1,121.57
C1499,INV-602376,2025-08-25 00:00:00,72.07,Electronics & Gadgets,1,72.07
C1219,INV-601782,2025-08-25 00:00:00,76.64,Gourmet Foods & Coffee,2,38.32
C1091,INV-600900,2025-08-25 00:00:00,65.18,Home & Smart Living,1,65.18
C1219,INV-601782,2025-08-25 00:00:00,75.08,Apparel & Designer Wear,1,75.08
C1091,INV-600900,2025-08-25 00:00:00,100.09,Sports & Outdoors,1,100.09
C1222,INV-601790,2025-08-25 00:00:00,58.42,Apparel & Designer Wear,1,58.42
C1222,INV-601790,2025-08-25 00:00:00,62.97,Gourmet Foods & Coffee,1,62.97
C1222,INV-601790,2025-08-25 00:00:00,57.41,Beauty & Wellness,1,57.41
C1499,INV-602376,2025-08-25 00:00:00,35.0,Home & Smart Living,1,35.0
C1461,INV-602261,2025-08-25 00:00:00,34.91,Gourmet Foods & Coffee,1,34.91
C1090,INV-600891,2025-08-26 00:00:00,164.68,Gourmet Foods & Coffee,4,41.17
C1023,INV-600222,2025-08-26 00:00:00,221.3,Sports & Outdoors,2,110.65
C1090,INV-600891,2025-08-26 00:00:00,141.54,Sports & Outdoors,1,141.54
C1035,INV-600342,2025-08-26 00:00:00,166.6,Apparel & Designer Wear,1,166.6
C1538,INV-602431,2025-08-26 00:00:00,35.0,Home & Smart Living,1,35.0
C1035,INV-600342,2025-08-26 00:00:00,105.88,Beauty & Wellness,4,26.47
C1053,INV-600521,2025-08-26 00:00:00,136.08,Electronics & Gadgets,1,136.08
C1144,INV-601296,2025-08-26 00:00:00,69.74,Gourmet Foods & Coffee,2,34.87
C1144,INV-601296,2025-08-26 00:00:00,95.6,Gourmet Foods & Coffee,4,23.9
C1053,INV-600521,2025-08-26 00:00:00,129.43,Sports & Outdoors,1,129.43
C1500,INV-602378,2025-08-26 00:00:00,91.66,Beauty & Wellness,1,91.66
C1053,INV-600521,2025-08-26 00:00:00,157.5,Gourmet Foods & Coffee,6,26.25
C1538,INV-602431,2025-08-26 00:00:00,28.0,Apparel & Designer Wear,1,28.0
C1230,INV-601816,2025-08-27 00:00:00,208.75,Beauty & Wellness,5,41.75
C1017,INV-600162,2025-08-27 00:00:00,118.65,Electronics & Gadgets,1,118.65
C1017,INV-600162,2025-08-27 00:00:00,97.28,Gourmet Foods & Coffee,4,24.32
C1524,INV-602410,2025-08-27 00:00:00,65.0,Electronics & Gadgets,1,65.0
C1524,INV-602410,2025-08-27 00:00:00,28.0,Apparel & Designer Wear,1,28.0
C1187,INV-601620,2025-08-27 00:00:00,109.16,Gourmet Foods & Coffee,4,27.29
C1187,INV-601620,2025-08-27 00:00:00,94.24,Home & Smart Living,1,94.24
C1203,INV-601741,2025-08-27 00:00:00,77.37,Home & Smart Living,1,77.37
C1167,INV-601467,2025-08-27 00:00:00,111.1,Electronics & Gadgets,1,111.1
C1167,INV-601467,2025-08-27 00:00:00,117.04,Home & Smart Living,1,117.04
C1116,INV-601080,2025-08-27 00:00:00,80.72,Electronics & Gadgets,1,80.72
C1439,INV-602197,2025-08-27 00:00:00,80.09,Sports & Outdoors,1,80.09
C1116,INV-601080,2025-08-27 00:00:00,152.13,Gourmet Foods & Coffee,3,50.71
C1203,INV-601741,2025-08-27 00:00:00,79.31,Apparel & Designer Wear,1,79.31
C1203,INV-601741,2025-08-27 00:00:00,59.89,Gourmet Foods & Coffee,1,59.89
C1012,INV-600111,2025-08-27 00:00:00,440.8,Gourmet Foods & Coffee,10,44.08
C1439,INV-602197,2025-08-27 00:00:00,66.67,Apparel & Designer Wear,1,66.67
C1017,INV-600162,2025-08-27 00:00:00,127.0,Home & Smart Living,1,127.0
C1275,INV-601943,2025-08-27 00:00:00,136.74,Beauty & Wellness,2,68.37
C1054,INV-600531,2025-08-27 00:00:00,139.58,Electronics & Gadgets,1,139.58
C1425,INV-602155,2025-08-27 00:00:00,88.64,Apparel & Designer Wear,1,88.64
C1425,INV-602155,2025-08-27 00:00:00,87.47,Sports & Outdoors,1,87.47
C1425,INV-602155,2025-08-27 00:00:00,92.74,Sports & Outdoors,1,92.74
C1054,INV-600531,2025-08-27 00:00:00,95.99,Apparel & Designer Wear,1,95.99
C1145,INV-601304,2025-08-28 00:00:00,76.15,Home & Smart Living,1,76.15
C1480,INV-602319,2025-08-28 00:00:00,74.54,Home & Smart Living,1,74.54
C1280,INV-601960,2025-08-28 00:00:00,30.55,Apparel & Designer Wear,1,30.55
C1523,INV-602409,2025-08-28 00:00:00,42.0,Sports & Outdoors,1,42.0
C1105,INV-600999,2025-08-28 00:00:00,98.24,Sports & Outdoors,1,98.24
C1105,INV-600999,2025-08-28 00:00:00,98.39,Gourmet Foods & Coffee,1,98.39
C1484,INV-602333,2025-08-28 00:00:00,56.18,Apparel & Designer Wear,2,28.09
C1484,INV-602333,2025-08-28 00:00:00,39.86,Beauty & Wellness,1,39.86
C1484,INV-602333,2025-08-28 00:00:00,49.99,Sports & Outdoors,1,49.99
C1105,INV-600999,2025-08-28 00:00:00,66.8,Beauty & Wellness,1,66.8
C1145,INV-601304,2025-08-28 00:00:00,105.48,Electronics & Gadgets,1,105.48
C1280,INV-601960,2025-08-28 00:00:00,65.56,Gourmet Foods & Coffee,2,32.78
C1490,INV-602348,2025-08-28 00:00:00,65.48,Gourmet Foods & Coffee,1,65.48
C1545,INV-602442,2025-08-28 00:00:00,44.61,Home & Smart Living,1,44.61
C1180,INV-601567,2025-08-28 00:00:00,141.57,Sports & Outdoors,1,141.57
C1545,INV-602442,2025-08-28 00:00:00,28.0,Apparel & Designer Wear,1,28.0
C1280,INV-601960,2025-08-28 00:00:00,65.0,Electronics & Gadgets,1,65.0
C1109,INV-601028,2025-08-28 00:00:00,167.92,Apparel & Designer Wear,1,167.92
C1471,INV-602293,2025-08-28 00:00:00,160.18,Home & Smart Living,1,160.18
C1505,INV-602388,2025-08-29 00:00:00,65.0,Electronics & Gadgets,1,65.0
C1393,INV-602107,2025-08-29 00:00:00,163.2,Sports & Outdoors,1,163.2
C1048,INV-600470,2025-08-29 00:00:00,134.82,Gourmet Foods & Coffee,6,22.47
C1518,INV-602403,2025-08-29 00:00:00,42.0,Sports & Outdoors,1,42.0
C1048,INV-600470,2025-08-29 00:00:00,188.42,Home & Smart Living,1,188.42
C1504,INV-602387,2025-08-29 00:00:00,35.0,Home & Smart Living,1,35.0
C1003,INV-600020,2025-08-29 00:00:00,82.02,Sports & Outdoors,1,82.02
C1008,INV-600071,2025-08-29 00:00:00,133.46,Gourmet Foods & Coffee,2,66.73
C1151,INV-601351,2025-08-29 00:00:00,51.04,Home & Smart Living,1,51.04
C1504,INV-602387,2025-08-29 00:00:00,41.92,Home & Smart Living,1,41.92
C1262,INV-601908,2025-08-29 00:00:00,148.18,Apparel & Designer Wear,1,148.18
C1151,INV-601351,2025-08-29 00:00:00,72.52,Gourmet Foods & Coffee,1,72.52
C1008,INV-600071,2025-08-29 00:00:00,108.82,Apparel & Designer Wear,1,108.82
C1008,INV-600071,2025-08-29 00:00:00,62.9,Beauty & Wellness,1,62.9
C1505,INV-602388,2025-08-29 00:00:00,44.21,Apparel & Designer Wear,1,44.21
C1073,INV-600720,2025-08-29 00:00:00,205.05,Home & Smart Living,3,68.35
C1003,INV-600020,2025-08-29 00:00:00,72.1,Beauty & Wellness,2,36.05
C1014,INV-600133,2025-08-29 00:00:00,81.9,Home & Smart Living,1,81.9
C1014,INV-600133,2025-08-29 00:00:00,109.68,Gourmet Foods & Coffee,2,54.84
C1118,INV-601094,2025-08-29 00:00:00,62.32,Sports & Outdoors,1,62.32
C1151,INV-601351,2025-08-29 00:00:00,79.76,Beauty & Wellness,2,39.88
C1142,INV-601279,2025-08-29 00:00:00,65.55,Apparel & Designer Wear,1,65.55
C1142,INV-601279,2025-08-29 00:00:00,75.58,Sports & Outdoors,1,75.58
C1142,INV-601279,2025-08-29 00:00:00,65.64,Apparel & Designer Wear,1,65.64
C1003,INV-600020,2025-08-29 00:00:00,62.1,Home & Smart Living,1,62.1
C1014,INV-600133,2025-08-29 00:00:00,137.58,Home & Smart Living,2,68.79
C1115,INV-601071,2025-08-29 00:00:00,297.08,Apparel & Designer Wear,2,148.54
C1518,INV-602403,2025-08-29 00:00:00,35.0,Home & Smart Living,1,35.0
C1185,INV-601604,2025-08-29 00:00:00,90.09,Home & Smart Living,1,90.09
C1526,INV-602413,2025-08-29 00:00:00,78.69,Sports & Outdoors,1,78.69
C1185,INV-601604,2025-08-29 00:00:00,105.26,Gourmet Foods & Coffee,2,52.63
C1185,INV-601604,2025-08-29 00:00:00,51.91,Home & Smart Living,1,51.91
C1476,INV-602308,2025-08-29 00:00:00,64.33,Home & Smart Living,1,64.33
C1073,INV-600720,2025-08-29 00:00:00,136.17,Electronics & Gadgets,1,136.17
C1254,INV-601883,2025-08-29 00:00:00,186.56,Gourmet Foods & Coffee,8,23.32
C1476,INV-602308,2025-08-29 00:00:00,59.99,Gourmet Foods & Coffee,1,59.99
C1118,INV-601094,2025-08-29 00:00:00,75.37,Apparel & Designer Wear,1,75.37
C1531,INV-602420,2025-08-29 00:00:00,65.0,Electronics & Gadgets,1,65.0
C1531,INV-602420,2025-08-29 00:00:00,35.0,Home & Smart Living,1,35.0
C1518,INV-602403,2025-08-29 00:00:00,42.0,Sports & Outdoors,1,42.0
C1122,INV-601124,2025-08-29 00:00:00,311.8,Home & Smart Living,2,155.9
C1419,INV-602143,2025-08-29 00:00:00,216.31,Sports & Outdoors,1,216.31
C1529,INV-602416,2025-08-30 00:00:00,65.0,Electronics & Gadgets,1,65.0
C1544,INV-602441,2025-08-30 00:00:00,42.0,Sports & Outdoors,1,42.0
C1420,INV-602145,2025-08-30 00:00:00,50.45,Gourmet Foods & Coffee,1,50.45
C1165,INV-601454,2025-08-30 00:00:00,146.28,Electronics & Gadgets,1,146.28
C1544,INV-602441,2025-08-30 00:00:00,27.77,Gourmet Foods & Coffee,1,27.77
C1178,INV-601553,2025-08-30 00:00:00,65.0,Electronics & Gadgets,1,65.0
C1420,INV-602145,2025-08-30 00:00:00,95.17,Beauty & Wellness,1,95.17
C1420,INV-602145,2025-08-30 00:00:00,51.71,Gourmet Foods & Coffee,1,51.71
C1529,INV-602416,2025-08-30 00:00:00,35.0,Home & Smart Living,1,35.0
C1087,INV-600859,2025-08-30 00:00:00,409.42,Electronics & Gadgets,2,204.71
C1165,INV-601454,2025-08-30 00:00:00,82.44,Electronics & Gadgets,1,82.44
C1544,INV-602441,2025-08-30 00:00:00,20.03,Beauty & Wellness,1,20.03
C1529,INV-602416,2025-08-30 00:00:00,19.98,Beauty & Wellness,1,19.98
C1178,INV-601553,2025-08-30 00:00:00,65.0,Electronics & Gadgets,1,65.0
C1177,INV-601544,2025-08-30 00:00:00,106.36,Gourmet Foods & Coffee,4,26.59
C1001,INV-600003,2025-08-30 00:00:00,113.32,Home & Smart Living,1,113.32
C1028,INV-600270,2025-08-30 00:00:00,281.16,Gourmet Foods & Coffee,9,31.24
C1177,INV-601544,2025-08-30 00:00:00,65.5,Apparel & Designer Wear,1,65.5
C1177,INV-601544,2025-08-30 00:00:00,54.25,Beauty & Wellness,1,54.25
C1001,INV-600003,2025-08-30 00:00:00,105.33,Home & Smart Living,1,105.33
C1120,INV-601109,2025-08-30 00:00:00,106.22,Electronics & Gadgets,1,106.22
C1120,INV-601109,2025-08-30 00:00:00,76.48,Beauty & Wellness,2,38.24
C1178,INV-601553,2025-08-30 00:00:00,67.28,Sports & Outdoors,1,67.28
C1423,INV-602151,2025-08-31 00:00:00,74.19,Gourmet Foods & Coffee,3,24.73
C1550,INV-602449,2025-08-31 00:00:00,42.0,Sports & Outdoors,1,42.0
C1423,INV-602151,2025-08-31 00:00:00,78.4,Electronics & Gadgets,1,78.4
C1491,INV-602353,2025-08-31 00:00:00,45.59,Gourmet Foods & Coffee,1,45.59
C1491,INV-602353,2025-08-31 00:00:00,65.0,Electronics & Gadgets,1,65.0
C1098,INV-600952,2025-08-31 00:00:00,221.76,Gourmet Foods & Coffee,7,31.68
C1423,INV-602151,2025-08-31 00:00:00,42.0,Sports & Outdoors,1,42.0
C1550,INV-602449,2025-08-31 00:00:00,18.0,Beauty & Wellness,1,18.0
C1061,INV-600600,2025-08-31 00:00:00,168.86,Electronics & Gadgets,1,168.86
C1061,INV-600600,2025-08-31 00:00:00,123.32,Beauty & Wellness,2,61.66
C1492,INV-602354,2025-08-31 00:00:00,70.91,Electronics & Gadgets,1,70.91
C1492,INV-602354,2025-08-31 00:00:00,53.51,Apparel & Designer Wear,1,53.51
C1550,INV-602449,2025-08-31 00:00:00,28.55,Gourmet Foods & Coffee,1,28.55
C1491,INV-602353,2025-08-31 00:00:00,65.0,Electronics & Gadgets,1,65.0
C1002,INV-600011,2025-09-01 00:00:00,158.85,Gourmet Foods & Coffee,5,31.77
C1174,INV-601523,2025-09-01 00:00:00,60.76,Beauty & Wellness,1,60.76
C1050,INV-600494,2025-09-01 00:00:00,132.36,Electronics & Gadgets,1,132.36
C1050,INV-600494,2025-09-01 00:00:00,124.43,Home & Smart Living,1,124.43
C1002,INV-600011,2025-09-01 00:00:00,201.74,Apparel & Designer Wear,2,100.87
C1050,INV-600494,2025-09-01 00:00:00,86.42,Home & Smart Living,2,43.21
C1174,INV-601523,2025-09-01 00:00:00,43.93,Apparel & Designer Wear,1,43.93
C1174,INV-601523,2025-09-01 00:00:00,74.89,Beauty & Wellness,1,74.89
C1038,INV-600368,2025-09-01 00:00:00,87.82,Gourmet Foods & Coffee,1,87.82
C1038,INV-600368,2025-09-01 00:00:00,60.25,Sports & Outdoors,1,60.25
C1428,INV-602159,2025-09-01 00:00:00,48.34,Beauty & Wellness,1,48.34
C1096,INV-600939,2025-09-01 00:00:00,120.01,Apparel & Designer Wear,1,120.01
C1096,INV-600939,2025-09-01 00:00:00,132.68,Home & Smart Living,2,66.34
C1428,INV-602159,2025-09-01 00:00:00,55.06,Home & Smart Living,1,55.06
C1228,INV-601808,2025-09-01 00:00:00,220.81,Apparel & Designer Wear,1,220.81
C1428,INV-602159,2025-09-01 00:00:00,42.0,Sports & Outdoors,1,42.0
C1497,INV-602368,2025-09-01 00:00:00,65.0,Electronics & Gadgets,1,65.0
C1038,INV-600368,2025-09-01 00:00:00,105.47,Home & Smart Living,1,105.47
C1474,INV-602302,2025-09-01 00:00:00,65.0,Electronics & Gadgets,1,65.0
C1474,INV-602302,2025-09-01 00:00:00,38.01,Gourmet Foods & Coffee,1,38.01
C1497,INV-602368,2025-09-01 00:00:00,70.18,Home & Smart Living,1,70.18
C1284,INV-601971,2025-09-02 00:00:00,155.08,Electronics & Gadgets,1,155.08
C1176,INV-601539,2025-09-02 00:00:00,140.72,Sports & Outdoors,1,140.72
C1176,INV-601539,2025-09-02 00:00:00,149.6,Electronics & Gadgets,2,74.8
C1039,INV-600379,2025-09-02 00:00:00,107.78,Apparel & Designer Wear,2,53.89
C1465,INV-602275,2025-09-02 00:00:00,53.22,Sports & Outdoors,1,53.22
C1039,INV-600379,2025-09-02 00:00:00,133.08,Electronics & Gadgets,1,133.08
C1042,INV-600411,2025-09-02 00:00:00,430.8,Apparel & Designer Wear,5,86.16
C1469,INV-602288,2025-09-02 00:00:00,68.53,Home & Smart Living,1,68.53
C1469,INV-602288,2025-09-02 00:00:00,64.79,Beauty & Wellness,1,64.79
C1433,INV-602175,2025-09-02 00:00:00,52.2,Gourmet Foods & Coffee,3,17.4
C1039,INV-600379,2025-09-02 00:00:00,96.76,Home & Smart Living,1,96.76
C1433,INV-602175,2025-09-02 00:00:00,28.0,Apparel & Designer Wear,1,28.0
C1030,INV-600291,2025-09-02 00:00:00,99.14,Home & Smart Living,1,99.14
C1465,INV-602275,2025-09-02 00:00:00,74.26,Sports & Outdoors,1,74.26
C1030,INV-600291,2025-09-02 00:00:00,226.72,Gourmet Foods & Coffee,4,56.68
C1433,INV-602175,2025-09-02 00:00:00,65.0,Electronics & Gadgets,1,65.0
C1175,INV-601528,2025-09-02 00:00:00,65.0,Electronics & Gadgets,1,65.0
C1175,INV-601528,2025-09-02 00:00:00,65.0,Electronics & Gadgets,1,65.0
C1175,INV-601528,2025-09-02 00:00:00,81.74,Apparel & Designer Wear,1,81.74
C1510,INV-602394,2025-09-02 00:00:00,68.57,Apparel & Designer Wear,1,68.57
C1494,INV-602359,2025-09-03 00:00:00,55.84,Apparel & Designer Wear,1,55.84
C1156,INV-601384,2025-09-03 00:00:00,253.21,Electronics & Gadgets,1,253.21
C1181,INV-601574,2025-09-03 00:00:00,95.42,Beauty & Wellness,1,95.42
C1181,INV-601574,2025-09-03 00:00:00,65.84,Electronics & Gadgets,1,65.84
C1181,INV-601574,2025-09-03 00:00:00,66.66,Apparel & Designer Wear,1,66.66
C1192,INV-601658,2025-09-03 00:00:00,82.76,Beauty & Wellness,2,41.38
C1192,INV-601658,2025-09-03 00:00:00,148.44,Gourmet Foods & Coffee,6,24.74
C1494,INV-602359,2025-09-03 00:00:00,48.36,Gourmet Foods & Coffee,3,16.12
C1494,INV-602359,2025-09-03 00:00:00,49.73,Home & Smart Living,1,49.73
C1018,INV-600172,2025-09-03 00:00:00,140.0,Home & Smart Living,4,35.0
C1138,INV-601245,2025-09-03 00:00:00,78.96,Apparel & Designer Wear,2,39.48
C1511,INV-602395,2025-09-03 00:00:00,65.0,Electronics & Gadgets,1,65.0
C1201,INV-601723,2025-09-03 00:00:00,231.7,Apparel & Designer Wear,1,231.7
C1018,INV-600172,2025-09-03 00:00:00,205.1,Apparel & Designer Wear,1,205.1
C1511,INV-602395,2025-09-03 00:00:00,36.81,Beauty & Wellness,1,36.81
C1138,INV-601245,2025-09-03 00:00:00,64.77,Sports & Outdoors,1,64.77
C1138,INV-601245,2025-09-03 00:00:00,89.53,Home & Smart Living,1,89.53
C1114,INV-601062,2025-09-03 00:00:00,236.9,Home & Smart Living,1,236.9
C1164,INV-601445,2025-09-03 00:00:00,237.72,Electronics & Gadgets,2,118.86
C1241,INV-601847,2025-09-04 00:00:00,214.78,Home & Smart Living,2,107.39
C1037,INV-600359,2025-09-04 00:00:00,142.33,Sports & Outdoors,1,142.33
C1121,INV-601115,2025-09-04 00:00:00,191.6,Beauty & Wellness,5,38.32
C1037,INV-600359,2025-09-04 00:00:00,136.0,Electronics & Gadgets,1,136.0
C1037,INV-600359,2025-09-04 00:00:00,71.32,Sports & Outdoors,1,71.32
C1049,INV-600481,2025-09-04 00:00:00,108.96,Apparel & Designer Wear,1,108.96
C1453,INV-602234,2025-09-04 00:00:00,161.42,Beauty & Wellness,2,80.71
C1049,INV-600481,2025-09-04 00:00:00,72.94,Electronics & Gadgets,1,72.94
C1049,INV-600481,2025-09-04 00:00:00,100.34,Beauty & Wellness,1,100.34
C1136,INV-601229,2025-09-04 00:00:00,71.38,Apparel & Designer Wear,1,71.38
C1136,INV-601229,2025-09-04 00:00:00,65.0,Electronics & Gadgets,1,65.0
C1493,INV-602357,2025-09-04 00:00:00,35.15,Beauty & Wellness,1,35.15
C1493,INV-602357,2025-09-04 00:00:00,25.16,Gourmet Foods & Coffee,1,25.16
C1136,INV-601229,2025-09-04 00:00:00,67.38,Apparel & Designer Wear,1,67.38
C1466,INV-602278,2025-09-04 00:00:00,152.93,Electronics & Gadgets,1,152.93
C1010,INV-600092,2025-09-04 00:00:00,132.44,Sports & Outdoors,2,66.22
C1010,INV-600092,2025-09-04 00:00:00,178.44,Gourmet Foods & Coffee,3,59.48
C1493,INV-602357,2025-09-04 00:00:00,32.0,Gourmet Foods & Coffee,1,32.0
C1460,INV-602257,2025-09-05 00:00:00,106.99,Home & Smart Living,1,106.99
C1429,INV-602162,2025-09-05 00:00:00,65.0,Electronics & Gadgets,1,65.0
C1429,INV-602162,2025-09-05 00:00:00,46.92,Beauty & Wellness,1,46.92
C1263,INV-601911,2025-09-05 00:00:00,48.22,Beauty & Wellness,1,48.22
C1263,INV-601911,2025-09-05 00:00:00,107.1,Apparel & Designer Wear,1,107.1
C1024,INV-600231,2025-09-05 00:00:00,371.92,Sports & Outdoors,4,92.98
C1036,INV-600351,2025-09-05 00:00:00,148.3,Sports & Outdoors,1,148.3
C1215,INV-601773,2025-09-05 00:00:00,107.15,Gourmet Foods & Coffee,5,21.43
C1560,INV-602463,2025-09-05 00:00:00,65.0,Electronics & Gadgets,1,65.0
C1463,INV-602268,2025-09-05 00:00:00,83.96,Apparel & Designer Wear,2,41.98
C1130,INV-601186,2025-09-05 00:00:00,146.58,Sports & Outdoors,3,48.86
C1463,INV-602268,2025-09-05 00:00:00,47.67,Home & Smart Living,1,47.67
C1196,INV-601690,2025-09-05 00:00:00,204.4,Home & Smart Living,1,204.4
C1036,INV-600351,2025-09-05 00:00:00,142.19,Electronics & Gadgets,1,142.19
C1130,INV-601186,2025-09-05 00:00:00,73.09,Electronics & Gadgets,1,73.09
C1257,INV-601891,2025-09-06 00:00:00,47.58,Beauty & Wellness,1,47.58
C1290,INV-601989,2025-09-06 00:00:00,103.78,Beauty & Wellness,1,103.78
C1456,INV-602244,2025-09-06 00:00:00,143.84,Apparel & Designer Wear,1,143.84
C1129,INV-601177,2025-09-06 00:00:00,65.0,Electronics & Gadgets,1,65.0
C1129,INV-601177,2025-09-06 00:00:00,103.6,Home & Smart Living,1,103.6
C1063,INV-600621,2025-09-06 00:00:00,312.56,Electronics & Gadgets,2,156.28
C1253,INV-601879,2025-09-06 00:00:00,79.53,Electronics & Gadgets,1,79.53
C1253,INV-601879,2025-09-06 00:00:00,49.82,Gourmet Foods & Coffee,1,49.82
C1253,INV-601879,2025-09-06 00:00:00,78.86,Apparel & Designer Wear,1,78.86
C1129,INV-601177,2025-09-06 00:00:00,78.19,Electronics & Gadgets,1,78.19
C1257,INV-601891,2025-09-06 00:00:00,101.19,Beauty & Wellness,3,33.73
C1290,INV-601989,2025-09-06 00:00:00,105.94,Apparel & Designer Wear,1,105.94
C1034,INV-600333,2025-09-06 00:00:00,116.65,Home & Smart Living,1,116.65
C1034,INV-600333,2025-09-06 00:00:00,133.72,Home & Smart Living,1,133.72
C1031,INV-600301,2025-09-07 00:00:00,273.9,Home & Smart Living,6,45.65
C1487,INV-602340,2025-09-07 00:00:00,33.24,Beauty & Wellness,1,33.24
C1487,INV-602340,2025-09-07 00:00:00,65.0,Electronics & Gadgets,1,65.0
C1508,INV-602392,2025-09-07 00:00:00,65.0,Electronics & Gadgets,1,65.0
C1487,INV-602340,2025-09-07 00:00:00,54.27,Home & Smart Living,1,54.27
C1424,INV-602153,2025-09-07 00:00:00,77.61,Home & Smart Living,1,77.61
C1200,INV-601717,2025-09-07 00:00:00,141.56,Sports & Outdoors,1,141.56
C1135,INV-601223,2025-09-07 00:00:00,135.02,Apparel & Designer Wear,1,135.02
C1057,INV-600560,2025-09-07 00:00:00,65.0,Electronics & Gadgets,1,65.0
C1154,INV-601373,2025-09-07 00:00:00,47.04,Sports & Outdoors,1,47.04
C1154,INV-601373,2025-09-07 00:00:00,87.23,Home & Smart Living,1,87.23
C1154,INV-601373,2025-09-07 00:00:00,74.26,Sports & Outdoors,1,74.26
C1057,INV-600560,2025-09-07 00:00:00,106.96,Beauty & Wellness,2,53.48
C1057,INV-600560,2025-09-07 00:00:00,111.79,Apparel & Designer Wear,1,111.79
C1424,INV-602153,2025-09-07 00:00:00,96.46,Beauty & Wellness,2,48.23
C1078,INV-600769,2025-09-07 00:00:00,125.7,Beauty & Wellness,2,62.85
C1078,INV-600769,2025-09-07 00:00:00,115.1,Gourmet Foods & Coffee,2,57.55
C1506,INV-602390,2025-09-08 00:00:00,42.82,Home & Smart Living,1,42.82
C1506,INV-602390,2025-09-08 00:00:00,40.59,Gourmet Foods & Coffee,1,40.59
C1103,INV-600985,2025-09-08 00:00:00,241.15,Apparel & Designer Wear,5,48.23
C1182,INV-601579,2025-09-08 00:00:00,311.7,Home & Smart Living,2,155.85
C1404,INV-602120,2025-09-08 00:00:00,86.08,Home & Smart Living,1,86.08
C1404,INV-602120,2025-09-08 00:00:00,65.0,Electronics & Gadgets,1,65.0
C1555,INV-602457,2025-09-08 00:00:00,35.0,Home & Smart Living,1,35.0
C1404,INV-602120,2025-09-08 00:00:00,42.0,Sports & Outdoors,1,42.0
C1555,INV-602457,2025-09-08 00:00:00,65.0,Electronics & Gadgets,1,65.0
C1555,INV-602457,2025-09-08 00:00:00,19.42,Gourmet Foods & Coffee,1,19.42
C1514,INV-602398,2025-09-08 00:00:00,58.04,Apparel & Designer Wear,1,58.04
C1119,INV-601102,2025-09-08 00:00:00,235.02,Sports & Outdoors,2,117.51
C1432,INV-602171,2025-09-08 00:00:00,73.32,Home & Smart Living,1,73.32
C1455,INV-602240,2025-09-08 00:00:00,42.0,Sports & Outdoors,1,42.0
C1438,INV-602193,2025-09-08 00:00:00,35.0,Home & Smart Living,1,35.0
C1449,INV-602225,2025-09-08 00:00:00,76.28,Beauty & Wellness,2,38.14
C1449,INV-602225,2025-09-08 00:00:00,70.0,Home & Smart Living,2,35.0
C1455,INV-602240,2025-09-08 00:00:00,32.33,Apparel & Designer Wear,1,32.33
C1438,INV-602193,2025-09-08 00:00:00,42.0,Sports & Outdoors,1,42.0
C1441,INV-602202,2025-09-08 00:00:00,82.22,Electronics & Gadgets,1,82.22
C1458,INV-602250,2025-09-08 00:00:00,42.0,Sports & Outdoors,1,42.0
C1458,INV-602250,2025-09-08 00:00:00,55.37,Sports & Outdoors,1,55.37
C1472,INV-602294,2025-09-08 00:00:00,56.43,Beauty & Wellness,3,18.81
C1472,INV-602294,2025-09-08 00:00:00,42.0,Sports & Outdoors,1,42.0
C1472,INV-602294,2025-09-08 00:00:00,56.01,Sports & Outdoors,1,56.01
C1432,INV-602171,2025-09-08 00:00:00,62.36,Gourmet Foods & Coffee,1,62.36
C1025,INV-600241,2025-09-08 00:00:00,219.64,Beauty & Wellness,4,54.91
C1025,INV-600241,2025-09-08 00:00:00,111.12,Apparel & Designer Wear,3,37.04
C1458,INV-602250,2025-09-08 00:00:00,65.0,Electronics & Gadgets,1,65.0
C1438,INV-602193,2025-09-08 00:00:00,43.64,Gourmet Foods & Coffee,1,43.64
C1411,INV-602132,2025-09-09 00:00:00,79.79,Beauty & Wellness,1,79.79
C1080,INV-600791,2025-09-09 00:00:00,133.52,Beauty & Wellness,4,33.38
C1495,INV-602363,2025-09-09 00:00:00,83.85,Home & Smart Living,1,83.85
C1495,INV-602363,2025-09-09 00:00:00,53.6,Gourmet Foods & Coffee,2,26.8
C1094,INV-600923,2025-09-09 00:00:00,156.69,Gourmet Foods & Coffee,3,52.23
C1094,INV-600923,2025-09-09 00:00:00,96.78,Gourmet Foods & Coffee,3,32.26
C1445,INV-602213,2025-09-09 00:00:00,79.38,Home & Smart Living,1,79.38
C1411,INV-602132,2025-09-09 00:00:00,58.87,Sports & Outdoors,1,58.87
C1080,INV-600791,2025-09-09 00:00:00,62.54,Apparel & Designer Wear,1,62.54
C1113,INV-601057,2025-09-09 00:00:00,66.78,Beauty & Wellness,1,66.78
C1147,INV-601320,2025-09-09 00:00:00,92.2,Sports & Outdoors,1,92.2
C1062,INV-600610,2025-09-09 00:00:00,79.9,Sports & Outdoors,1,79.9
C1062,INV-600610,2025-09-09 00:00:00,95.51,Home & Smart Living,1,95.51
C1147,INV-601320,2025-09-09 00:00:00,78.02,Gourmet Foods & Coffee,1,78.02
C1147,INV-601320,2025-09-09 00:00:00,104.37,Apparel & Designer Wear,1,104.37
C1070,INV-600689,2025-09-09 00:00:00,151.71,Sports & Outdoors,1,151.71
C1392,INV-602105,2025-09-09 00:00:00,96.18,Beauty & Wellness,1,96.18
C1392,INV-602105,2025-09-09 00:00:00,92.76,Apparel & Designer Wear,1,92.76
C1113,INV-601057,2025-09-09 00:00:00,68.79,Gourmet Foods & Coffee,3,22.93
C1113,INV-601057,2025-09-09 00:00:00,77.28,Electronics & Gadgets,1,77.28
C1062,INV-600610,2025-09-09 00:00:00,113.84,Gourmet Foods & Coffee,2,56.92
C1127,INV-601163,2025-09-09 00:00:00,253.02,Home & Smart Living,2,126.51
C1052,INV-600511,2025-09-09 00:00:00,95.51,Home & Smart Living,1,95.51
C1070,INV-600689,2025-09-09 00:00:00,91.76,Apparel & Designer Wear,1,91.76
C1161,INV-601424,2025-09-09 00:00:00,141.24,Gourmet Foods & Coffee,2,70.62
C1052,INV-600511,2025-09-09 00:00:00,135.93,Electronics & Gadgets,1,135.93
C1052,INV-600511,2025-09-09 00:00:00,96.32,Gourmet Foods & Coffee,2,48.16
C1260,INV-601899,2025-09-09 00:00:00,48.41,Gourmet Foods & Coffee,1,48.41
C1260,INV-601899,2025-09-09 00:00:00,51.5,Gourmet Foods & Coffee,1,51.5
C1260,INV-601899,2025-09-09 00:00:00,65.0,Electronics & Gadgets,1,65.0
C1070,INV-600689,2025-09-09 00:00:00,113.3,Sports & Outdoors,1,113.3
C1080,INV-600791,2025-09-09 00:00:00,108.93,Apparel & Designer Wear,3,36.31
C1392,INV-602105,2025-09-09 00:00:00,84.86,Electronics & Gadgets,1,84.86
C1020,INV-600191,2025-09-10 00:00:00,154.77,Home & Smart Living,1,154.77
C1255,INV-601885,2025-09-10 00:00:00,93.54,Apparel & Designer Wear,3,31.18
C1104,INV-600994,2025-09-10 00:00:00,77.13,Sports & Outdoors,1,77.13
C1020,INV-600191,2025-09-10 00:00:00,102.33,Gourmet Foods & Coffee,3,34.11
C1104,INV-600994,2025-09-10 00:00:00,135.48,Gourmet Foods & Coffee,4,33.87
C1189,INV-601636,2025-09-10 00:00:00,237.88,Sports & Outdoors,1,237.88
C1291,INV-601992,2025-09-10 00:00:00,50.89,Apparel & Designer Wear,1,50.89
C1291,INV-601992,2025-09-10 00:00:00,48.04,Gourmet Foods & Coffee,1,48.04
C1291,INV-601992,2025-09-10 00:00:00,48.65,Sports & Outdoors,1,48.65
C1020,INV-600191,2025-09-10 00:00:00,90.89,Home & Smart Living,1,90.89
C1149,INV-601335,2025-09-10 00:00:00,96.05,Home & Smart Living,1,96.05
C1496,INV-602365,2025-09-10 00:00:00,34.03,Apparel & Designer Wear,1,34.03
C1149,INV-601335,2025-09-10 00:00:00,65.0,Electronics & Gadgets,1,65.0
C1093,INV-600915,2025-09-10 00:00:00,65.0,Electronics & Gadgets,1,65.0
C1245,INV-601857,2025-09-10 00:00:00,170.43,Apparel & Designer Wear,1,170.43
C1093,INV-600915,2025-09-10 00:00:00,72.4,Gourmet Foods & Coffee,5,14.48
C1074,INV-600731,2025-09-10 00:00:00,197.04,Beauty & Wellness,3,65.68
C1093,INV-600915,2025-09-10 00:00:00,51.73,Sports & Outdoors,1,51.73
C1074,INV-600731,2025-09-10 00:00:00,136.64,Electronics & Gadgets,2,68.32
C1269,INV-601928,2025-09-10 00:00:00,43.86,Gourmet Foods & Coffee,1,43.86
C1269,INV-601928,2025-09-10 00:00:00,41.02,Apparel & Designer Wear,1,41.02
C1269,INV-601928,2025-09-10 00:00:00,76.39,Home & Smart Living,1,76.39
C1213,INV-601767,2025-09-10 00:00:00,62.98,Apparel & Designer Wear,1,62.98
C1124,INV-601141,2025-09-10 00:00:00,123.96,Beauty & Wellness,2,61.98
C1213,INV-601767,2025-09-10 00:00:00,65.0,Electronics & Gadgets,1,65.0
C1488,INV-602343,2025-09-10 00:00:00,39.74,Home & Smart Living,1,39.74
C1488,INV-602343,2025-09-10 00:00:00,48.38,Beauty & Wellness,1,48.38
C1204,INV-601745,2025-09-10 00:00:00,229.32,Gourmet Foods & Coffee,4,57.33
C1496,INV-602365,2025-09-10 00:00:00,55.48,Home & Smart Living,1,55.48
C1427,INV-602158,2025-09-10 00:00:00,237.92,Sports & Outdoors,2,118.96
C1496,INV-602365,2025-09-10 00:00:00,55.54,Gourmet Foods & Coffee,2,27.77
C1149,INV-601335,2025-09-10 00:00:00,40.28,Apparel & Designer Wear,1,40.28
C1213,INV-601767,2025-09-10 00:00:00,35.82,Gourmet Foods & Coffee,1,35.82
C1110,INV-601034,2025-09-11 00:00:00,96.16,Home & Smart Living,1,96.16
C1110,INV-601034,2025-09-11 00:00:00,95.97,Home & Smart Living,1,95.97
C1110,INV-601034,2025-09-11 00:00:00,58.75,Sports & Outdoors,1,58.75
C1377,INV-602087,2025-09-11 00:00:00,79.94,Beauty & Wellness,1,79.94
C1183,INV-601588,2025-09-11 00:00:00,136.8,Apparel & Designer Wear,3,45.6
C1440,INV-602198,2025-09-11 00:00:00,61.88,Apparel & Designer Wear,1,61.88
C1067,INV-600660,2025-09-11 00:00:00,426.72,Gourmet Foods & Coffee,6,71.12
C1499,INV-602375,2025-09-11 00:00:00,67.75,Gourmet Foods & Coffee,1,67.75
C1019,INV-600181,2025-09-11 00:00:00,146.42,Home & Smart Living,1,146.42
C1475,INV-602305,2025-09-11 00:00:00,155.44,Apparel & Designer Wear,1,155.44
C1032,INV-600311,2025-09-11 00:00:00,116.5,Beauty & Wellness,1,116.5
C1032,INV-600311,2025-09-11 00:00:00,67.9,Beauty & Wellness,1,67.9
C1032,INV-600311,2025-09-11 00:00:00,141.52,Home & Smart Living,1,141.52
C1221,INV-601787,2025-09-11 00:00:00,72.58,Sports & Outdoors,1,72.58
C1221,INV-601787,2025-09-11 00:00:00,65.0,Electronics & Gadgets,1,65.0
C1221,INV-601787,2025-09-11 00:00:00,65.0,Electronics & Gadgets,1,65.0
C1440,INV-602198,2025-09-11 00:00:00,43.37,Sports & Outdoors,1,43.37
C1277,INV-601951,2025-09-11 00:00:00,133.08,Electronics & Gadgets,1,133.08
C1197,INV-601698,2025-09-11 00:00:00,103.62,Beauty & Wellness,1,103.62
C1377,INV-602087,2025-09-11 00:00:00,42.0,Sports & Outdoors,1,42.0
C1499,INV-602375,2025-09-11 00:00:00,64.85,Beauty & Wellness,1,64.85
C1286,INV-601977,2025-09-11 00:00:00,210.68,Sports & Outdoors,2,105.34
C1101,INV-600970,2025-09-11 00:00:00,132.41,Sports & Outdoors,1,132.41
C1101,INV-600970,2025-09-11 00:00:00,122.37,Beauty & Wellness,3,40.79
C1019,INV-600181,2025-09-11 00:00:00,103.98,Apparel & Designer Wear,1,103.98
C1197,INV-601698,2025-09-11 00:00:00,156.63,Electronics & Gadgets,1,156.63
C1377,INV-602087,2025-09-11 00:00:00,72.27,Apparel & Designer Wear,1,72.27
C1019,INV-600181,2025-09-11 00:00:00,124.3,Sports & Outdoors,1,124.3
C1155,INV-601378,2025-09-11 00:00:00,103.08,Sports & Outdoors,1,103.08
C1559,INV-602461,2025-09-11 00:00:00,72.65,Home & Smart Living,1,72.65
C1554,INV-602455,2025-09-11 00:00:00,42.0,Sports & Outdoors,1,42.0
C1554,INV-602455,2025-09-11 00:00:00,28.0,Apparel & Designer Wear,1,28.0
C1072,INV-600710,2025-09-11 00:00:00,224.48,Apparel & Designer Wear,2,112.24
C1079,INV-600779,2025-09-11 00:00:00,149.4,Gourmet Foods & Coffee,5,29.88
C1166,INV-601462,2025-09-11 00:00:00,115.14,Sports & Outdoors,1,115.14
C1554,INV-602455,2025-09-11 00:00:00,27.07,Beauty & Wellness,1,27.07
C1160,INV-601418,2025-09-11 00:00:00,104.19,Home & Smart Living,1,104.19
C1155,INV-601378,2025-09-11 00:00:00,87.27,Beauty & Wellness,3,29.09
C1079,INV-600779,2025-09-11 00:00:00,69.19,Sports & Outdoors,1,69.19
C1166,INV-601462,2025-09-11 00:00:00,77.98,Beauty & Wellness,1,77.98
C1160,INV-601418,2025-09-11 00:00:00,42.27,Home & Smart Living,1,42.27
C1079,INV-600779,2025-09-11 00:00:00,85.18,Home & Smart Living,2,42.59
C1160,INV-601418,2025-09-11 00:00:00,81.35,Gourmet Foods & Coffee,5,16.27
C1240,INV-601844,2025-09-12 00:00:00,89.54,Apparel & Designer Wear,1,89.54
C1139,INV-601249,2025-09-12 00:00:00,99.66,Home & Smart Living,1,99.66
C1111,INV-601042,2025-09-12 00:00:00,159.22,Electronics & Gadgets,1,159.22
C1240,INV-601844,2025-09-12 00:00:00,78.5,Apparel & Designer Wear,1,78.5
C1004,INV-600029,2025-09-12 00:00:00,130.0,Electronics & Gadgets,2,65.0
C1272,INV-601934,2025-09-12 00:00:00,46.55,Home & Smart Living,1,46.55
C1139,INV-601249,2025-09-12 00:00:00,47.83,Gourmet Foods & Coffee,1,47.83
C1375,INV-602083,2025-09-12 00:00:00,65.0,Electronics & Gadgets,1,65.0
C1375,INV-602083,2025-09-12 00:00:00,67.79,Sports & Outdoors,1,67.79
C1375,INV-602083,2025-09-12 00:00:00,56.56,Home & Smart Living,1,56.56
C1117,INV-601087,2025-09-12 00:00:00,240.79,Gourmet Foods & Coffee,11,21.89
C1139,INV-601249,2025-09-12 00:00:00,67.93,Beauty & Wellness,1,67.93
C1152,INV-601360,2025-09-12 00:00:00,126.0,Sports & Outdoors,3,42.0
C1004,INV-600029,2025-09-12 00:00:00,162.2,Beauty & Wellness,2,81.1
C1272,INV-601934,2025-09-12 00:00:00,107.87,Beauty & Wellness,1,107.87
C1558,INV-602460,2025-09-13 00:00:00,92.3,Gourmet Foods & Coffee,2,46.15
C1092,INV-600907,2025-09-13 00:00:00,67.62,Apparel & Designer Wear,1,67.62
C1092,INV-600907,2025-09-13 00:00:00,70.22,Sports & Outdoors,1,70.22
C1557,INV-602459,2025-09-13 00:00:00,35.0,Home & Smart Living,1,35.0
C1148,INV-601326,2025-09-13 00:00:00,299.34,Home & Smart Living,2,149.67
C1407,INV-602124,2025-09-13 00:00:00,42.0,Sports & Outdoors,1,42.0
C1486,INV-602338,2025-09-13 00:00:00,42.0,Sports & Outdoors,1,42.0
C1486,INV-602338,2025-09-13 00:00:00,65.0,Electronics & Gadgets,1,65.0
C1528,INV-602415,2025-09-13 00:00:00,65.0,Electronics & Gadgets,1,65.0
C1486,INV-602338,2025-09-13 00:00:00,54.0,Beauty & Wellness,3,18.0
C1557,INV-602459,2025-09-13 00:00:00,42.0,Sports & Outdoors,1,42.0
C1009,INV-600082,2025-09-13 00:00:00,138.26,Sports & Outdoors,1,138.26
C1092,INV-600907,2025-09-13 00:00:00,68.86,Home & Smart Living,1,68.86
C1500,INV-602377,2025-09-13 00:00:00,65.0,Electronics & Gadgets,1,65.0
C1500,INV-602377,2025-09-13 00:00:00,44.72,Sports & Outdoors,1,44.72
C1498,INV-602370,2025-09-13 00:00:00,48.07,Apparel & Designer Wear,1,48.07
C1500,INV-602377,2025-09-13 00:00:00,44.44,Apparel & Designer Wear,1,44.44
C1099,INV-600956,2025-09-13 00:00:00,62.89,Apparel & Designer Wear,1,62.89
C1099,INV-600956,2025-09-13 00:00:00,125.94,Gourmet Foods & Coffee,3,41.98
C1498,INV-602370,2025-09-13 00:00:00,65.0,Electronics & Gadgets,1,65.0
C1557,INV-602459,2025-09-13 00:00:00,42.0,Sports & Outdoors,1,42.0
C1407,INV-602124,2025-09-13 00:00:00,95.59,Electronics & Gadgets,1,95.59
C1009,INV-600082,2025-09-13 00:00:00,140.55,Sports & Outdoors,1,140.55
C1086,INV-600850,2025-09-13 00:00:00,231.51,Sports & Outdoors,1,231.51
C1086,INV-600850,2025-09-13 00:00:00,163.57,Apparel & Designer Wear,1,163.57
C1009,INV-600082,2025-09-13 00:00:00,126.15,Beauty & Wellness,5,25.23
C1436,INV-602185,2025-09-13 00:00:00,78.16,Sports & Outdoors,1,78.16
C1168,INV-601477,2025-09-13 00:00:00,285.56,Sports & Outdoors,1,285.56
C1407,INV-602124,2025-09-13 00:00:00,86.23,Gourmet Foods & Coffee,1,86.23
C1450,INV-602227,2025-09-14 00:00:00,65.0,Electronics & Gadgets,1,65.0
C1450,INV-602227,2025-09-14 00:00:00,65.0,Electronics & Gadgets,1,65.0
C1095,INV-600934,2025-09-14 00:00:00,147.64,Beauty & Wellness,1,147.64
C1095,INV-600934,2025-09-14 00:00:00,68.44,Apparel & Designer Wear,1,68.44
C1199,INV-601712,2025-09-14 00:00:00,120.34,Gourmet Foods & Coffee,2,60.17
C1520,INV-602405,2025-09-14 00:00:00,35.76,Home & Smart Living,1,35.76
C1519,INV-602404,2025-09-14 00:00:00,28.0,Apparel & Designer Wear,1,28.0
C1519,INV-602404,2025-09-14 00:00:00,42.0,Sports & Outdoors,1,42.0
C1551,INV-602450,2025-09-14 00:00:00,35.0,Home & Smart Living,1,35.0
C1519,INV-602404,2025-09-14 00:00:00,18.0,Beauty & Wellness,1,18.0
C1021,INV-600202,2025-09-14 00:00:00,94.23,Apparel & Designer Wear,1,94.23
C1199,INV-601712,2025-09-14 00:00:00,112.29,Apparel & Designer Wear,3,37.43
C1021,INV-600202,2025-09-14 00:00:00,187.5,Gourmet Foods & Coffee,3,62.5
C1173,INV-601519,2025-09-14 00:00:00,232.2,Beauty & Wellness,4,58.05
C1180,INV-601566,2025-09-14 00:00:00,69.0,Gourmet Foods & Coffee,2,34.5
C1242,INV-601850,2025-09-14 00:00:00,235.84,Home & Smart Living,2,117.92
C1540,INV-602434,2025-09-14 00:00:00,34.12,Gourmet Foods & Coffee,2,17.06
C1540,INV-602434,2025-09-14 00:00:00,28.0,Apparel & Designer Wear,1,28.0
C1180,INV-601566,2025-09-14 00:00:00,56.84,Apparel & Designer Wear,1,56.84
C1171,INV-601499,2025-09-14 00:00:00,77.82,Gourmet Foods & Coffee,2,38.91
C1439,INV-602196,2025-09-14 00:00:00,79.18,Sports & Outdoors,1,79.18
C1171,INV-601499,2025-09-14 00:00:00,109.07,Electronics & Gadgets,1,109.07
C1180,INV-601566,2025-09-14 00:00:00,72.17,Home & Smart Living,1,72.17
C1551,INV-602450,2025-09-14 00:00:00,14.62,Gourmet Foods & Coffee,1,14.62
C1551,INV-602450,2025-09-14 00:00:00,28.0,Apparel & Designer Wear,1,28.0
C1523,INV-602408,2025-09-14 00:00:00,65.0,Electronics & Gadgets,1,65.0
C1523,INV-602408,2025-09-14 00:00:00,42.64,Home & Smart Living,1,42.64
C1468,INV-602285,2025-09-15 00:00:00,48.7,Beauty & Wellness,1,48.7
C1468,INV-602285,2025-09-15 00:00:00,54.78,Sports & Outdoors,1,54.78
C1544,INV-602440,2025-09-15 00:00:00,92.72,Gourmet Foods & Coffee,1,92.72
C1250,INV-601869,2025-09-15 00:00:00,58.17,Gourmet Foods & Coffee,3,19.39
C1452,INV-602232,2025-09-15 00:00:00,53.42,Beauty & Wellness,1,53.42
C1448,INV-602221,2025-09-15 00:00:00,39.47,Home & Smart Living,1,39.47
C1448,INV-602221,2025-09-15 00:00:00,65.0,Electronics & Gadgets,1,65.0
C1261,INV-601904,2025-09-15 00:00:00,112.1,Apparel & Designer Wear,2,56.05
C1112,INV-601047,2025-09-15 00:00:00,65.19,Gourmet Foods & Coffee,1,65.19
C1112,INV-601047,2025-09-15 00:00:00,153.79,Electronics & Gadgets,1,153.79
C1250,INV-601869,2025-09-15 00:00:00,37.66,Gourmet Foods & Coffee,2,18.83
C1250,INV-601869,2025-09-15 00:00:00,57.88,Gourmet Foods & Coffee,2,28.94
C1187,INV-601619,2025-09-15 00:00:00,100.86,Apparel & Designer Wear,1,100.86
C1454,INV-602237,2025-09-15 00:00:00,73.73,Electronics & Gadgets,1,73.73
C1187,INV-601619,2025-09-15 00:00:00,57.63,Apparel & Designer Wear,1,57.63
C1187,INV-601619,2025-09-15 00:00:00,64.43,Apparel & Designer Wear,1,64.43
C1107,INV-601012,2025-09-15 00:00:00,145.42,Sports & Outdoors,1,145.42
C1452,INV-602232,2025-09-15 00:00:00,77.27,Sports & Outdoors,1,77.27
C1125,INV-601149,2025-09-15 00:00:00,126.9,Beauty & Wellness,1,126.9
C1162,INV-601432,2025-09-15 00:00:00,157.06,Home & Smart Living,1,157.06
C1224,INV-601798,2025-09-15 00:00:00,113.19,Sports & Outdoors,1,113.19
C1224,INV-601798,2025-09-15 00:00:00,80.63,Beauty & Wellness,1,80.63
C1454,INV-602237,2025-09-15 00:00:00,70.0,Home & Smart Living,2,35.0
C1448,INV-602221,2025-09-15 00:00:00,65.0,Electronics & Gadgets,1,65.0
C1190,INV-601641,2025-09-15 00:00:00,90.46,Gourmet Foods & Coffee,1,90.46
C1190,INV-601641,2025-09-15 00:00:00,94.24,Beauty & Wellness,1,94.24
C1265,INV-601916,2025-09-15 00:00:00,89.22,Gourmet Foods & Coffee,2,44.61
C1265,INV-601916,2025-09-15 00:00:00,83.36,Beauty & Wellness,2,41.68
C1146,INV-601312,2025-09-15 00:00:00,159.64,Home & Smart Living,1,159.64
C1146,INV-601312,2025-09-15 00:00:00,100.14,Apparel & Designer Wear,3,33.38
C1230,INV-601815,2025-09-16 00:00:00,65.0,Electronics & Gadgets,1,65.0
C1229,INV-601811,2025-09-16 00:00:00,51.36,Gourmet Foods & Coffee,1,51.36
C1229,INV-601811,2025-09-16 00:00:00,51.25,Home & Smart Living,1,51.25
C1238,INV-601837,2025-09-16 00:00:00,111.05,Sports & Outdoors,1,111.05
C1483,INV-602329,2025-09-16 00:00:00,73.45,Gourmet Foods & Coffee,5,14.69
C1238,INV-601837,2025-09-16 00:00:00,91.78,Apparel & Designer Wear,2,45.89
C1230,INV-601815,2025-09-16 00:00:00,76.32,Gourmet Foods & Coffee,3,25.44
C1230,INV-601815,2025-09-16 00:00:00,69.31,Home & Smart Living,1,69.31
C1483,INV-602329,2025-09-16 00:00:00,70.33,Apparel & Designer Wear,1,70.33
C1126,INV-601157,2025-09-16 00:00:00,160.19,Apparel & Designer Wear,1,160.19
C1292,INV-601994,2025-09-16 00:00:00,74.3,Sports & Outdoors,1,74.3
C1292,INV-601994,2025-09-16 00:00:00,90.93,Sports & Outdoors,1,90.93
C1287,INV-601980,2025-09-16 00:00:00,47.45,Apparel & Designer Wear,1,47.45
C1153,INV-601365,2025-09-16 00:00:00,153.78,Home & Smart Living,3,51.26
C1287,INV-601980,2025-09-16 00:00:00,95.91,Home & Smart Living,1,95.91
C1014,INV-600132,2025-09-16 00:00:00,298.83,Gourmet Foods & Coffee,21,14.23
C1123,INV-601131,2025-09-16 00:00:00,289.38,Apparel & Designer Wear,3,96.46
C1153,INV-601365,2025-09-16 00:00:00,156.73,Gourmet Foods & Coffee,7,22.39
C1184,INV-601593,2025-09-17 00:00:00,139.36,Electronics & Gadgets,1,139.36
C1184,INV-601593,2025-09-17 00:00:00,121.56,Home & Smart Living,1,121.56
C1017,INV-600161,2025-09-17 00:00:00,214.76,Electronics & Gadgets,2,107.38
C1223,INV-601793,2025-09-17 00:00:00,93.57,Beauty & Wellness,3,31.19
C1017,INV-600161,2025-09-17 00:00:00,193.02,Apparel & Designer Wear,2,96.51
C1176,INV-601538,2025-09-17 00:00:00,49.77,Sports & Outdoors,1,49.77
C1176,INV-601538,2025-09-17 00:00:00,105.94,Apparel & Designer Wear,2,52.97
C1278,INV-601955,2025-09-17 00:00:00,104.52,Gourmet Foods & Coffee,3,34.84
C1145,INV-601303,2025-09-17 00:00:00,273.27,Apparel & Designer Wear,3,91.09
C1141,INV-601268,2025-09-17 00:00:00,65.59,Apparel & Designer Wear,1,65.59
C1278,INV-601955,2025-09-17 00:00:00,104.29,Sports & Outdoors,1,104.29
C1141,INV-601268,2025-09-17 00:00:00,90.74,Apparel & Designer Wear,1,90.74
C1176,INV-601538,2025-09-17 00:00:00,54.0,Beauty & Wellness,3,18.0
C1040,INV-600390,2025-09-17 00:00:00,128.1,Gourmet Foods & Coffee,7,18.3
C1040,INV-600390,2025-09-17 00:00:00,103.75,Gourmet Foods & Coffee,1,103.75
C1040,INV-600390,2025-09-17 00:00:00,99.07,Home & Smart Living,1,99.07
C1084,INV-600827,2025-09-18 00:00:00,63.27,Sports & Outdoors,1,63.27
C1084,INV-600827,2025-09-18 00:00:00,98.49,Electronics & Gadgets,1,98.49
C1084,INV-600827,2025-09-18 00:00:00,129.81,Home & Smart Living,1,129.81
C1232,INV-601824,2025-09-18 00:00:00,100.66,Home & Smart Living,1,100.66
C1060,INV-600589,2025-09-18 00:00:00,152.98,Beauty & Wellness,2,76.49
C1437,INV-602188,2025-09-18 00:00:00,65.0,Electronics & Gadgets,1,65.0
C1437,INV-602188,2025-09-18 00:00:00,51.86,Sports & Outdoors,1,51.86
C1437,INV-602188,2025-09-18 00:00:00,46.75,Apparel & Designer Wear,1,46.75
C1461,INV-602260,2025-09-18 00:00:00,46.41,Apparel & Designer Wear,1,46.41
C1461,INV-602260,2025-09-18 00:00:00,20.94,Beauty & Wellness,1,20.94
C1461,INV-602260,2025-09-18 00:00:00,35.0,Home & Smart Living,1,35.0
C1471,INV-602292,2025-09-18 00:00:00,79.46,Electronics & Gadgets,1,79.46
C1547,INV-602445,2025-09-18 00:00:00,60.1,Home & Smart Living,1,60.1
C1170,INV-601489,2025-09-18 00:00:00,158.88,Home & Smart Living,1,158.88
C1232,INV-601824,2025-09-18 00:00:00,67.52,Beauty & Wellness,1,67.52
C1060,INV-600589,2025-09-18 00:00:00,82.63,Home & Smart Living,1,82.63
C1170,INV-601489,2025-09-18 00:00:00,82.36,Beauty & Wellness,2,41.18
C1053,INV-600520,2025-09-18 00:00:00,123.26,Sports & Outdoors,1,123.26
C1159,INV-601411,2025-09-18 00:00:00,75.3,Electronics & Gadgets,1,75.3
C1106,INV-601005,2025-09-18 00:00:00,96.11,Electronics & Gadgets,1,96.11
C1053,INV-600520,2025-09-18 00:00:00,131.44,Sports & Outdoors,1,131.44
C1443,INV-602208,2025-09-18 00:00:00,65.0,Electronics & Gadgets,1,65.0
C1443,INV-602208,2025-09-18 00:00:00,65.0,Electronics & Gadgets,1,65.0
C1211,INV-601763,2025-09-18 00:00:00,136.07,Electronics & Gadgets,1,136.07
C1027,INV-600261,2025-09-18 00:00:00,380.95,Electronics & Gadgets,1,380.95
C1159,INV-601411,2025-09-18 00:00:00,128.78,Sports & Outdoors,2,64.39
C1158,INV-601403,2025-09-18 00:00:00,45.71,Home & Smart Living,1,45.71
C1106,INV-601005,2025-09-18 00:00:00,63.63,Sports & Outdoors,1,63.63
C1106,INV-601005,2025-09-18 00:00:00,102.76,Gourmet Foods & Coffee,2,51.38
C1158,INV-601403,2025-09-18 00:00:00,67.75,Apparel & Designer Wear,1,67.75
C1283,INV-601968,2025-09-18 00:00:00,190.41,Electronics & Gadgets,1,190.41
C1131,INV-601194,2025-09-18 00:00:00,216.84,Beauty & Wellness,3,72.28
C1158,INV-601403,2025-09-18 00:00:00,85.55,Apparel & Designer Wear,1,85.55
C1053,INV-600520,2025-09-18 00:00:00,146.07,Sports & Outdoors,1,146.07
C1446,INV-602215,2025-09-18 00:00:00,81.3,Sports & Outdoors,1,81.3
C1060,INV-600589,2025-09-18 00:00:00,151.5,Sports & Outdoors,1,151.5
C1489,INV-602345,2025-09-19 00:00:00,150.56,Electronics & Gadgets,1,150.56
C1541,INV-602435,2025-09-19 00:00:00,30.39,Apparel & Designer Wear,1,30.39
C1541,INV-602435,2025-09-19 00:00:00,42.0,Sports & Outdoors,1,42.0
C1541,INV-602435,2025-09-19 00:00:00,35.0,Home & Smart Living,1,35.0
C1502,INV-602383,2025-09-19 00:00:00,66.53,Electronics & Gadgets,1,66.53
C1271,INV-601932,2025-09-19 00:00:00,62.41,Apparel & Designer Wear,1,62.41
C1530,INV-602418,2025-09-19 00:00:00,18.48,Beauty & Wellness,1,18.48
C1530,INV-602418,2025-09-19 00:00:00,35.0,Home & Smart Living,1,35.0
C1530,INV-602418,2025-09-19 00:00:00,35.0,Home & Smart Living,1,35.0
C1109,INV-601027,2025-09-19 00:00:00,52.1,Home & Smart Living,1,52.1
C1254,INV-601882,2025-09-19 00:00:00,142.67,Sports & Outdoors,1,142.67
C1271,INV-601932,2025-09-19 00:00:00,98.44,Beauty & Wellness,2,49.22
C1482,INV-602326,2025-09-19 00:00:00,66.79,Home & Smart Living,1,66.79
C1132,INV-601202,2025-09-19 00:00:00,148.33,Apparel & Designer Wear,1,148.33
C1134,INV-601214,2025-09-19 00:00:00,233.5,Beauty & Wellness,5,46.7
C1109,INV-601027,2025-09-19 00:00:00,99.54,Beauty & Wellness,2,49.77
C1109,INV-601027,2025-09-19 00:00:00,66.0,Home & Smart Living,1,66.0
C1546,INV-602444,2025-09-20 00:00:00,85.66,Beauty & Wellness,2,42.83
C1188,INV-601629,2025-09-20 00:00:00,160.5,Gourmet Foods & Coffee,3,53.5
C1081,INV-600799,2025-09-20 00:00:00,232.04,Sports & Outdoors,4,58.01
C1005,INV-600040,2025-09-20 00:00:00,214.64,Home & Smart Living,4,53.66
C1133,INV-601208,2025-09-20 00:00:00,113.15,Electronics & Gadgets,1,113.15
C1133,INV-601208,2025-09-20 00:00:00,66.6,Beauty & Wellness,1,66.6
C1410,INV-602130,2025-09-20 00:00:00,95.25,Sports & Outdoors,1,95.25
C1185,INV-601603,2025-09-20 00:00:00,73.17,Sports & Outdoors,1,73.17
C1185,INV-601603,2025-09-20 00:00:00,69.7,Electronics & Gadgets,1,69.7
C1006,INV-600051,2025-09-20 00:00:00,166.41,Gourmet Foods & Coffee,3,55.47
C1194,INV-601673,2025-09-20 00:00:00,221.34,Apparel & Designer Wear,2,110.67
C1006,INV-600051,2025-09-20 00:00:00,235.03,Electronics & Gadgets,1,235.03
C1410,INV-602130,2025-09-20 00:00:00,49.76,Apparel & Designer Wear,1,49.76
C1410,INV-602130,2025-09-20 00:00:00,44.61,Home & Smart Living,1,44.61
C1463,INV-602267,2025-09-20 00:00:00,37.42,Apparel & Designer Wear,1,37.42
C1457,INV-602247,2025-09-20 00:00:00,50.06,Beauty & Wellness,1,50.06
C1457,INV-602247,2025-09-20 00:00:00,28.0,Apparel & Designer Wear,1,28.0
C1457,INV-602247,2025-09-20 00:00:00,44.23,Apparel & Designer Wear,1,44.23
C1463,INV-602267,2025-09-20 00:00:00,46.21,Apparel & Designer Wear,1,46.21
C1463,INV-602267,2025-09-20 00:00:00,49.88,Gourmet Foods & Coffee,1,49.88
C1281,INV-601963,2025-09-20 00:00:00,139.52,Beauty & Wellness,2,69.76
C1451,INV-602230,2025-09-21 00:00:00,99.72,Home & Smart Living,1,99.72
C1142,INV-601278,2025-09-21 00:00:00,109.42,Home & Smart Living,1,109.42
C1163,INV-601437,2025-09-21 00:00:00,83.54,Home & Smart Living,2,41.77
C1068,INV-600670,2025-09-21 00:00:00,79.61,Sports & Outdoors,1,79.61
C1068,INV-600670,2025-09-21 00:00:00,137.68,Home & Smart Living,1,137.68
C1114,INV-601061,2025-09-21 00:00:00,56.21,Apparel & Designer Wear,1,56.21
C1114,INV-601061,2025-09-21 00:00:00,72.09,Beauty & Wellness,1,72.09
C1195,INV-601680,2025-09-21 00:00:00,239.24,Electronics & Gadgets,2,119.62
C1163,INV-601437,2025-09-21 00:00:00,71.4,Sports & Outdoors,1,71.4
C1142,INV-601278,2025-09-21 00:00:00,120.18,Beauty & Wellness,2,60.09
C1114,INV-601061,2025-09-21 00:00:00,82.49,Apparel & Designer Wear,1,82.49
C1050,INV-600493,2025-09-21 00:00:00,380.7,Sports & Outdoors,5,76.14
C1068,INV-600670,2025-09-21 00:00:00,112.44,Gourmet Foods & Coffee,4,28.11
C1163,INV-601437,2025-09-21 00:00:00,76.4,Electronics & Gadgets,1,76.4
C1222,INV-601789,2025-09-22 00:00:00,70.34,Home & Smart Living,1,70.34
C1266,INV-601920,2025-09-22 00:00:00,57.65,Sports & Outdoors,1,57.65
C1100,INV-600961,2025-09-22 00:00:00,89.85,Electronics & Gadgets,1,89.85
C1090,INV-600890,2025-09-22 00:00:00,69.63,Sports & Outdoors,1,69.63
C1090,INV-600890,2025-09-22 00:00:00,92.7,Gourmet Foods & Coffee,3,30.9
C1137,INV-601237,2025-09-22 00:00:00,84.95,Apparel & Designer Wear,1,84.95
C1046,INV-600449,2025-09-22 00:00:00,95.2,Gourmet Foods & Coffee,2,47.6
C1137,INV-601237,2025-09-22 00:00:00,121.76,Apparel & Designer Wear,1,121.76
C1266,INV-601920,2025-09-22 00:00:00,64.36,Apparel & Designer Wear,1,64.36
C1090,INV-600890,2025-09-22 00:00:00,136.76,Sports & Outdoors,1,136.76
C1266,INV-601920,2025-09-22 00:00:00,70.11,Apparel & Designer Wear,1,70.11
C1046,INV-600449,2025-09-22 00:00:00,210.07,Sports & Outdoors,1,210.07
C1100,INV-600961,2025-09-22 00:00:00,135.27,Gourmet Foods & Coffee,3,45.09
C1013,INV-600122,2025-09-22 00:00:00,108.94,Electronics & Gadgets,1,108.94
C1013,INV-600122,2025-09-22 00:00:00,220.46,Home & Smart Living,1,220.46
C1066,INV-600651,2025-09-22 00:00:00,112.9,Home & Smart Living,1,112.9
C1222,INV-601789,2025-09-22 00:00:00,99.24,Apparel & Designer Wear,2,49.62
C1066,INV-600651,2025-09-22 00:00:00,69.71,Sports & Outdoors,1,69.71
C1066,INV-600651,2025-09-22 00:00:00,67.79,Home & Smart Living,1,67.79
C1422,INV-602149,2025-09-22 00:00:00,132.13,Apparel & Designer Wear,1,132.13
C1467,INV-602282,2025-09-22 00:00:00,65.0,Electronics & Gadgets,1,65.0
C1467,INV-602282,2025-09-22 00:00:00,65.0,Electronics & Gadgets,1,65.0
C1467,INV-602282,2025-09-22 00:00:00,49.59,Home & Smart Living,1,49.59
C1041,INV-600400,2025-09-22 00:00:00,133.74,Apparel & Designer Wear,1,133.74
C1381,INV-602092,2025-09-22 00:00:00,112.32,Beauty & Wellness,2,56.16
C1381,INV-602092,2025-09-22 00:00:00,80.53,Gourmet Foods & Coffee,1,80.53
C1401,INV-602116,2025-09-22 00:00:00,65.0,Electronics & Gadgets,1,65.0
C1401,INV-602116,2025-09-22 00:00:00,55.49,Sports & Outdoors,1,55.49
C1401,INV-602116,2025-09-22 00:00:00,89.6,Gourmet Foods & Coffee,1,89.6
C1275,INV-601942,2025-09-22 00:00:00,111.25,Home & Smart Living,1,111.25
C1422,INV-602149,2025-09-22 00:00:00,102.9,Sports & Outdoors,1,102.9
C1408,INV-602126,2025-09-22 00:00:00,174.42,Home & Smart Living,1,174.42
C1041,INV-600400,2025-09-22 00:00:00,195.0,Electronics & Gadgets,3,65.0
C1233,INV-601826,2025-09-23 00:00:00,69.33,Beauty & Wellness,1,69.33
C1047,INV-600459,2025-09-23 00:00:00,156.26,Apparel & Designer Wear,1,156.26
C1477,INV-602309,2025-09-23 00:00:00,146.66,Gourmet Foods & Coffee,2,73.33
C1047,INV-600459,2025-09-23 00:00:00,152.52,Gourmet Foods & Coffee,3,50.84
C1202,INV-601730,2025-09-23 00:00:00,96.33,Electronics & Gadgets,1,96.33
C1233,INV-601826,2025-09-23 00:00:00,79.77,Beauty & Wellness,1,79.77
C1202,INV-601730,2025-09-23 00:00:00,66.45,Home & Smart Living,1,66.45
C1044,INV-600430,2025-09-23 00:00:00,154.86,Gourmet Foods & Coffee,2,77.43
C1044,INV-600430,2025-09-23 00:00:00,92.26,Home & Smart Living,1,92.26
C1044,INV-600430,2025-09-23 00:00:00,99.55,Gourmet Foods & Coffee,5,19.91
C1202,INV-601730,2025-09-23 00:00:00,80.89,Home & Smart Living,1,80.89
C1481,INV-602323,2025-09-23 00:00:00,117.42,Gourmet Foods & Coffee,3,39.14
C1267,INV-601923,2025-09-23 00:00:00,108.66,Home & Smart Living,1,108.66
C1478,INV-602311,2025-09-24 00:00:00,97.98,Beauty & Wellness,3,32.66
C1372,INV-602079,2025-09-24 00:00:00,90.09,Gourmet Foods & Coffee,3,30.03
C1372,INV-602079,2025-09-24 00:00:00,128.98,Electronics & Gadgets,1,128.98
C1057,INV-600559,2025-09-24 00:00:00,133.59,Apparel & Designer Wear,1,133.59
C1096,INV-600938,2025-09-24 00:00:00,47.9,Beauty & Wellness,1,47.9
C1096,INV-600938,2025-09-24 00:00:00,103.07,Apparel & Designer Wear,1,103.07
C1096,INV-600938,2025-09-24 00:00:00,59.2,Home & Smart Living,1,59.2
C1057,INV-600559,2025-09-24 00:00:00,66.29,Apparel & Designer Wear,1,66.29
C1057,INV-600559,2025-09-24 00:00:00,64.04,Home & Smart Living,1,64.04
C1028,INV-600269,2025-09-25 00:00:00,199.67,Apparel & Designer Wear,1,199.67
C1028,INV-600269,2025-09-25 00:00:00,118.92,Home & Smart Living,2,59.46
C1462,INV-602263,2025-09-25 00:00:00,78.42,Electronics & Gadgets,1,78.42
C1462,INV-602263,2025-09-25 00:00:00,68.32,Sports & Outdoors,1,68.32
C1022,INV-600212,2025-09-25 00:00:00,148.58,Apparel & Designer Wear,2,74.29
C1022,INV-600212,2025-09-25 00:00:00,63.7,Beauty & Wellness,2,31.85
C1033,INV-600322,2025-09-25 00:00:00,226.27,Home & Smart Living,1,226.27
C1022,INV-600212,2025-09-25 00:00:00,141.16,Apparel & Designer Wear,4,35.29
C1160,INV-601417,2025-09-26 00:00:00,141.36,Beauty & Wellness,4,35.34
C1178,INV-601552,2025-09-26 00:00:00,208.68,Apparel & Designer Wear,3,69.56
C1248,INV-601865,2025-09-26 00:00:00,156.76,Home & Smart Living,1,156.76
C1098,INV-600951,2025-09-26 00:00:00,138.72,Home & Smart Living,1,138.72
C1150,INV-601345,2025-09-26 00:00:00,65.02,Beauty & Wellness,1,65.02
C1160,INV-601417,2025-09-26 00:00:00,105.71,Home & Smart Living,1,105.71
C1150,INV-601345,2025-09-26 00:00:00,100.24,Electronics & Gadgets,1,100.24
C1262,INV-601907,2025-09-26 00:00:00,189.6,Apparel & Designer Wear,2,94.8
C1150,INV-601345,2025-09-26 00:00:00,93.9,Beauty & Wellness,3,31.3
C1455,INV-602239,2025-09-27 00:00:00,41.05,Home & Smart Living,1,41.05
C1455,INV-602239,2025-09-27 00:00:00,51.46,Gourmet Foods & Coffee,1,51.46
C1076,INV-600749,2025-09-27 00:00:00,113.12,Beauty & Wellness,2,56.56
C1455,INV-602239,2025-09-27 00:00:00,65.0,Electronics & Gadgets,1,65.0
C1045,INV-600438,2025-09-27 00:00:00,67.42,Electronics & Gadgets,1,67.42
C1289,INV-601986,2025-09-27 00:00:00,37.47,Apparel & Designer Wear,1,37.47
C1076,INV-600749,2025-09-27 00:00:00,104.72,Sports & Outdoors,1,104.72
C1058,INV-600567,2025-09-27 00:00:00,73.47,Apparel & Designer Wear,1,73.47
C1058,INV-600567,2025-09-27 00:00:00,74.69,Sports & Outdoors,1,74.69
C1058,INV-600567,2025-09-27 00:00:00,111.66,Apparel & Designer Wear,1,111.66
C1289,INV-601986,2025-09-27 00:00:00,65.0,Electronics & Gadgets,1,65.0
C1289,INV-601986,2025-09-27 00:00:00,31.84,Apparel & Designer Wear,1,31.84
C1045,INV-600438,2025-09-27 00:00:00,89.49,Electronics & Gadgets,1,89.49
C1479,INV-602315,2025-09-27 00:00:00,65.0,Electronics & Gadgets,1,65.0
C1074,INV-600730,2025-09-27 00:00:00,111.49,Home & Smart Living,1,111.49
C1257,INV-601890,2025-09-27 00:00:00,107.3,Gourmet Foods & Coffee,2,53.65
C1045,INV-600438,2025-09-27 00:00:00,82.56,Gourmet Foods & Coffee,2,41.28
C1074,INV-600730,2025-09-27 00:00:00,191.5,Sports & Outdoors,2,95.75
C1043,INV-600420,2025-09-27 00:00:00,414.56,Beauty & Wellness,8,51.82
C1243,INV-601852,2025-09-27 00:00:00,157.26,Apparel & Designer Wear,3,52.42
C1252,INV-601874,2025-09-27 00:00:00,89.85,Electronics & Gadgets,1,89.85
C1252,INV-601874,2025-09-27 00:00:00,85.84,Beauty & Wellness,2,42.92
C1257,INV-601890,2025-09-27 00:00:00,85.78,Home & Smart Living,2,42.89
C1476,INV-602307,2025-09-27 00:00:00,63.49,Beauty & Wellness,1,63.49
C1479,INV-602315,2025-09-27 00:00:00,46.96,Sports & Outdoors,1,46.96
C1479,INV-602315,2025-09-27 00:00:00,42.0,Sports & Outdoors,1,42.0
C1076,INV-600749,2025-09-27 00:00:00,135.71,Electronics & Gadgets,1,135.71
C1476,INV-602307,2025-09-27 00:00:00,69.31,Home & Smart Living,1,69.31
C1075,INV-600739,2025-09-28 00:00:00,69.29,Apparel & Designer Wear,1,69.29
C1274,INV-601940,2025-09-28 00:00:00,70.51,Sports & Outdoors,1,70.51
C1212,INV-601765,2025-09-28 00:00:00,56.2,Sports & Outdoors,1,56.2
C1274,INV-601940,2025-09-28 00:00:00,65.36,Electronics & Gadgets,1,65.36
C1274,INV-601940,2025-09-28 00:00:00,48.23,Beauty & Wellness,1,48.23
C1203,INV-601740,2025-09-28 00:00:00,110.07,Beauty & Wellness,3,36.69
C1212,INV-601765,2025-09-28 00:00:00,34.93,Apparel & Designer Wear,1,34.93
C1203,INV-601740,2025-09-28 00:00:00,71.58,Gourmet Foods & Coffee,1,71.58
C1075,INV-600739,2025-09-28 00:00:00,106.83,Gourmet Foods & Coffee,3,35.61
C1212,INV-601765,2025-09-28 00:00:00,64.06,Home & Smart Living,1,64.06
C1239,INV-601839,2025-09-28 00:00:00,184.96,Apparel & Designer Wear,2,92.48
C1169,INV-601482,2025-09-28 00:00:00,87.46,Apparel & Designer Wear,2,43.73
C1075,INV-600739,2025-09-28 00:00:00,124.44,Gourmet Foods & Coffee,2,62.22
C1169,INV-601482,2025-09-28 00:00:00,48.5,Home & Smart Living,1,48.5
C1169,INV-601482,2025-09-28 00:00:00,101.24,Sports & Outdoors,1,101.24
C1085,INV-600839,2025-09-29 00:00:00,132.66,Home & Smart Living,1,132.66
C1473,INV-602298,2025-09-29 00:00:00,70.45,Apparel & Designer Wear,1,70.45
C1049,INV-600480,2025-09-29 00:00:00,262.05,Beauty & Wellness,3,87.35
C1473,INV-602298,2025-09-29 00:00:00,42.54,Home & Smart Living,1,42.54
C1085,INV-600839,2025-09-29 00:00:00,205.48,Home & Smart Living,4,51.37
C1434,INV-602177,2025-09-29 00:00:00,65.0,Electronics & Gadgets,1,65.0
C1083,INV-600817,2025-09-29 00:00:00,220.95,Home & Smart Living,1,220.95
C1226,INV-601803,2025-09-29 00:00:00,79.39,Home & Smart Living,1,79.39
C1029,INV-600279,2025-09-29 00:00:00,177.48,Gourmet Foods & Coffee,9,19.72
C1080,INV-600790,2025-09-29 00:00:00,184.59,Electronics & Gadgets,1,184.59
C1268,INV-601925,2025-09-29 00:00:00,88.77,Sports & Outdoors,1,88.77
C1029,INV-600279,2025-09-29 00:00:00,156.28,Sports & Outdoors,1,156.28
C1226,INV-601803,2025-09-29 00:00:00,77.33,Beauty & Wellness,1,77.33
C1080,INV-600790,2025-09-29 00:00:00,118.66,Gourmet Foods & Coffee,2,59.33
C1288,INV-601983,2025-09-29 00:00:00,60.77,Home & Smart Living,1,60.77
C1434,INV-602177,2025-09-29 00:00:00,40.37,Beauty & Wellness,1,40.37
C1268,INV-601925,2025-09-29 00:00:00,76.54,Sports & Outdoors,1,76.54
C1087,INV-600858,2025-09-29 00:00:00,116.91,Beauty & Wellness,1,116.91
C1171,INV-601498,2025-09-29 00:00:00,79.86,Apparel & Designer Wear,1,79.86
C1434,INV-602177,2025-09-29 00:00:00,42.0,Sports & Outdoors,1,42.0
C1171,INV-601498,2025-09-29 00:00:00,145.72,Sports & Outdoors,1,145.72
C1226,INV-601803,2025-09-29 00:00:00,42.0,Sports & Outdoors,1,42.0
C1288,INV-601983,2025-09-29 00:00:00,72.62,Sports & Outdoors,1,72.62
C1288,INV-601983,2025-09-29 00:00:00,44.22,Sports & Outdoors,1,44.22
C1087,INV-600858,2025-09-29 00:00:00,188.07,Electronics & Gadgets,1,188.07
C1064,INV-600632,2025-09-30 00:00:00,141.73,Home & Smart Living,1,141.73
C1020,INV-600190,2025-09-30 00:00:00,159.72,Gourmet Foods & Coffee,2,79.86
C1020,INV-600190,2025-09-30 00:00:00,90.96,Electronics & Gadgets,1,90.96
C1459,INV-602254,2025-09-30 00:00:00,44.49,Gourmet Foods & Coffee,1,44.49
C1459,INV-602254,2025-09-30 00:00:00,52.67,Sports & Outdoors,1,52.67
C1064,INV-600632,2025-09-30 00:00:00,78.16,Beauty & Wellness,1,78.16
C1144,INV-601295,2025-09-30 00:00:00,40.57,Home & Smart Living,1,40.57
C1144,INV-601295,2025-09-30 00:00:00,43.05,Beauty & Wellness,1,43.05
C1409,INV-602128,2025-09-30 00:00:00,232.02,Apparel & Designer Wear,6,38.67
C1055,INV-600539,2025-09-30 00:00:00,230.22,Electronics & Gadgets,1,230.22
C1020,INV-600190,2025-09-30 00:00:00,141.32,Home & Smart Living,1,141.32
C1056,INV-600550,2025-09-30 00:00:00,376.58,Gourmet Foods & Coffee,19,19.82
C1064,INV-600632,2025-09-30 00:00:00,157.46,Electronics & Gadgets,1,157.46
C1144,INV-601295,2025-09-30 00:00:00,103.92,Home & Smart Living,1,103.92
C1220,INV-601784,2025-09-30 00:00:00,54.52,Gourmet Foods & Coffee,2,27.26
C1220,INV-601784,2025-09-30 00:00:00,52.48,Beauty & Wellness,1,52.48
C1220,INV-601784,2025-09-30 00:00:00,49.3,Gourmet Foods & Coffee,1,49.3
C1464,INV-602271,2025-09-30 00:00:00,76.48,Beauty & Wellness,1,76.48
C1464,INV-602271,2025-09-30 00:00:00,35.0,Home & Smart Living,1,35.0
C1459,INV-602254,2025-09-30 00:00:00,65.0,Electronics & Gadgets,1,65.0
C1115,INV-601070,2025-10-01 00:00:00,65.0,Electronics & Gadgets,1,65.0
C1259,INV-601897,2025-10-01 00:00:00,67.67,Electronics & Gadgets,1,67.67
C1430,INV-602164,2025-10-01 00:00:00,42.0,Sports & Outdoors,1,42.0
C1253,INV-601878,2025-10-01 00:00:00,38.22,Gourmet Foods & Coffee,2,19.11
C1253,INV-601878,2025-10-01 00:00:00,75.91,Sports & Outdoors,1,75.91
C1115,INV-601070,2025-10-01 00:00:00,79.05,Gourmet Foods & Coffee,1,79.05
C1115,INV-601070,2025-10-01 00:00:00,105.02,Electronics & Gadgets,1,105.02
C1172,INV-601508,2025-10-01 00:00:00,42.0,Sports & Outdoors,1,42.0
C1253,INV-601878,2025-10-01 00:00:00,59.94,Apparel & Designer Wear,1,59.94
C1376,INV-602085,2025-10-01 00:00:00,274.96,Apparel & Designer Wear,4,68.74
C1172,INV-601508,2025-10-01 00:00:00,80.72,Sports & Outdoors,1,80.72
C1166,INV-601461,2025-10-01 00:00:00,156.59,Electronics & Gadgets,1,156.59
C1166,INV-601461,2025-10-01 00:00:00,81.78,Sports & Outdoors,1,81.78
C1225,INV-601801,2025-10-01 00:00:00,110.34,Electronics & Gadgets,1,110.34
C1421,INV-602147,2025-10-01 00:00:00,60.1,Beauty & Wellness,2,30.05
C1421,INV-602147,2025-10-01 00:00:00,50.78,Apparel & Designer Wear,1,50.78
C1421,INV-602147,2025-10-01 00:00:00,63.16,Gourmet Foods & Coffee,2,31.58
C1172,INV-601508,2025-10-01 00:00:00,91.98,Apparel & Designer Wear,2,45.99
C1430,INV-602164,2025-10-01 00:00:00,49.98,Apparel & Designer Wear,1,49.98
C1287,INV-601979,2025-10-01 00:00:00,187.2,Gourmet Foods & Coffee,3,62.4
C1280,INV-601959,2025-10-01 00:00:00,100.16,Beauty & Wellness,2,50.08
C1430,INV-602164,2025-10-01 00:00:00,51.22,Beauty & Wellness,2,25.61
C1018,INV-600171,2025-10-01 00:00:00,190.08,Sports & Outdoors,3,63.36
C1073,INV-600719,2025-10-01 00:00:00,121.86,Gourmet Foods & Coffee,2,60.93
C1018,INV-600171,2025-10-01 00:00:00,237.7,Beauty & Wellness,10,23.77
C1073,INV-600719,2025-10-01 00:00:00,140.07,Electronics & Gadgets,1,140.07
C1259,INV-601897,2025-10-01 00:00:00,88.76,Gourmet Foods & Coffee,2,44.38
C1128,INV-601169,2025-10-02 00:00:00,92.32,Sports & Outdoors,1,92.32
C1470,INV-602290,2025-10-02 00:00:00,76.74,Apparel & Designer Wear,1,76.74
C1118,INV-601093,2025-10-02 00:00:00,101.91,Apparel & Designer Wear,1,101.91
C1261,INV-601903,2025-10-02 00:00:00,50.01,Beauty & Wellness,1,50.01
C1015,INV-600142,2025-10-02 00:00:00,250.44,Electronics & Gadgets,1,250.44
C1128,INV-601169,2025-10-02 00:00:00,65.0,Electronics & Gadgets,1,65.0
C1128,INV-601169,2025-10-02 00:00:00,95.49,Home & Smart Living,1,95.49
C1284,INV-601970,2025-10-02 00:00:00,43.95,Gourmet Foods & Coffee,1,43.95
C1143,INV-601284,2025-10-02 00:00:00,42.01,Apparel & Designer Wear,1,42.01
C1143,INV-601284,2025-10-02 00:00:00,65.0,Electronics & Gadgets,1,65.0
C1118,INV-601093,2025-10-02 00:00:00,136.28,Beauty & Wellness,2,68.14
C1284,INV-601970,2025-10-02 00:00:00,71.77,Gourmet Foods & Coffee,1,71.77
C1238,INV-601836,2025-10-02 00:00:00,54.43,Apparel & Designer Wear,1,54.43
C1389,INV-602101,2025-10-02 00:00:00,54.91,Apparel & Designer Wear,1,54.91
C1389,INV-602101,2025-10-02 00:00:00,81.64,Home & Smart Living,2,40.82
C1238,INV-601836,2025-10-02 00:00:00,60.47,Sports & Outdoors,1,60.47
C1261,INV-601903,2025-10-02 00:00:00,88.66,Apparel & Designer Wear,2,44.33
C1389,INV-602101,2025-10-02 00:00:00,95.7,Apparel & Designer Wear,1,95.7
C1097,INV-600942,2025-10-02 00:00:00,57.08,Sports & Outdoors,1,57.08
C1097,INV-600942,2025-10-02 00:00:00,65.0,Electronics & Gadgets,1,65.0
C1284,INV-601970,2025-10-02 00:00:00,46.32,Gourmet Foods & Coffee,2,23.16
C1143,INV-601284,2025-10-02 00:00:00,44.92,Sports & Outdoors,1,44.92
C1097,INV-600942,2025-10-02 00:00:00,100.55,Beauty & Wellness,1,100.55
C1238,INV-601836,2025-10-02 00:00:00,78.56,Sports & Outdoors,1,78.56
C1191,INV-601650,2025-10-03 00:00:00,67.44,Electronics & Gadgets,1,67.44
C1416,INV-602138,2025-10-03 00:00:00,138.46,Gourmet Foods & Coffee,7,19.78
C1048,INV-600469,2025-10-03 00:00:00,89.85,Home & Smart Living,1,89.85
C1416,INV-602138,2025-10-03 00:00:00,118.02,Beauty & Wellness,2,59.01
C1191,INV-601650,2025-10-03 00:00:00,107.96,Gourmet Foods & Coffee,2,53.98
C1485,INV-602335,2025-10-03 00:00:00,34.24,Apparel & Designer Wear,1,34.24
C1485,INV-602335,2025-10-03 00:00:00,65.0,Electronics & Gadgets,1,65.0
C1048,INV-600469,2025-10-03 00:00:00,116.15,Home & Smart Living,1,116.15
C1485,INV-602335,2025-10-03 00:00:00,40.81,Gourmet Foods & Coffee,1,40.81
C1159,INV-601410,2025-10-03 00:00:00,54.9,Apparel & Designer Wear,1,54.9
C1082,INV-600807,2025-10-03 00:00:00,128.52,Apparel & Designer Wear,1,128.52
C1159,INV-601410,2025-10-03 00:00:00,77.47,Apparel & Designer Wear,1,77.47
C1084,INV-600826,2025-10-03 00:00:00,368.04,Home & Smart Living,2,184.02
C1414,INV-602135,2025-10-03 00:00:00,144.81,Gourmet Foods & Coffee,3,48.27
C1034,INV-600332,2025-10-03 00:00:00,212.32,Beauty & Wellness,2,106.16
C1034,INV-600332,2025-10-03 00:00:00,110.42,Sports & Outdoors,1,110.42
C1276,INV-601947,2025-10-03 00:00:00,42.28,Apparel & Designer Wear,1,42.28
C1276,INV-601947,2025-10-03 00:00:00,68.32,Apparel & Designer Wear,1,68.32
C1276,INV-601947,2025-10-03 00:00:00,65.0,Electronics & Gadgets,1,65.0
C1159,INV-601410,2025-10-03 00:00:00,60.06,Apparel & Designer Wear,1,60.06
C1208,INV-601754,2025-10-03 00:00:00,95.82,Sports & Outdoors,1,95.82
C1070,INV-600688,2025-10-03 00:00:00,478.72,Beauty & Wellness,4,119.68
C1082,INV-600807,2025-10-03 00:00:00,87.64,Apparel & Designer Wear,1,87.64
C1048,INV-600469,2025-10-03 00:00:00,93.63,Electronics & Gadgets,1,93.63
C1071,INV-600700,2025-10-03 00:00:00,225.55,Sports & Outdoors,1,225.55
C1071,INV-600700,2025-10-03 00:00:00,181.96,Home & Smart Living,4,45.49
C1129,INV-601176,2025-10-03 00:00:00,188.05,Electronics & Gadgets,1,188.05
C1082,INV-600807,2025-10-03 00:00:00,106.42,Apparel & Designer Wear,1,106.42
C1164,INV-601444,2025-10-03 00:00:00,47.71,Apparel & Designer Wear,1,47.71
C1164,INV-601444,2025-10-03 00:00:00,105.5,Sports & Outdoors,1,105.5
C1164,INV-601444,2025-10-03 00:00:00,62.88,Apparel & Designer Wear,1,62.88
C1488,INV-602342,2025-10-03 00:00:00,138.4,Sports & Outdoors,1,138.4
C1173,INV-601518,2025-10-04 00:00:00,41.56,Gourmet Foods & Coffee,1,41.56
C1173,INV-601518,2025-10-04 00:00:00,71.43,Sports & Outdoors,1,71.43
C1369,INV-602073,2025-10-04 00:00:00,120.93,Electronics & Gadgets,1,120.93
C1069,INV-600681,2025-10-04 00:00:00,83.12,Beauty & Wellness,2,41.56
C1069,INV-600681,2025-10-04 00:00:00,113.16,Sports & Outdoors,1,113.16
C1173,INV-601518,2025-10-04 00:00:00,46.65,Apparel & Designer Wear,1,46.65
C1069,INV-600681,2025-10-04 00:00:00,69.96,Gourmet Foods & Coffee,2,34.98
C1386,INV-602098,2025-10-04 00:00:00,89.77,Electronics & Gadgets,1,89.77
C1077,INV-600758,2025-10-04 00:00:00,110.94,Beauty & Wellness,2,55.47
C1215,INV-601772,2025-10-04 00:00:00,205.11,Gourmet Foods & Coffee,9,22.79
C1216,INV-601775,2025-10-04 00:00:00,102.07,Electronics & Gadgets,1,102.07
C1216,INV-601775,2025-10-04 00:00:00,116.27,Apparel & Designer Wear,1,116.27
C1157,INV-601393,2025-10-04 00:00:00,77.5,Sports & Outdoors,1,77.5
C1157,INV-601393,2025-10-04 00:00:00,148.8,Home & Smart Living,1,148.8
C1201,INV-601722,2025-10-04 00:00:00,105.82,Home & Smart Living,1,105.82
C1201,INV-601722,2025-10-04 00:00:00,87.66,Apparel & Designer Wear,1,87.66
C1077,INV-600758,2025-10-04 00:00:00,153.03,Sports & Outdoors,1,153.03
C1077,INV-600758,2025-10-04 00:00:00,98.46,Beauty & Wellness,3,32.82
C1099,INV-600955,2025-10-04 00:00:00,88.43,Electronics & Gadgets,1,88.43
C1099,INV-600955,2025-10-04 00:00:00,99.42,Electronics & Gadgets,1,99.42
C1386,INV-602098,2025-10-04 00:00:00,90.8,Beauty & Wellness,1,90.8
C1447,INV-602217,2025-10-04 00:00:00,35.0,Home & Smart Living,1,35.0
C1021,INV-600201,2025-10-04 00:00:00,330.64,Beauty & Wellness,8,41.33
C1447,INV-602217,2025-10-04 00:00:00,50.19,Beauty & Wellness,1,50.19
C1120,INV-601108,2025-10-04 00:00:00,159.24,Beauty & Wellness,2,79.62
C1120,INV-601108,2025-10-04 00:00:00,67.65,Home & Smart Living,1,67.65
C1190,INV-601640,2025-10-04 00:00:00,81.73,Home & Smart Living,1,81.73
C1190,INV-601640,2025-10-04 00:00:00,72.51,Apparel & Designer Wear,1,72.51
C1190,INV-601640,2025-10-04 00:00:00,71.37,Sports & Outdoors,1,71.37
C1447,INV-602217,2025-10-04 00:00:00,55.53,Apparel & Designer Wear,1,55.53
C1103,INV-600984,2025-10-04 00:00:00,45.75,Gourmet Foods & Coffee,1,45.75
C1103,INV-600984,2025-10-04 00:00:00,93.06,Home & Smart Living,1,93.06
C1102,INV-600977,2025-10-04 00:00:00,59.66,Apparel & Designer Wear,1,59.66
C1102,INV-600977,2025-10-04 00:00:00,97.32,Electronics & Gadgets,1,97.32
C1102,INV-600977,2025-10-04 00:00:00,69.68,Gourmet Foods & Coffee,2,34.84
C1103,INV-600984,2025-10-04 00:00:00,81.46,Apparel & Designer Wear,1,81.46
C1224,INV-601797,2025-10-04 00:00:00,112.6,Gourmet Foods & Coffee,4,28.15
C1404,INV-602119,2025-10-05 00:00:00,66.9,Beauty & Wellness,3,22.3
C1404,INV-602119,2025-10-05 00:00:00,91.1,Beauty & Wellness,2,45.55
C1415,INV-602137,2025-10-05 00:00:00,94.25,Beauty & Wellness,5,18.85
C1404,INV-602119,2025-10-05 00:00:00,65.0,Electronics & Gadgets,1,65.0
C1431,INV-602167,2025-10-05 00:00:00,50.61,Gourmet Foods & Coffee,1,50.61
C1423,INV-602150,2025-10-05 00:00:00,86.88,Apparel & Designer Wear,2,43.44
C1154,INV-601372,2025-10-05 00:00:00,65.0,Electronics & Gadgets,1,65.0
C1154,INV-601372,2025-10-05 00:00:00,40.88,Apparel & Designer Wear,1,40.88
C1154,INV-601372,2025-10-05 00:00:00,52.52,Beauty & Wellness,2,26.26
C1423,INV-602150,2025-10-05 00:00:00,71.27,Sports & Outdoors,1,71.27
C1423,INV-602150,2025-10-05 00:00:00,38.96,Gourmet Foods & Coffee,1,38.96
C1431,INV-602167,2025-10-05 00:00:00,65.0,Electronics & Gadgets,1,65.0
C1431,INV-602167,2025-10-05 00:00:00,42.0,Sports & Outdoors,1,42.0
C1415,INV-602137,2025-10-05 00:00:00,69.28,Apparel & Designer Wear,1,69.28
C1155,INV-601377,2025-10-05 00:00:00,136.81,Sports & Outdoors,1,136.81
C1415,INV-602137,2025-10-05 00:00:00,38.42,Beauty & Wellness,1,38.42
C1035,INV-600341,2025-10-05 00:00:00,475.08,Sports & Outdoors,2,237.54
C1209,INV-601756,2025-10-05 00:00:00,69.2,Beauty & Wellness,1,69.2
C1209,INV-601756,2025-10-05 00:00:00,76.43,Beauty & Wellness,1,76.43
C1209,INV-601756,2025-10-05 00:00:00,79.87,Apparel & Designer Wear,1,79.87
C1219,INV-601781,2025-10-05 00:00:00,49.25,Home & Smart Living,1,49.25
C1219,INV-601781,2025-10-05 00:00:00,57.08,Sports & Outdoors,1,57.08
C1211,INV-601762,2025-10-05 00:00:00,97.42,Gourmet Foods & Coffee,2,48.71
C1246,INV-601860,2025-10-05 00:00:00,40.01,Apparel & Designer Wear,1,40.01
C1211,INV-601762,2025-10-05 00:00:00,119.42,Beauty & Wellness,1,119.42
C1246,INV-601860,2025-10-05 00:00:00,74.33,Apparel & Designer Wear,1,74.33
C1246,INV-601860,2025-10-05 00:00:00,44.93,Gourmet Foods & Coffee,1,44.93
C1456,INV-602243,2025-10-06 00:00:00,65.0,Electronics & Gadgets,1,65.0
C1210,INV-601759,2025-10-06 00:00:00,58.15,Sports & Outdoors,1,58.15
C1193,INV-601664,2025-10-06 00:00:00,249.57,Apparel & Designer Wear,3,83.19
C1210,INV-601759,2025-10-06 00:00:00,42.0,Sports & Outdoors,1,42.0
C1210,INV-601759,2025-10-06 00:00:00,67.73,Gourmet Foods & Coffee,1,67.73
C1273,INV-601938,2025-10-06 00:00:00,75.45,Beauty & Wellness,3,25.15
C1435,INV-602181,2025-10-06 00:00:00,152.01,Apparel & Designer Wear,3,50.67
C1177,INV-601543,2025-10-06 00:00:00,293.23,Electronics & Gadgets,1,293.23
C1121,INV-601114,2025-10-06 00:00:00,260.0,Electronics & Gadgets,4,65.0
C1273,INV-601938,2025-10-06 00:00:00,31.02,Beauty & Wellness,1,31.02
C1204,INV-601744,2025-10-06 00:00:00,206.06,Sports & Outdoors,1,206.06
C1091,INV-600899,2025-10-06 00:00:00,63.74,Home & Smart Living,1,63.74
C1091,INV-600899,2025-10-06 00:00:00,93.76,Electronics & Gadgets,1,93.76
C1378,INV-602088,2025-10-06 00:00:00,225.92,Beauty & Wellness,2,112.96
C1456,INV-602243,2025-10-06 00:00:00,65.0,Electronics & Gadgets,1,65.0
C1051,INV-600501,2025-10-06 00:00:00,195.69,Electronics & Gadgets,1,195.69
C1051,INV-600501,2025-10-06 00:00:00,99.5,Electronics & Gadgets,1,99.5
C1273,INV-601938,2025-10-06 00:00:00,65.0,Electronics & Gadgets,1,65.0
C1290,INV-601988,2025-10-07 00:00:00,47.54,Gourmet Foods & Coffee,2,23.77
C1189,INV-601635,2025-10-07 00:00:00,143.28,Beauty & Wellness,6,23.88
C1290,INV-601988,2025-10-07 00:00:00,70.88,Apparel & Designer Wear,2,35.44
C1196,INV-601689,2025-10-07 00:00:00,111.69,Sports & Outdoors,1,111.69
C1491,INV-602352,2025-10-07 00:00:00,65.0,Electronics & Gadgets,1,65.0
C1491,INV-602352,2025-10-07 00:00:00,35.0,Home & Smart Living,1,35.0
C1499,INV-602374,2025-10-07 00:00:00,83.61,Home & Smart Living,1,83.61
C1198,INV-601702,2025-10-07 00:00:00,150.42,Gourmet Foods & Coffee,2,75.21
C1497,INV-602367,2025-10-07 00:00:00,65.0,Electronics & Gadgets,1,65.0
C1497,INV-602367,2025-10-07 00:00:00,41.33,Apparel & Designer Wear,1,41.33
C1397,INV-602111,2025-10-07 00:00:00,112.77,Electronics & Gadgets,1,112.77
C1291,INV-601991,2025-10-07 00:00:00,48.15,Apparel & Designer Wear,1,48.15
C1196,INV-601689,2025-10-07 00:00:00,157.41,Gourmet Foods & Coffee,3,52.47
C1397,INV-602111,2025-10-07 00:00:00,65.59,Gourmet Foods & Coffee,1,65.59
C1236,INV-601832,2025-10-07 00:00:00,92.28,Home & Smart Living,1,92.28
C1184,INV-601592,2025-10-07 00:00:00,85.68,Gourmet Foods & Coffee,2,42.84
C1184,INV-601592,2025-10-07 00:00:00,100.08,Beauty & Wellness,3,33.36
C1231,INV-601819,2025-10-07 00:00:00,38.12,Apparel & Designer Wear,1,38.12
C1231,INV-601819,2025-10-07 00:00:00,72.43,Apparel & Designer Wear,1,72.43
C1231,INV-601819,2025-10-07 00:00:00,65.14,Electronics & Gadgets,1,65.14
C1236,INV-601832,2025-10-07 00:00:00,116.76,Electronics & Gadgets,1,116.76
C1109,INV-601026,2025-10-07 00:00:00,310.44,Home & Smart Living,2,155.22
C1004,INV-600028,2025-10-07 00:00:00,457.91,Electronics & Gadgets,1,457.91
C1368,INV-602072,2025-10-07 00:00:00,76.64,Apparel & Designer Wear,1,76.64
C1368,INV-602072,2025-10-07 00:00:00,105.24,Sports & Outdoors,1,105.24
C1291,INV-601991,2025-10-07 00:00:00,90.29,Sports & Outdoors,1,90.29
C1247,INV-601862,2025-10-07 00:00:00,232.0,Beauty & Wellness,4,58.0
C1187,INV-601618,2025-10-07 00:00:00,138.75,Beauty & Wellness,5,27.75
C1187,INV-601618,2025-10-07 00:00:00,135.79,Home & Smart Living,1,135.79
C1442,INV-602205,2025-10-07 00:00:00,123.5,Gourmet Foods & Coffee,2,61.75
C1493,INV-602356,2025-10-08 00:00:00,29.4,Beauty & Wellness,1,29.4
C1501,INV-602381,2025-10-08 00:00:00,42.98,Home & Smart Living,1,42.98
C1161,INV-601423,2025-10-08 00:00:00,125.9,Electronics & Gadgets,1,125.9
C1023,INV-600221,2025-10-08 00:00:00,315.0,Gourmet Foods & Coffee,9,35.0
C1258,INV-601893,2025-10-08 00:00:00,117.18,Sports & Outdoors,1,117.18
C1371,INV-602077,2025-10-08 00:00:00,89.43,Apparel & Designer Wear,1,89.43
C1493,INV-602356,2025-10-08 00:00:00,23.18,Gourmet Foods & Coffee,1,23.18
C1145,INV-601302,2025-10-08 00:00:00,233.38,Apparel & Designer Wear,1,233.38
C1449,INV-602224,2025-10-08 00:00:00,45.68,Home & Smart Living,1,45.68
C1449,INV-602224,2025-10-08 00:00:00,67.24,Sports & Outdoors,1,67.24
C1493,INV-602356,2025-10-08 00:00:00,44.95,Home & Smart Living,1,44.95
C1457,INV-602246,2025-10-08 00:00:00,78.59,Apparel & Designer Wear,1,78.59
C1011,INV-600102,2025-10-08 00:00:00,250.0,Gourmet Foods & Coffee,8,31.25
C1501,INV-602381,2025-10-08 00:00:00,42.61,Sports & Outdoors,1,42.61
C1371,INV-602077,2025-10-08 00:00:00,75.38,Sports & Outdoors,1,75.38
C1457,INV-602246,2025-10-08 00:00:00,37.68,Gourmet Foods & Coffee,1,37.68
C1501,INV-602381,2025-10-08 00:00:00,56.32,Apparel & Designer Wear,1,56.32
C1371,INV-602077,2025-10-08 00:00:00,61.13,Home & Smart Living,1,61.13
C1438,INV-602192,2025-10-08 00:00:00,60.42,Apparel & Designer Wear,1,60.42
C1165,INV-601453,2025-10-08 00:00:00,65.97,Electronics & Gadgets,1,65.97
C1165,INV-601453,2025-10-08 00:00:00,98.42,Sports & Outdoors,1,98.42
C1438,INV-602192,2025-10-08 00:00:00,47.88,Apparel & Designer Wear,1,47.88
C1412,INV-602133,2025-10-09 00:00:00,81.12,Beauty & Wellness,1,81.12
C1089,INV-600879,2025-10-09 00:00:00,127.35,Beauty & Wellness,5,25.47
C1089,INV-600879,2025-10-09 00:00:00,96.65,Beauty & Wellness,1,96.65
C1133,INV-601207,2025-10-09 00:00:00,62.59,Beauty & Wellness,1,62.59
C1133,INV-601207,2025-10-09 00:00:00,91.64,Apparel & Designer Wear,1,91.64
C1218,INV-601779,2025-10-09 00:00:00,114.14,Home & Smart Living,1,114.14
C1218,INV-601779,2025-10-09 00:00:00,112.62,Apparel & Designer Wear,3,37.54
C1412,INV-602133,2025-10-09 00:00:00,86.59,Home & Smart Living,1,86.59
C1072,INV-600709,2025-10-09 00:00:00,107.58,Gourmet Foods & Coffee,3,35.86
C1072,INV-600709,2025-10-09 00:00:00,87.81,Sports & Outdoors,1,87.81
C1481,INV-602322,2025-10-09 00:00:00,65.0,Electronics & Gadgets,1,65.0
C1481,INV-602322,2025-10-09 00:00:00,53.88,Sports & Outdoors,1,53.88
C1206,INV-601749,2025-10-09 00:00:00,101.38,Beauty & Wellness,2,50.69
C1206,INV-601749,2025-10-09 00:00:00,110.95,Electronics & Gadgets,1,110.95
C1072,INV-600709,2025-10-09 00:00:00,130.0,Electronics & Gadgets,2,65.0
C1008,INV-600070,2025-10-09 00:00:00,90.88,Beauty & Wellness,2,45.44
C1008,INV-600070,2025-10-09 00:00:00,218.02,Beauty & Wellness,2,109.01
C1412,INV-602133,2025-10-09 00:00:00,43.16,Sports & Outdoors,1,43.16
C1481,INV-602322,2025-10-09 00:00:00,28.43,Apparel & Designer Wear,1,28.43
C1089,INV-600879,2025-10-09 00:00:00,158.13,Home & Smart Living,1,158.13
C1281,INV-601962,2025-10-09 00:00:00,68.19,Beauty & Wellness,3,22.73
C1390,INV-602102,2025-10-09 00:00:00,121.3,Sports & Outdoors,1,121.3
C1390,INV-602102,2025-10-09 00:00:00,76.37,Home & Smart Living,1,76.37
C1186,INV-601610,2025-10-09 00:00:00,46.06,Gourmet Foods & Coffee,1,46.06
C1186,INV-601610,2025-10-09 00:00:00,51.1,Apparel & Designer Wear,1,51.1
C1186,INV-601610,2025-10-09 00:00:00,103.04,Beauty & Wellness,2,51.52
C1281,INV-601962,2025-10-09 00:00:00,74.18,Electronics & Gadgets,1,74.18
C1282,INV-601965,2025-10-09 00:00:00,96.6,Electronics & Gadgets,1,96.6
C1281,INV-601962,2025-10-09 00:00:00,66.43,Sports & Outdoors,1,66.43
C1026,INV-600251,2025-10-10 00:00:00,130.86,Beauty & Wellness,3,43.62
C1444,INV-602211,2025-10-10 00:00:00,54.19,Beauty & Wellness,1,54.19
C1066,INV-600650,2025-10-10 00:00:00,99.1,Gourmet Foods & Coffee,2,49.55
C1065,INV-600641,2025-10-10 00:00:00,73.47,Gourmet Foods & Coffee,1,73.47
C1444,INV-602211,2025-10-10 00:00:00,44.26,Home & Smart Living,1,44.26
C1026,INV-600251,2025-10-10 00:00:00,96.84,Electronics & Gadgets,1,96.84
C1106,INV-601004,2025-10-10 00:00:00,265.3,Home & Smart Living,1,265.3
C1065,INV-600641,2025-10-10 00:00:00,62.14,Apparel & Designer Wear,1,62.14
C1066,INV-600650,2025-10-10 00:00:00,213.3,Beauty & Wellness,2,106.65
C1065,INV-600641,2025-10-10 00:00:00,140.55,Home & Smart Living,1,140.55
C1444,INV-602211,2025-10-10 00:00:00,21.17,Gourmet Foods & Coffee,1,21.17
C1079,INV-600778,2025-10-10 00:00:00,211.17,Sports & Outdoors,1,211.17
C1107,INV-601011,2025-10-10 00:00:00,98.13,Beauty & Wellness,1,98.13
C1026,INV-600251,2025-10-10 00:00:00,118.37,Beauty & Wellness,1,118.37
C1107,INV-601011,2025-10-10 00:00:00,88.78,Beauty & Wellness,2,44.39
C1107,INV-601011,2025-10-10 00:00:00,68.22,Gourmet Foods & Coffee,2,34.11
C1264,INV-601913,2025-10-10 00:00:00,89.92,Apparel & Designer Wear,1,89.92
C1264,INV-601913,2025-10-10 00:00:00,110.4,Gourmet Foods & Coffee,2,55.2
C1025,INV-600240,2025-10-10 00:00:00,137.87,Electronics & Gadgets,1,137.87
C1025,INV-600240,2025-10-10 00:00:00,204.1,Apparel & Designer Wear,2,102.05
C1003,INV-600019,2025-10-11 00:00:00,156.44,Beauty & Wellness,2,78.22
C1379,INV-602089,2025-10-11 00:00:00,94.04,Electronics & Gadgets,1,94.04
C1001,INV-600002,2025-10-11 00:00:00,130.14,Gourmet Foods & Coffee,3,43.38
C1001,INV-600002,2025-10-11 00:00:00,118.93,Beauty & Wellness,1,118.93
C1179,INV-601558,2025-10-11 00:00:00,103.95,Gourmet Foods & Coffee,5,20.79
C1001,INV-600002,2025-10-11 00:00:00,135.88,Electronics & Gadgets,1,135.88
C1375,INV-602082,2025-10-11 00:00:00,106.81,Sports & Outdoors,1,106.81
C1375,INV-602082,2025-10-11 00:00:00,137.46,Sports & Outdoors,3,45.82
C1040,INV-600389,2025-10-11 00:00:00,456.28,Sports & Outdoors,1,456.28
C1138,INV-601244,2025-10-11 00:00:00,137.04,Sports & Outdoors,2,68.52
C1174,INV-601522,2025-10-11 00:00:00,65.0,Electronics & Gadgets,1,65.0
C1138,INV-601244,2025-10-11 00:00:00,69.69,Electronics & Gadgets,1,69.69
C1038,INV-600367,2025-10-11 00:00:00,418.39,Gourmet Foods & Coffee,7,59.77
C1174,INV-601522,2025-10-11 00:00:00,79.56,Beauty & Wellness,3,26.52
C1003,INV-600019,2025-10-11 00:00:00,159.52,Beauty & Wellness,2,79.76
C1234,INV-601828,2025-10-11 00:00:00,37.55,Apparel & Designer Wear,1,37.55
C1234,INV-601828,2025-10-11 00:00:00,34.74,Apparel & Designer Wear,1,34.74
C1234,INV-601828,2025-10-11 00:00:00,43.54,Apparel & Designer Wear,1,43.54
C1003,INV-600019,2025-10-11 00:00:00,128.98,Gourmet Foods & Coffee,2,64.49
C1179,INV-601558,2025-10-11 00:00:00,117.87,Home & Smart Living,1,117.87
C1174,INV-601522,2025-10-11 00:00:00,62.16,Home & Smart Living,1,62.16
C1379,INV-602089,2025-10-11 00:00:00,82.35,Sports & Outdoors,1,82.35
C1050,INV-600492,2025-10-11 00:00:00,89.52,Beauty & Wellness,4,22.38
C1382,INV-602093,2025-10-11 00:00:00,44.7,Home & Smart Living,1,44.7
C1382,INV-602093,2025-10-11 00:00:00,49.49,Gourmet Foods & Coffee,1,49.49
C1192,INV-601657,2025-10-11 00:00:00,94.49,Sports & Outdoors,1,94.49
C1192,INV-601657,2025-10-11 00:00:00,91.48,Apparel & Designer Wear,2,45.74
C1192,INV-601657,2025-10-11 00:00:00,87.42,Gourmet Foods & Coffee,3,29.14
C1050,INV-600492,2025-10-11 00:00:00,93.05,Beauty & Wellness,5,18.61
C1050,INV-600492,2025-10-11 00:00:00,151.04,Beauty & Wellness,2,75.52
C1278,INV-601954,2025-10-11 00:00:00,65.0,Electronics & Gadgets,1,65.0
C1278,INV-601954,2025-10-11 00:00:00,65.0,Electronics & Gadgets,1,65.0
C1278,INV-601954,2025-10-11 00:00:00,49.13,Beauty & Wellness,1,49.13
C1379,INV-602089,2025-10-11 00:00:00,96.16,Home & Smart Living,2,48.08
C1380,INV-602090,2025-10-11 00:00:00,147.55,Apparel & Designer Wear,5,29.51
C1005,INV-600039,2025-10-11 00:00:00,425.1,Gourmet Foods & Coffee,13,32.7
C1382,INV-602093,2025-10-11 00:00:00,72.89,Home & Smart Living,1,72.89
C1088,INV-600866,2025-10-12 00:00:00,105.36,Apparel & Designer Wear,2,52.68
C1241,INV-601846,2025-10-12 00:00:00,220.16,Electronics & Gadgets,1,220.16
C1046,INV-600448,2025-10-12 00:00:00,193.06,Sports & Outdoors,1,193.06
C1046,INV-600448,2025-10-12 00:00:00,222.25,Sports & Outdoors,1,222.25
C1393,INV-602106,2025-10-12 00:00:00,82.24,Sports & Outdoors,1,82.24
C1370,INV-602074,2025-10-12 00:00:00,90.08,Electronics & Gadgets,1,90.08
C1088,INV-600866,2025-10-12 00:00:00,214.74,Apparel & Designer Wear,1,214.74
C1024,INV-600230,2025-10-12 00:00:00,105.0,Electronics & Gadgets,1,105.0
C1024,INV-600230,2025-10-12 00:00:00,72.53,Electronics & Gadgets,1,72.53
C1370,INV-602074,2025-10-12 00:00:00,36.96,Gourmet Foods & Coffee,1,36.96
C1370,INV-602074,2025-10-12 00:00:00,94.4,Home & Smart Living,1,94.4
C1024,INV-600230,2025-10-12 00:00:00,136.92,Beauty & Wellness,1,136.92
C1393,INV-602106,2025-10-12 00:00:00,85.15,Sports & Outdoors,1,85.15
C1194,INV-601672,2025-10-12 00:00:00,137.1,Apparel & Designer Wear,1,137.1
C1194,INV-601672,2025-10-12 00:00:00,104.68,Electronics & Gadgets,1,104.68
C1137,INV-601236,2025-10-12 00:00:00,105.1,Beauty & Wellness,1,105.1
C1093,INV-600914,2025-10-12 00:00:00,73.64,Home & Smart Living,1,73.64
C1134,INV-601213,2025-10-12 00:00:00,111.35,Gourmet Foods & Coffee,5,22.27
C1408,INV-602125,2025-10-12 00:00:00,145.72,Apparel & Designer Wear,1,145.72
C1134,INV-601213,2025-10-12 00:00:00,119.22,Beauty & Wellness,3,39.74
C1443,INV-602207,2025-10-12 00:00:00,34.55,Beauty & Wellness,1,34.55
C1443,INV-602207,2025-10-12 00:00:00,35.11,Beauty & Wellness,1,35.11
C1031,INV-600300,2025-10-12 00:00:00,166.92,Home & Smart Living,1,166.92
C1385,INV-602097,2025-10-12 00:00:00,93.3,Electronics & Gadgets,1,93.3
C1402,INV-602117,2025-10-12 00:00:00,253.34,Sports & Outdoors,2,126.67
C1031,INV-600300,2025-10-12 00:00:00,210.42,Electronics & Gadgets,1,210.42
C1385,INV-602097,2025-10-12 00:00:00,42.43,Gourmet Foods & Coffee,1,42.43
C1385,INV-602097,2025-10-12 00:00:00,83.48,Beauty & Wellness,4,20.87
C1137,INV-601236,2025-10-12 00:00:00,43.47,Apparel & Designer Wear,1,43.47
C1137,INV-601236,2025-10-12 00:00:00,72.02,Beauty & Wellness,2,36.01
C1093,INV-600914,2025-10-12 00:00:00,150.54,Gourmet Foods & Coffee,6,25.09
C1393,INV-602106,2025-10-12 00:00:00,54.45,Gourmet Foods & Coffee,1,54.45
C1030,INV-600290,2025-10-13 00:00:00,158.57,Apparel & Designer Wear,1,158.57
C1012,INV-600110,2025-10-13 00:00:00,141.36,Beauty & Wellness,2,70.68
C1012,INV-600110,2025-10-13 00:00:00,68.8,Beauty & Wellness,2,34.4
C1030,INV-600290,2025-10-13 00:00:00,141.85,Gourmet Foods & Coffee,5,28.37
C1030,INV-600290,2025-10-13 00:00:00,91.89,Sports & Outdoors,1,91.89
C1012,INV-600110,2025-10-13 00:00:00,157.02,Electronics & Gadgets,1,157.02
C1140,INV-601258,2025-10-13 00:00:00,83.82,Sports & Outdoors,1,83.82
C1424,INV-602152,2025-10-13 00:00:00,90.65,Home & Smart Living,1,90.65
C1249,INV-601867,2025-10-13 00:00:00,65.0,Electronics & Gadgets,1,65.0
C1108,INV-601020,2025-10-13 00:00:00,60.59,Gourmet Foods & Coffee,1,60.59
C1108,INV-601020,2025-10-13 00:00:00,87.15,Apparel & Designer Wear,1,87.15
C1110,INV-601033,2025-10-13 00:00:00,42.79,Beauty & Wellness,1,42.79
C1108,INV-601020,2025-10-13 00:00:00,89.06,Beauty & Wellness,1,89.06
C1110,INV-601033,2025-10-13 00:00:00,59.28,Sports & Outdoors,1,59.28
C1110,INV-601033,2025-10-13 00:00:00,65.0,Electronics & Gadgets,1,65.0
C1424,INV-602152,2025-10-13 00:00:00,65.0,Electronics & Gadgets,1,65.0
C1424,INV-602152,2025-10-13 00:00:00,56.58,Sports & Outdoors,1,56.58
C1113,INV-601056,2025-10-13 00:00:00,303.82,Electronics & Gadgets,1,303.82
C1249,INV-601867,2025-10-13 00:00:00,36.02,Apparel & Designer Wear,1,36.02
C1140,INV-601258,2025-10-13 00:00:00,51.78,Home & Smart Living,1,51.78
C1249,INV-601867,2025-10-13 00:00:00,65.0,Electronics & Gadgets,1,65.0
C1285,INV-601974,2025-10-13 00:00:00,65.0,Electronics & Gadgets,1,65.0
C1401,INV-602115,2025-10-13 00:00:00,61.55,Gourmet Foods & Coffee,1,61.55
C1394,INV-602108,2025-10-13 00:00:00,211.76,Home & Smart Living,2,105.88
C1285,INV-601974,2025-10-13 00:00:00,50.96,Beauty & Wellness,1,50.96
C1167,INV-601466,2025-10-13 00:00:00,166.94,Sports & Outdoors,2,83.47
C1401,INV-602115,2025-10-13 00:00:00,105.56,Electronics & Gadgets,1,105.56
C1140,INV-601258,2025-10-13 00:00:00,94.93,Electronics & Gadgets,1,94.93
C1139,INV-601248,2025-10-13 00:00:00,145.57,Electronics & Gadgets,1,145.57
C1285,INV-601974,2025-10-13 00:00:00,33.32,Gourmet Foods & Coffee,1,33.32
C1372,INV-602078,2025-10-14 00:00:00,165.73,Electronics & Gadgets,1,165.73
C1127,INV-601162,2025-10-14 00:00:00,97.08,Home & Smart Living,1,97.08
C1059,INV-600578,2025-10-14 00:00:00,84.0,Sports & Outdoors,2,42.0
C1059,INV-600578,2025-10-14 00:00:00,96.24,Beauty & Wellness,3,32.08
C1039,INV-600378,2025-10-14 00:00:00,283.01,Gourmet Foods & Coffee,13,21.77
C1242,INV-601849,2025-10-14 00:00:00,84.21,Electronics & Gadgets,1,84.21
C1242,INV-601849,2025-10-14 00:00:00,114.52,Electronics & Gadgets,1,114.52
C1127,INV-601162,2025-10-14 00:00:00,135.7,Beauty & Wellness,2,67.85
C1033,INV-600321,2025-10-14 00:00:00,268.62,Sports & Outdoors,2,134.31
C1417,INV-602140,2025-10-14 00:00:00,71.24,Apparel & Designer Wear,1,71.24
C1417,INV-602140,2025-10-14 00:00:00,67.93,Sports & Outdoors,1,67.93
C1059,INV-600578,2025-10-14 00:00:00,80.54,Gourmet Foods & Coffee,1,80.54
C1117,INV-601086,2025-10-14 00:00:00,92.91,Gourmet Foods & Coffee,3,30.97
C1117,INV-601086,2025-10-14 00:00:00,114.6,Electronics & Gadgets,1,114.6
C1214,INV-601770,2025-10-14 00:00:00,75.68,Gourmet Foods & Coffee,2,37.84
C1214,INV-601770,2025-10-14 00:00:00,65.51,Sports & Outdoors,1,65.51
C1286,INV-601976,2025-10-14 00:00:00,114.58,Beauty & Wellness,2,57.29
C1286,INV-601976,2025-10-14 00:00:00,75.4,Apparel & Designer Wear,1,75.4
C1214,INV-601770,2025-10-14 00:00:00,40.24,Home & Smart Living,1,40.24
C1125,INV-601148,2025-10-15 00:00:00,128.84,Gourmet Foods & Coffee,2,64.42
C1409,INV-602127,2025-10-15 00:00:00,208.08,Beauty & Wellness,8,26.01
C1125,INV-601148,2025-10-15 00:00:00,98.54,Gourmet Foods & Coffee,2,49.27
C1101,INV-600969,2025-10-15 00:00:00,129.06,Beauty & Wellness,2,64.53
C1425,INV-602154,2025-10-15 00:00:00,154.4,Gourmet Foods & Coffee,2,77.2
C1388,INV-602100,2025-10-15 00:00:00,104.53,Sports & Outdoors,1,104.53
C1388,INV-602100,2025-10-15 00:00:00,98.68,Electronics & Gadgets,1,98.68
C1256,INV-601887,2025-10-15 00:00:00,113.97,Sports & Outdoors,1,113.97
C1256,INV-601887,2025-10-15 00:00:00,60.63,Home & Smart Living,1,60.63
C1007,INV-600061,2025-10-15 00:00:00,193.86,Electronics & Gadgets,1,193.86
C1016,INV-600152,2025-10-15 00:00:00,287.47,Electronics & Gadgets,1,287.47
C1203,INV-601739,2025-10-16 00:00:00,173.99,Electronics & Gadgets,1,173.99
C1166,INV-601460,2025-10-16 00:00:00,69.58,Apparel & Designer Wear,2,34.79
C1104,INV-600993,2025-10-16 00:00:00,62.31,Home & Smart Living,1,62.31
C1067,INV-600659,2025-10-16 00:00:00,475.3,Home & Smart Living,5,95.06
C1166,INV-601460,2025-10-16 00:00:00,61.4,Gourmet Foods & Coffee,2,30.7
C1200,INV-601716,2025-10-16 00:00:00,72.52,Gourmet Foods & Coffee,1,72.52
C1269,INV-601927,2025-10-16 00:00:00,43.42,Sports & Outdoors,1,43.42
C1269,INV-601927,2025-10-16 00:00:00,64.34,Gourmet Foods & Coffee,2,32.17
C1269,INV-601927,2025-10-16 00:00:00,58.32,Gourmet Foods & Coffee,4,14.58
C1374,INV-602081,2025-10-16 00:00:00,141.33,Apparel & Designer Wear,1,141.33
C1374,INV-602081,2025-10-16 00:00:00,115.18,Electronics & Gadgets,1,115.18
C1080,INV-600789,2025-10-16 00:00:00,68.05,Home & Smart Living,1,68.05
C1080,INV-600789,2025-10-16 00:00:00,124.78,Home & Smart Living,2,62.39
C1400,INV-602114,2025-10-16 00:00:00,61.04,Apparel & Designer Wear,1,61.04
C1166,INV-601460,2025-10-16 00:00:00,42.0,Sports & Outdoors,1,42.0
C1080,INV-600789,2025-10-16 00:00:00,69.07,Gourmet Foods & Coffee,1,69.07
C1400,INV-602114,2025-10-16 00:00:00,77.26,Sports & Outdoors,1,77.26
C1200,INV-601716,2025-10-16 00:00:00,65.05,Sports & Outdoors,1,65.05
C1013,INV-600121,2025-10-16 00:00:00,83.36,Beauty & Wellness,1,83.36
C1013,INV-600121,2025-10-16 00:00:00,91.82,Electronics & Gadgets,1,91.82
C1013,INV-600121,2025-10-16 00:00:00,98.61,Beauty & Wellness,1,98.61
C1200,INV-601716,2025-10-16 00:00:00,84.39,Beauty & Wellness,3,28.13
C1104,INV-600993,2025-10-16 00:00:00,65.0,Electronics & Gadgets,1,65.0
C1104,INV-600993,2025-10-16 00:00:00,69.27,Apparel & Designer Wear,1,69.27
C1062,INV-600609,2025-10-16 00:00:00,141.62,Home & Smart Living,1,141.62
C1062,INV-600609,2025-10-16 00:00:00,144.05,Home & Smart Living,1,144.05
C1400,INV-602114,2025-10-16 00:00:00,42.28,Home & Smart Living,1,42.28
C1049,INV-600479,2025-10-17 00:00:00,158.65,Gourmet Foods & Coffee,5,31.73
C1257,INV-601889,2025-10-17 00:00:00,65.0,Electronics & Gadgets,1,65.0
C1257,INV-601889,2025-10-17 00:00:00,77.46,Home & Smart Living,1,77.46
C1387,INV-602099,2025-10-17 00:00:00,248.16,Apparel & Designer Wear,4,62.04
C1061,INV-600599,2025-10-17 00:00:00,144.8,Electronics & Gadgets,1,144.8
C1009,INV-600081,2025-10-17 00:00:00,119.74,Gourmet Foods & Coffee,2,59.87
C1009,INV-600081,2025-10-17 00:00:00,126.42,Gourmet Foods & Coffee,2,63.21
C1257,INV-601889,2025-10-17 00:00:00,65.0,Electronics & Gadgets,1,65.0
C1061,INV-600599,2025-10-17 00:00:00,146.88,Sports & Outdoors,1,146.88
C1156,INV-601383,2025-10-17 00:00:00,76.66,Electronics & Gadgets,1,76.66
C1115,INV-601069,2025-10-17 00:00:00,97.59,Gourmet Foods & Coffee,3,32.53
C1115,INV-601069,2025-10-17 00:00:00,96.28,Electronics & Gadgets,1,96.28
C1049,INV-600479,2025-10-17 00:00:00,137.89,Apparel & Designer Wear,1,137.89
C1144,INV-601294,2025-10-17 00:00:00,137.01,Home & Smart Living,1,137.01
C1156,INV-601383,2025-10-17 00:00:00,83.85,Gourmet Foods & Coffee,3,27.95
C1061,INV-600599,2025-10-17 00:00:00,109.23,Home & Smart Living,1,109.23
C1002,INV-600010,2025-10-17 00:00:00,442.92,Sports & Outdoors,3,147.64
C1049,INV-600479,2025-10-17 00:00:00,74.32,Beauty & Wellness,1,74.32
C1160,INV-601416,2025-10-17 00:00:00,126.77,Home & Smart Living,1,126.77
C1160,INV-601416,2025-10-17 00:00:00,70.0,Gourmet Foods & Coffee,1,70.0
C1092,INV-600906,2025-10-17 00:00:00,279.13,Home & Smart Living,1,279.13
C1094,INV-600922,2025-10-17 00:00:00,295.89,Home & Smart Living,1,295.89
C1027,INV-600260,2025-10-18 00:00:00,153.3,Home & Smart Living,1,153.3
C1027,INV-600260,2025-10-18 00:00:00,81.4,Beauty & Wellness,1,81.4
C1116,INV-601079,2025-10-18 00:00:00,97.38,Gourmet Foods & Coffee,2,48.69
C1197,INV-601697,2025-10-18 00:00:00,262.53,Sports & Outdoors,3,87.51
C1114,INV-601060,2025-10-18 00:00:00,131.33,Sports & Outdoors,1,131.33
C1017,INV-600160,2025-10-18 00:00:00,104.25,Gourmet Foods & Coffee,3,34.75
C1116,INV-601079,2025-10-18 00:00:00,155.56,Gourmet Foods & Coffee,4,38.89
C1054,INV-600530,2025-10-18 00:00:00,115.66,Home & Smart Living,2,57.83
C1054,INV-600530,2025-10-18 00:00:00,71.94,Sports & Outdoors,1,71.94
C1054,INV-600530,2025-10-18 00:00:00,78.7,Electronics & Gadgets,1,78.7
C1081,INV-600798,2025-10-18 00:00:00,138.24,Apparel & Designer Wear,1,138.24
C1017,INV-600160,2025-10-18 00:00:00,214.12,Home & Smart Living,2,107.06
C1114,INV-601060,2025-10-18 00:00:00,79.25,Sports & Outdoors,1,79.25
C1421,INV-602146,2025-10-18 00:00:00,67.4,Sports & Outdoors,1,67.4
C1027,INV-600260,2025-10-18 00:00:00,70.92,Apparel & Designer Wear,1,70.92
C1398,INV-602112,2025-10-18 00:00:00,44.98,Sports & Outdoors,1,44.98
C1081,INV-600798,2025-10-18 00:00:00,236.38,Electronics & Gadgets,1,236.38
C1421,INV-602146,2025-10-18 00:00:00,69.4,Gourmet Foods & Coffee,2,34.7
C1395,INV-602109,2025-10-18 00:00:00,129.5,Apparel & Designer Wear,1,129.5
C1181,INV-601573,2025-10-18 00:00:00,96.38,Sports & Outdoors,1,96.38
C1181,INV-601573,2025-10-18 00:00:00,85.79,Sports & Outdoors,1,85.79
C1421,INV-602146,2025-10-18 00:00:00,41.71,Gourmet Foods & Coffee,1,41.71
C1398,INV-602112,2025-10-18 00:00:00,49.89,Sports & Outdoors,1,49.89
C1398,INV-602112,2025-10-18 00:00:00,91.14,Sports & Outdoors,1,91.14
C1181,INV-601573,2025-10-18 00:00:00,50.62,Beauty & Wellness,2,25.31
C1132,INV-601201,2025-10-19 00:00:00,86.34,Beauty & Wellness,1,86.34
C1227,INV-601805,2025-10-19 00:00:00,79.58,Beauty & Wellness,2,39.79
C1014,INV-600131,2025-10-19 00:00:00,145.35,Beauty & Wellness,5,29.07
C1095,INV-600933,2025-10-19 00:00:00,67.35,Gourmet Foods & Coffee,1,67.35
C1132,INV-601201,2025-10-19 00:00:00,46.6,Gourmet Foods & Coffee,1,46.6
C1064,INV-600631,2025-10-19 00:00:00,196.81,Apparel & Designer Wear,1,196.81
C1123,INV-601130,2025-10-19 00:00:00,87.81,Apparel & Designer Wear,1,87.81
C1014,INV-600131,2025-10-19 00:00:00,105.68,Home & Smart Living,1,105.68
C1411,INV-602131,2025-10-19 00:00:00,59.43,Sports & Outdoors,1,59.43
C1411,INV-602131,2025-10-19 00:00:00,84.07,Sports & Outdoors,1,84.07
C1205,INV-601747,2025-10-19 00:00:00,136.68,Electronics & Gadgets,1,136.68
C1227,INV-601805,2025-10-19 00:00:00,30.8,Beauty & Wellness,1,30.8
C1132,INV-601201,2025-10-19 00:00:00,80.41,Home & Smart Living,1,80.41
C1014,INV-600131,2025-10-19 00:00:00,117.2,Beauty & Wellness,2,58.6
C1221,INV-601786,2025-10-19 00:00:00,99.82,Gourmet Foods & Coffee,1,99.82
C1399,INV-602113,2025-10-19 00:00:00,136.2,Apparel & Designer Wear,1,136.2
C1123,INV-601130,2025-10-19 00:00:00,112.09,Electronics & Gadgets,1,112.09
C1405,INV-602121,2025-10-19 00:00:00,93.63,Sports & Outdoors,1,93.63
C1266,INV-601919,2025-10-19 00:00:00,47.43,Apparel & Designer Wear,1,47.43
C1373,INV-602080,2025-10-19 00:00:00,251.97,Beauty & Wellness,3,83.99
C1405,INV-602121,2025-10-19 00:00:00,39.93,Home & Smart Living,1,39.93
C1221,INV-601786,2025-10-19 00:00:00,119.94,Beauty & Wellness,1,119.94
C1266,INV-601919,2025-10-19 00:00:00,59.89,Home & Smart Living,1,59.89
C1383,INV-602094,2025-10-19 00:00:00,82.06,Apparel & Designer Wear,1,82.06
C1383,INV-602094,2025-10-19 00:00:00,57.24,Beauty & Wellness,3,19.08
C1122,INV-601123,2025-10-19 00:00:00,136.75,Home & Smart Living,1,136.75
C1227,INV-601805,2025-10-19 00:00:00,65.0,Electronics & Gadgets,1,65.0
C1383,INV-602094,2025-10-19 00:00:00,50.22,Home & Smart Living,1,50.22
C1095,INV-600933,2025-10-19 00:00:00,71.89,Beauty & Wellness,1,71.89
C1396,INV-602110,2025-10-19 00:00:00,105.75,Beauty & Wellness,1,105.75
C1405,INV-602121,2025-10-19 00:00:00,88.44,Apparel & Designer Wear,1,88.44
C1010,INV-600091,2025-10-19 00:00:00,117.76,Gourmet Foods & Coffee,4,29.44
C1095,INV-600933,2025-10-19 00:00:00,51.57,Home & Smart Living,1,51.57
C1399,INV-602113,2025-10-19 00:00:00,134.85,Beauty & Wellness,5,26.97
C1266,INV-601919,2025-10-19 00:00:00,55.88,Home & Smart Living,1,55.88
C1396,INV-602110,2025-10-19 00:00:00,91.7,Electronics & Gadgets,1,91.7
C1010,INV-600091,2025-10-19 00:00:00,201.43,Electronics & Gadgets,1,201.43
C1122,INV-601123,2025-10-19 00:00:00,131.25,Electronics & Gadgets,1,131.25
C1235,INV-601830,2025-10-20 00:00:00,49.48,Gourmet Foods & Coffee,1,49.48
C1277,INV-601950,2025-10-20 00:00:00,180.95,Gourmet Foods & Coffee,11,16.45
C1151,INV-601350,2025-10-20 00:00:00,85.01,Apparel & Designer Wear,1,85.01
C1245,INV-601856,2025-10-20 00:00:00,65.0,Electronics & Gadgets,1,65.0
C1251,INV-601872,2025-10-20 00:00:00,193.45,Apparel & Designer Wear,1,193.45
C1245,INV-601856,2025-10-20 00:00:00,55.46,Home & Smart Living,1,55.46
C1037,INV-600358,2025-10-20 00:00:00,131.23,Electronics & Gadgets,1,131.23
C1037,INV-600358,2025-10-20 00:00:00,207.12,Apparel & Designer Wear,2,103.56
C1235,INV-601830,2025-10-20 00:00:00,116.47,Electronics & Gadgets,1,116.47
C1403,INV-602118,2025-10-20 00:00:00,196.11,Apparel & Designer Wear,3,65.37
C1185,INV-601602,2025-10-20 00:00:00,231.29,Home & Smart Living,1,231.29
C1265,INV-601915,2025-10-20 00:00:00,45.17,Home & Smart Living,1,45.17
C1265,INV-601915,2025-10-20 00:00:00,62.51,Beauty & Wellness,1,62.51
C1245,INV-601856,2025-10-20 00:00:00,65.0,Electronics & Gadgets,1,65.0
C1265,INV-601915,2025-10-20 00:00:00,65.0,Electronics & Gadgets,1,65.0
C1170,INV-601488,2025-10-20 00:00:00,88.48,Home & Smart Living,1,88.48
C1151,INV-601350,2025-10-20 00:00:00,88.1,Gourmet Foods & Coffee,2,44.05
C1170,INV-601488,2025-10-20 00:00:00,147.96,Sports & Outdoors,1,147.96
C1175,INV-601527,2025-10-20 00:00:00,145.44,Beauty & Wellness,8,18.18
C1240,INV-601843,2025-10-20 00:00:00,93.3,Gourmet Foods & Coffee,2,46.65
C1098,INV-600950,2025-10-20 00:00:00,108.52,Sports & Outdoors,1,108.52
C1098,INV-600950,2025-10-20 00:00:00,104.15,Electronics & Gadgets,1,104.15
C1240,INV-601843,2025-10-20 00:00:00,56.0,Apparel & Designer Wear,2,28.0
C1244,INV-601854,2025-10-21 00:00:00,65.0,Electronics & Gadgets,1,65.0
C1060,INV-600588,2025-10-21 00:00:00,100.3,Gourmet Foods & Coffee,5,20.06
C1060,INV-600588,2025-10-21 00:00:00,126.0,Sports & Outdoors,3,42.0
C1244,INV-601854,2025-10-21 00:00:00,116.58,Apparel & Designer Wear,2,58.29
C1419,INV-602142,2025-10-21 00:00:00,80.62,Apparel & Designer Wear,1,80.62
C1169,INV-601481,2025-10-21 00:00:00,102.0,Gourmet Foods & Coffee,2,51.0
C1149,INV-601334,2025-10-21 00:00:00,66.39,Gourmet Foods & Coffee,1,66.39
C1419,INV-602142,2025-10-21 00:00:00,41.03,Apparel & Designer Wear,1,41.03
C1169,INV-601481,2025-10-21 00:00:00,97.96,Apparel & Designer Wear,1,97.96
C1169,INV-601481,2025-10-21 00:00:00,86.0,Electronics & Gadgets,1,86.0
C1148,INV-601325,2025-10-21 00:00:00,103.67,Sports & Outdoors,1,103.67
C1149,INV-601334,2025-10-21 00:00:00,73.84,Apparel & Designer Wear,1,73.84
C1426,INV-602156,2025-10-21 00:00:00,91.5,Apparel & Designer Wear,1,91.5
C1426,INV-602156,2025-10-21 00:00:00,80.01,Home & Smart Living,1,80.01
C1270,INV-601930,2025-10-21 00:00:00,65.0,Electronics & Gadgets,1,65.0
C1270,INV-601930,2025-10-21 00:00:00,63.15,Apparel & Designer Wear,1,63.15
C1152,INV-601359,2025-10-21 00:00:00,154.23,Beauty & Wellness,3,51.41
C1148,INV-601325,2025-10-21 00:00:00,103.49,Apparel & Designer Wear,1,103.49
C1148,INV-601325,2025-10-21 00:00:00,80.06,Apparel & Designer Wear,1,80.06
C1228,INV-601807,2025-10-21 00:00:00,43.16,Home & Smart Living,1,43.16
C1228,INV-601807,2025-10-21 00:00:00,35.0,Home & Smart Living,1,35.0
C1289,INV-601985,2025-10-21 00:00:00,70.74,Gourmet Foods & Coffee,2,35.37
C1149,INV-601334,2025-10-21 00:00:00,57.63,Gourmet Foods & Coffee,1,57.63
C1289,INV-601985,2025-10-21 00:00:00,69.71,Apparel & Designer Wear,1,69.71
C1289,INV-601985,2025-10-21 00:00:00,46.34,Gourmet Foods & Coffee,2,23.17
C1419,INV-602142,2025-10-21 00:00:00,70.74,Home & Smart Living,1,70.74
C1217,INV-601777,2025-10-21 00:00:00,72.82,Sports & Outdoors,1,72.82
C1217,INV-601777,2025-10-21 00:00:00,89.76,Beauty & Wellness,4,22.44
C1183,INV-601587,2025-10-21 00:00:00,95.72,Electronics & Gadgets,1,95.72
C1183,INV-601587,2025-10-21 00:00:00,89.76,Home & Smart Living,2,44.88
C1426,INV-602156,2025-10-21 00:00:00,91.64,Gourmet Foods & Coffee,4,22.91
C1228,INV-601807,2025-10-21 00:00:00,52.89,Gourmet Foods & Coffee,3,17.63
C1420,INV-602144,2025-10-22 00:00:00,87.72,Electronics & Gadgets,1,87.72
C1420,INV-602144,2025-10-22 00:00:00,93.85,Electronics & Gadgets,1,93.85
C1420,INV-602144,2025-10-22 00:00:00,69.18,Sports & Outdoors,1,69.18
C1237,INV-601834,2025-10-22 00:00:00,96.62,Home & Smart Living,1,96.62
C1237,INV-601834,2025-10-22 00:00:00,76.28,Home & Smart Living,1,76.28
C1053,INV-600519,2025-10-22 00:00:00,210.7,Beauty & Wellness,7,30.1
C1053,INV-600519,2025-10-22 00:00:00,195.0,Sports & Outdoors,1,195.0
C1124,INV-601140,2025-10-22 00:00:00,208.29,Beauty & Wellness,3,69.43
C1105,INV-600998,2025-10-22 00:00:00,99.33,Electronics & Gadgets,1,99.33
C1105,INV-600998,2025-10-22 00:00:00,75.1,Gourmet Foods & Coffee,2,37.55
C1136,INV-601228,2025-10-22 00:00:00,206.16,Electronics & Gadgets,1,206.16
C1158,INV-601402,2025-10-23 00:00:00,91.07,Sports & Outdoors,1,91.07
C1129,INV-601175,2025-10-23 00:00:00,54.9,Apparel & Designer Wear,1,54.9
C1129,INV-601175,2025-10-23 00:00:00,104.42,Sports & Outdoors,1,104.42
C1129,INV-601175,2025-10-23 00:00:00,88.34,Gourmet Foods & Coffee,2,44.17
C1078,INV-600768,2025-10-23 00:00:00,460.2,Sports & Outdoors,5,92.04
C1232,INV-601823,2025-10-23 00:00:00,64.9,Home & Smart Living,1,64.9
C1158,INV-601402,2025-10-23 00:00:00,149.3,Electronics & Gadgets,1,149.3
C1232,INV-601823,2025-10-23 00:00:00,34.41,Gourmet Foods & Coffee,1,34.41
C1232,INV-601823,2025-10-23 00:00:00,65.0,Electronics & Gadgets,1,65.0
C1119,INV-601101,2025-10-23 00:00:00,181.95,Apparel & Designer Wear,1,181.95
C1143,INV-601283,2025-10-23 00:00:00,313.02,Gourmet Foods & Coffee,9,34.78
C1182,INV-601578,2025-10-23 00:00:00,150.15,Beauty & Wellness,3,50.05
C1150,INV-601344,2025-10-24 00:00:00,108.65,Electronics & Gadgets,1,108.65
C1150,INV-601344,2025-10-24 00:00:00,109.1,Electronics & Gadgets,1,109.1
C1052,INV-600510,2025-10-24 00:00:00,174.02,Home & Smart Living,1,174.02
C1052,INV-600510,2025-10-24 00:00:00,212.49,Electronics & Gadgets,1,212.49
C1019,INV-600180,2025-10-24 00:00:00,136.02,Apparel & Designer Wear,1,136.02
C1019,INV-600180,2025-10-24 00:00:00,155.13,Apparel & Designer Wear,1,155.13
C1019,INV-600180,2025-10-24 00:00:00,135.44,Beauty & Wellness,2,67.72
C1168,INV-601476,2025-10-24 00:00:00,110.56,Sports & Outdoors,1,110.56
C1029,INV-600278,2025-10-24 00:00:00,112.82,Beauty & Wellness,2,56.41
C1168,INV-601476,2025-10-24 00:00:00,108.4,Gourmet Foods & Coffee,4,27.1
C1029,INV-600278,2025-10-24 00:00:00,71.22,Sports & Outdoors,1,71.22
C1029,INV-600278,2025-10-24 00:00:00,80.22,Sports & Outdoors,1,80.22
C1063,INV-600620,2025-10-25 00:00:00,105.65,Sports & Outdoors,1,105.65
C1146,INV-601311,2025-10-25 00:00:00,68.58,Electronics & Gadgets,1,68.58
C1135,INV-601222,2025-10-25 00:00:00,85.6,Sports & Outdoors,2,42.8
C1135,INV-601222,2025-10-25 00:00:00,103.4,Gourmet Foods & Coffee,2,51.7
C1091,INV-600898,2025-10-25 00:00:00,91.2,Gourmet Foods & Coffee,5,18.24
C1091,INV-600898,2025-10-25 00:00:00,126.12,Electronics & Gadgets,1,126.12
C1042,INV-600410,2025-10-25 00:00:00,422.3,Apparel & Designer Wear,5,84.46
C1146,INV-601311,2025-10-25 00:00:00,113.52,Gourmet Foods & Coffee,2,56.76
C1135,INV-601222,2025-10-25 00:00:00,104.31,Beauty & Wellness,1,104.31
C1377,INV-602086,2025-10-25 00:00:00,89.68,Home & Smart Living,1,89.68
C1063,INV-600620,2025-10-25 00:00:00,103.5,Sports & Outdoors,1,103.5
C1063,INV-600620,2025-10-25 00:00:00,90.97,Sports & Outdoors,1,90.97
C1130,INV-601185,2025-10-25 00:00:00,112.78,Electronics & Gadgets,1,112.78
C1130,INV-601185,2025-10-25 00:00:00,152.31,Gourmet Foods & Coffee,3,50.77
C1377,INV-602086,2025-10-25 00:00:00,65.0,Electronics & Gadgets,1,65.0
C1377,INV-602086,2025-10-25 00:00:00,49.98,Gourmet Foods & Coffee,2,24.99
C1246,INV-601859,2025-10-26 00:00:00,52.58,Home & Smart Living,1,52.58
C1006,INV-600050,2025-10-26 00:00:00,187.11,Apparel & Designer Wear,3,62.37
C1041,INV-600399,2025-10-26 00:00:00,150.18,Gourmet Foods & Coffee,6,25.03
C1246,INV-601859,2025-10-26 00:00:00,63.59,Gourmet Foods & Coffee,1,63.59
C1041,INV-600399,2025-10-26 00:00:00,147.7,Electronics & Gadgets,1,147.7
C1246,INV-601859,2025-10-26 00:00:00,39.24,Apparel & Designer Wear,1,39.24
C1172,INV-601507,2025-10-26 00:00:00,209.52,Home & Smart Living,2,104.76
C1041,INV-600399,2025-10-26 00:00:00,158.14,Sports & Outdoors,1,158.14
C1137,INV-601235,2025-10-27 00:00:00,48.76,Beauty & Wellness,1,48.76
C1427,INV-602157,2025-10-27 00:00:00,65.0,Electronics & Gadgets,1,65.0
C1137,INV-601235,2025-10-27 00:00:00,65.0,Electronics & Gadgets,1,65.0
C1415,INV-602136,2025-10-27 00:00:00,89.15,Apparel & Designer Wear,1,89.15
C1109,INV-601025,2025-10-27 00:00:00,88.54,Apparel & Designer Wear,2,44.27
C1109,INV-601025,2025-10-27 00:00:00,71.46,Electronics & Gadgets,1,71.46
C1415,INV-602136,2025-10-27 00:00:00,50.7,Beauty & Wellness,1,50.7
C1415,INV-602136,2025-10-27 00:00:00,83.73,Beauty & Wellness,1,83.73
C1413,INV-602134,2025-10-27 00:00:00,260.11,Electronics & Gadgets,1,260.11
C1384,INV-602095,2025-10-27 00:00:00,65.0,Electronics & Gadgets,1,65.0
C1384,INV-602095,2025-10-27 00:00:00,53.17,Beauty & Wellness,1,53.17
C1259,INV-601896,2025-10-27 00:00:00,162.9,Beauty & Wellness,9,18.1
C1418,INV-602141,2025-10-27 00:00:00,103.52,Home & Smart Living,1,103.52
C1427,INV-602157,2025-10-27 00:00:00,73.14,Sports & Outdoors,1,73.14
C1418,INV-602141,2025-10-27 00:00:00,133.6,Gourmet Foods & Coffee,4,33.4
C1384,INV-602095,2025-10-27 00:00:00,67.02,Sports & Outdoors,1,67.02
C1427,INV-602157,2025-10-27 00:00:00,88.77,Apparel & Designer Wear,1,88.77
C1276,INV-601946,2025-10-27 00:00:00,85.05,Apparel & Designer Wear,1,85.05
C1137,INV-601235,2025-10-27 00:00:00,101.58,Gourmet Foods & Coffee,2,50.79
C1276,INV-601946,2025-10-27 00:00:00,102.06,Sports & Outdoors,1,102.06
C1102,INV-600976,2025-10-28 00:00:00,204.4,Beauty & Wellness,7,29.2
C1248,INV-601864,2025-10-28 00:00:00,97.5,Sports & Outdoors,2,48.75
C1271,INV-601931,2025-10-28 00:00:00,88.47,Beauty & Wellness,1,88.47
C1071,INV-600699,2025-10-28 00:00:00,111.61,Beauty & Wellness,1,111.61
C1047,INV-600458,2025-10-28 00:00:00,270.14,Apparel & Designer Wear,2,135.07
C1071,INV-600699,2025-10-28 00:00:00,78.99,Electronics & Gadgets,1,78.99
C1406,INV-602122,2025-10-28 00:00:00,53.56,Sports & Outdoors,1,53.56
C1271,INV-601931,2025-10-28 00:00:00,65.0,Electronics & Gadgets,1,65.0
C1406,INV-602122,2025-10-28 00:00:00,90.41,Electronics & Gadgets,1,90.41
C1406,INV-602122,2025-10-28 00:00:00,49.9,Home & Smart Living,1,49.9
C1241,INV-601845,2025-10-28 00:00:00,57.22,Home & Smart Living,1,57.22
C1178,INV-601551,2025-10-28 00:00:00,285.0,Apparel & Designer Wear,3,95.0
C1241,INV-601845,2025-10-28 00:00:00,59.83,Home & Smart Living,1,59.83
C1071,INV-600699,2025-10-28 00:00:00,137.37,Home & Smart Living,1,137.37
C1147,INV-601319,2025-10-28 00:00:00,308.38,Home & Smart Living,2,154.19
C1254,INV-601881,2025-10-29 00:00:00,64.2,Apparel & Designer Wear,1,64.2
C1385,INV-602096,2025-10-29 00:00:00,62.79,Beauty & Wellness,1,62.79
C1254,INV-601881,2025-10-29 00:00:00,35.85,Beauty & Wellness,1,35.85
C1407,INV-602123,2025-10-29 00:00:00,104.99,Electronics & Gadgets,1,104.99
C1385,INV-602096,2025-10-29 00:00:00,86.44,Electronics & Gadgets,1,86.44
C1407,INV-602123,2025-10-29 00:00:00,66.69,Gourmet Foods & Coffee,3,22.23
C1223,INV-601792,2025-10-29 00:00:00,94.47,Apparel & Designer Wear,1,94.47
C1223,INV-601792,2025-10-29 00:00:00,65.0,Electronics & Gadgets,1,65.0
C1385,INV-602096,2025-10-29 00:00:00,50.93,Home & Smart Living,1,50.93
C1250,INV-601868,2025-10-29 00:00:00,106.89,Electronics & Gadgets,1,106.89
C1254,INV-601881,2025-10-29 00:00:00,57.42,Home & Smart Living,1,57.42
C1206,INV-601748,2025-10-29 00:00:00,65.0,Electronics & Gadgets,1,65.0
C1202,INV-601729,2025-10-29 00:00:00,66.53,Apparel & Designer Wear,1,66.53
C1059,INV-600577,2025-10-29 00:00:00,90.82,Apparel & Designer Wear,1,90.82
C1059,INV-600577,2025-10-29 00:00:00,221.51,Sports & Outdoors,1,221.51
C1202,INV-601729,2025-10-29 00:00:00,46.22,Apparel & Designer Wear,1,46.22
C1039,INV-600377,2025-10-29 00:00:00,247.86,Sports & Outdoors,1,247.86
C1202,INV-601729,2025-10-29 00:00:00,66.98,Gourmet Foods & Coffee,2,33.49
C1206,INV-601748,2025-10-29 00:00:00,71.34,Apparel & Designer Wear,1,71.34
C1142,INV-601277,2025-10-30 00:00:00,318.96,Home & Smart Living,4,79.74
C1263,INV-601910,2025-10-30 00:00:00,63.53,Apparel & Designer Wear,1,63.53
C1263,INV-601910,2025-10-30 00:00:00,119.24,Sports & Outdoors,2,59.62
C1230,INV-601814,2025-10-30 00:00:00,177.41,Apparel & Designer Wear,1,177.41
C1086,INV-600849,2025-10-30 00:00:00,191.56,Beauty & Wellness,2,95.78
C1086,INV-600849,2025-10-30 00:00:00,93.38,Apparel & Designer Wear,1,93.38
C1036,INV-600350,2025-10-30 00:00:00,127.07,Home & Smart Living,1,127.07
C1199,INV-601711,2025-10-30 00:00:00,71.28,Home & Smart Living,1,71.28
C1036,INV-600350,2025-10-30 00:00:00,92.6,Home & Smart Living,1,92.6
C1036,INV-600350,2025-10-30 00:00:00,139.95,Electronics & Gadgets,1,139.95
C1199,INV-601711,2025-10-30 00:00:00,76.85,Sports & Outdoors,1,76.85
C1153,INV-601364,2025-10-30 00:00:00,67.98,Beauty & Wellness,1,67.98
C1066,INV-600649,2025-10-30 00:00:00,376.72,Apparel & Designer Wear,2,188.36
C1252,INV-601873,2025-10-30 00:00:00,98.67,Apparel & Designer Wear,1,98.67
C1153,INV-601364,2025-10-30 00:00:00,121.24,Beauty & Wellness,2,60.62
C1272,INV-601933,2025-10-30 00:00:00,81.86,Gourmet Foods & Coffee,1,81.86
C1252,INV-601873,2025-10-30 00:00:00,116.41,Sports & Outdoors,1,116.41
C1272,INV-601933,2025-10-30 00:00:00,85.59,Electronics & Gadgets,1,85.59
C1392,INV-602104,2025-10-31 00:00:00,100.67,Electronics & Gadgets,1,100.67
C1381,INV-602091,2025-10-31 00:00:00,104.48,Electronics & Gadgets,1,104.48
C1222,INV-601788,2025-10-31 00:00:00,79.54,Beauty & Wellness,1,79.54
C1016,INV-600151,2025-10-31 00:00:00,255.21,Sports & Outdoors,3,85.07
C1222,INV-601788,2025-10-31 00:00:00,115.64,Apparel & Designer Wear,1,115.64
C1392,INV-602104,2025-10-31 00:00:00,117.46,Gourmet Foods & Coffee,2,58.73
C1207,INV-601752,2025-10-31 00:00:00,183.12,Gourmet Foods & Coffee,7,26.16
C1288,INV-601982,2025-10-31 00:00:00,213.63,Beauty & Wellness,3,71.21
C1163,INV-601436,2025-10-31 00:00:00,102.12,Sports & Outdoors,1,102.12
C1163,INV-601436,2025-10-31 00:00:00,44.99,Home & Smart Living,1,44.99
C1090,INV-600889,2025-10-31 00:00:00,383.44,Beauty & Wellness,4,95.86
C1068,INV-600669,2025-10-31 00:00:00,86.26,Beauty & Wellness,2,43.13
C1163,INV-601436,2025-10-31 00:00:00,44.53,Home & Smart Living,1,44.53
C1068,INV-600669,2025-10-31 00:00:00,108.1,Apparel & Designer Wear,2,54.05
C1044,INV-600429,2025-10-31 00:00:00,438.2,Sports & Outdoors,1,438.2
C1068,INV-600669,2025-10-31 00:00:00,137.4,Beauty & Wellness,5,27.48
C1140,INV-601257,2025-10-31 00:00:00,299.67,Beauty & Wellness,7,42.81
C1381,INV-602091,2025-10-31 00:00:00,138.19,Sports & Outdoors,1,138.19
C1229,INV-601810,2025-11-01 00:00:00,98.93,Home & Smart Living,1,98.93
C1260,INV-601898,2025-11-01 00:00:00,114.66,Electronics & Gadgets,1,114.66
C1209,INV-601755,2025-11-01 00:00:00,71.18,Electronics & Gadgets,1,71.18
C1061,INV-600598,2025-11-01 00:00:00,466.73,Gourmet Foods & Coffee,11,42.43
C1209,INV-601755,2025-11-01 00:00:00,57.55,Sports & Outdoors,1,57.55
C1120,INV-601107,2025-11-01 00:00:00,129.8,Electronics & Gadgets,1,129.8
C1113,INV-601055,2025-11-01 00:00:00,101.11,Electronics & Gadgets,1,101.11
C1100,INV-600960,2025-11-01 00:00:00,290.46,Electronics & Gadgets,2,145.23
C1120,INV-601107,2025-11-01 00:00:00,113.78,Gourmet Foods & Coffee,2,56.89
C1229,INV-601810,2025-11-01 00:00:00,98.04,Beauty & Wellness,3,32.68
C1113,INV-601055,2025-11-01 00:00:00,78.6,Beauty & Wellness,3,26.2
C1113,INV-601055,2025-11-01 00:00:00,69.24,Sports & Outdoors,1,69.24
C1154,INV-601371,2025-11-02 00:00:00,125.95,Apparel & Designer Wear,1,125.95
C1278,INV-601953,2025-11-02 00:00:00,38.34,Beauty & Wellness,1,38.34
C1154,INV-601371,2025-11-02 00:00:00,131.14,Home & Smart Living,1,131.14
C1204,INV-601743,2025-11-02 00:00:00,65.0,Electronics & Gadgets,1,65.0
C1204,INV-601743,2025-11-02 00:00:00,68.73,Electronics & Gadgets,1,68.73
C1278,INV-601953,2025-11-02 00:00:00,70.24,Apparel & Designer Wear,1,70.24
C1278,INV-601953,2025-11-02 00:00:00,79.74,Sports & Outdoors,1,79.74
C1218,INV-601778,2025-11-02 00:00:00,137.7,Gourmet Foods & Coffee,3,45.9
C1117,INV-601085,2025-11-02 00:00:00,101.78,Home & Smart Living,2,50.89
C1292,INV-601993,2025-11-02 00:00:00,112.17,Apparel & Designer Wear,1,112.17
C1117,INV-601085,2025-11-02 00:00:00,74.19,Sports & Outdoors,1,74.19
C1117,INV-601085,2025-11-02 00:00:00,65.0,Electronics & Gadgets,1,65.0
C1371,INV-602076,2025-11-02 00:00:00,68.94,Apparel & Designer Wear,2,34.47
C1204,INV-601743,2025-11-02 00:00:00,65.61,Electronics & Gadgets,1,65.61
C1371,INV-602076,2025-11-02 00:00:00,91.0,Gourmet Foods & Coffee,2,45.5
C1080,INV-600788,2025-11-03 00:00:00,93.34,Home & Smart Living,1,93.34
C1144,INV-601293,2025-11-03 00:00:00,157.54,Home & Smart Living,2,78.77
C1080,INV-600788,2025-11-03 00:00:00,60.33,Apparel & Designer Wear,1,60.33
C1279,INV-601957,2025-11-03 00:00:00,65.0,Electronics & Gadgets,1,65.0
C1279,INV-601957,2025-11-03 00:00:00,114.2,Gourmet Foods & Coffee,4,28.55
C1233,INV-601825,2025-11-03 00:00:00,115.58,Sports & Outdoors,1,115.58
C1080,INV-600788,2025-11-03 00:00:00,72.12,Beauty & Wellness,1,72.12
C1283,INV-601967,2025-11-03 00:00:00,81.2,Gourmet Foods & Coffee,5,16.24
C1283,INV-601967,2025-11-03 00:00:00,113.64,Beauty & Wellness,3,37.88
C1231,INV-601818,2025-11-03 00:00:00,65.0,Electronics & Gadgets,1,65.0
C1231,INV-601818,2025-11-03 00:00:00,65.0,Electronics & Gadgets,1,65.0
C1376,INV-602084,2025-11-03 00:00:00,233.65,Home & Smart Living,5,46.73
C1162,INV-601431,2025-11-03 00:00:00,191.91,Electronics & Gadgets,1,191.91
C1231,INV-601818,2025-11-03 00:00:00,73.91,Apparel & Designer Wear,1,73.91
C1391,INV-602103,2025-11-04 00:00:00,177.36,Gourmet Foods & Coffee,3,59.12
C1275,INV-601941,2025-11-04 00:00:00,101.89,Home & Smart Living,1,101.89
C1112,INV-601046,2025-11-04 00:00:00,255.55,Gourmet Foods & Coffee,5,51.11
C1203,INV-601738,2025-11-04 00:00:00,58.71,Home & Smart Living,1,58.71
C1203,INV-601738,2025-11-04 00:00:00,71.05,Sports & Outdoors,1,71.05
C1111,INV-601041,2025-11-04 00:00:00,65.0,Electronics & Gadgets,1,65.0
C1255,INV-601884,2025-11-04 00:00:00,65.0,Electronics & Gadgets,1,65.0
C1032,INV-600310,2025-11-04 00:00:00,337.32,Electronics & Gadgets,2,168.66
C1290,INV-601987,2025-11-04 00:00:00,65.93,Apparel & Designer Wear,1,65.93
C1290,INV-601987,2025-11-04 00:00:00,76.49,Electronics & Gadgets,1,76.49
C1290,INV-601987,2025-11-04 00:00:00,57.61,Gourmet Foods & Coffee,1,57.61
C1255,INV-601884,2025-11-04 00:00:00,77.52,Gourmet Foods & Coffee,3,25.84
C1111,INV-601041,2025-11-04 00:00:00,105.34,Apparel & Designer Wear,1,105.34
C1213,INV-601766,2025-11-04 00:00:00,120.55,Gourmet Foods & Coffee,5,24.11
C1255,INV-601884,2025-11-04 00:00:00,45.14,Beauty & Wellness,1,45.14
C1111,INV-601041,2025-11-04 00:00:00,60.21,Gourmet Foods & Coffee,1,60.21
C1203,INV-601738,2025-11-04 00:00:00,51.89,Sports & Outdoors,1,51.89
C1422,INV-602148,2025-11-05 00:00:00,125.22,Beauty & Wellness,1,125.22
C1180,INV-601565,2025-11-05 00:00:00,106.68,Apparel & Designer Wear,2,53.34
C1195,INV-601679,2025-11-05 00:00:00,223.72,Apparel & Designer Wear,4,55.93
C1422,INV-602148,2025-11-05 00:00:00,119.75,Electronics & Gadgets,1,119.75
C1180,INV-601565,2025-11-05 00:00:00,103.9,Electronics & Gadgets,1,103.9
C1155,INV-601376,2025-11-05 00:00:00,252.36,Beauty & Wellness,4,63.09
C1002,INV-600009,2025-11-05 00:00:00,421.52,Electronics & Gadgets,2,210.76
C1238,INV-601835,2025-11-06 00:00:00,70.56,Sports & Outdoors,1,70.56
C1242,INV-601848,2025-11-06 00:00:00,42.0,Sports & Outdoors,1,42.0
C1238,INV-601835,2025-11-06 00:00:00,59.58,Gourmet Foods & Coffee,3,19.86
C1242,INV-601848,2025-11-06 00:00:00,65.0,Electronics & Gadgets,1,65.0
C1242,INV-601848,2025-11-06 00:00:00,49.78,Home & Smart Living,1,49.78
C1269,INV-601926,2025-11-06 00:00:00,65.0,Electronics & Gadgets,1,65.0
C1269,INV-601926,2025-11-06 00:00:00,65.0,Electronics & Gadgets,1,65.0
C1269,INV-601926,2025-11-06 00:00:00,65.0,Electronics & Gadgets,1,65.0
C1126,INV-601156,2025-11-06 00:00:00,130.4,Apparel & Designer Wear,2,65.2
C1072,INV-600708,2025-11-06 00:00:00,181.2,Electronics & Gadgets,1,181.2
C1072,INV-600708,2025-11-06 00:00:00,218.31,Beauty & Wellness,3,72.77
C1056,INV-600549,2025-11-06 00:00:00,66.75,Gourmet Foods & Coffee,3,22.25
C1126,INV-601156,2025-11-06 00:00:00,110.26,Apparel & Designer Wear,2,55.13
C1410,INV-602129,2025-11-06 00:00:00,245.08,Apparel & Designer Wear,4,61.27
C1069,INV-600680,2025-11-06 00:00:00,144.06,Gourmet Foods & Coffee,7,20.58
C1056,INV-600549,2025-11-06 00:00:00,124.45,Beauty & Wellness,5,24.89
C1056,INV-600549,2025-11-06 00:00:00,118.06,Gourmet Foods & Coffee,2,59.03
C1069,INV-600680,2025-11-06 00:00:00,130.7,Gourmet Foods & Coffee,2,65.35
C1001,INV-600001,2025-11-07 00:00:00,331.6,Apparel & Designer Wear,10,33.16
C1096,INV-600937,2025-11-07 00:00:00,112.58,Gourmet Foods & Coffee,2,56.29
C1188,INV-601628,2025-11-07 00:00:00,73.25,Home & Smart Living,1,73.25
C1188,INV-601628,2025-11-07 00:00:00,100.42,Gourmet Foods & Coffee,2,50.21
C1284,INV-601969,2025-11-07 00:00:00,86.09,Sports & Outdoors,1,86.09
C1284,INV-601969,2025-11-07 00:00:00,116.67,Beauty & Wellness,3,38.89
C1188,INV-601628,2025-11-07 00:00:00,92.62,Gourmet Foods & Coffee,2,46.31
C1141,INV-601267,2025-11-07 00:00:00,92.83,Electronics & Gadgets,1,92.83
C1141,INV-601267,2025-11-07 00:00:00,76.16,Electronics & Gadgets,1,76.16
C1141,INV-601267,2025-11-07 00:00:00,45.66,Gourmet Foods & Coffee,2,22.83
C1232,INV-601822,2025-11-07 00:00:00,204.68,Gourmet Foods & Coffee,4,51.17
C1237,INV-601833,2025-11-07 00:00:00,56.48,Apparel & Designer Wear,1,56.48
C1237,INV-601833,2025-11-07 00:00:00,70.36,Home & Smart Living,1,70.36
C1237,INV-601833,2025-11-07 00:00:00,58.27,Home & Smart Living,1,58.27
C1096,INV-600937,2025-11-07 00:00:00,154.71,Apparel & Designer Wear,3,51.57
C1118,INV-601092,2025-11-08 00:00:00,308.64,Home & Smart Living,8,38.58
C1212,INV-601764,2025-11-09 00:00:00,78.34,Electronics & Gadgets,1,78.34
C1022,INV-600211,2025-11-09 00:00:00,135.66,Gourmet Foods & Coffee,6,22.61
C1022,INV-600211,2025-11-09 00:00:00,114.6,Home & Smart Living,1,114.6
C1022,INV-600211,2025-11-09 00:00:00,143.04,Apparel & Designer Wear,1,143.04
C1104,INV-600992,2025-11-09 00:00:00,109.84,Sports & Outdoors,1,109.84
C1104,INV-600992,2025-11-09 00:00:00,132.83,Apparel & Designer Wear,1,132.83
C1131,INV-601193,2025-11-09 00:00:00,78.2,Sports & Outdoors,1,78.2
C1131,INV-601193,2025-11-09 00:00:00,86.25,Home & Smart Living,1,86.25
C1131,INV-601193,2025-11-09 00:00:00,100.56,Gourmet Foods & Coffee,4,25.14
C1212,INV-601764,2025-11-09 00:00:00,66.96,Home & Smart Living,1,66.96
C1165,INV-601452,2025-11-09 00:00:00,83.33,Beauty & Wellness,1,83.33
C1212,INV-601764,2025-11-09 00:00:00,78.2,Home & Smart Living,2,39.1
C1194,INV-601671,2025-11-09 00:00:00,293.52,Beauty & Wellness,3,97.84
C1165,INV-601452,2025-11-09 00:00:00,65.0,Electronics & Gadgets,1,65.0
C1165,INV-601452,2025-11-09 00:00:00,42.39,Apparel & Designer Wear,1,42.39
C1101,INV-600968,2025-11-10 00:00:00,77.91,Gourmet Foods & Coffee,3,25.97
C1224,INV-601796,2025-11-10 00:00:00,65.0,Electronics & Gadgets,1,65.0
C1224,INV-601796,2025-11-10 00:00:00,65.0,Electronics & Gadgets,1,65.0
C1176,INV-601537,2025-11-10 00:00:00,82.99,Sports & Outdoors,1,82.99
C1176,INV-601537,2025-11-10 00:00:00,91.47,Sports & Outdoors,1,91.47
C1176,INV-601537,2025-11-10 00:00:00,104.44,Home & Smart Living,1,104.44
C1101,INV-600968,2025-11-10 00:00:00,79.04,Home & Smart Living,1,79.04
C1262,INV-601906,2025-11-10 00:00:00,68.96,Apparel & Designer Wear,1,68.96
C1101,INV-600968,2025-11-10 00:00:00,65.0,Electronics & Gadgets,1,65.0
C1262,INV-601906,2025-11-10 00:00:00,84.79,Sports & Outdoors,1,84.79
C1196,INV-601688,2025-11-10 00:00:00,148.7,Home & Smart Living,2,74.35
C1224,INV-601796,2025-11-10 00:00:00,65.0,Electronics & Gadgets,1,65.0
C1196,INV-601688,2025-11-10 00:00:00,85.07,Apparel & Designer Wear,1,85.07
C1075,INV-600738,2025-11-11 00:00:00,211.42,Gourmet Foods & Coffee,11,19.22
C1192,INV-601656,2025-11-11 00:00:00,234.55,Home & Smart Living,1,234.55
C1181,INV-601572,2025-11-11 00:00:00,207.31,Apparel & Designer Wear,1,207.31
C1030,INV-600289,2025-11-11 00:00:00,74.01,Electronics & Gadgets,1,74.01
C1030,INV-600289,2025-11-11 00:00:00,83.44,Beauty & Wellness,2,41.72
C1030,INV-600289,2025-11-11 00:00:00,84.47,Electronics & Gadgets,1,84.47
C1095,INV-600932,2025-11-11 00:00:00,223.27,Apparel & Designer Wear,1,223.27
C1007,INV-600060,2025-11-11 00:00:00,381.84,Apparel & Designer Wear,6,63.64
C1028,INV-600268,2025-11-11 00:00:00,164.09,Sports & Outdoors,1,164.09
C1073,INV-600718,2025-11-11 00:00:00,106.49,Electronics & Gadgets,1,106.49
C1073,INV-600718,2025-11-11 00:00:00,144.8,Gourmet Foods & Coffee,2,72.4
C1226,INV-601802,2025-11-11 00:00:00,193.22,Sports & Outdoors,1,193.22
C1028,INV-600268,2025-11-11 00:00:00,158.15,Home & Smart Living,1,158.15
C1073,INV-600718,2025-11-11 00:00:00,157.92,Home & Smart Living,4,39.48
C1075,INV-600738,2025-11-11 00:00:00,212.62,Home & Smart Living,1,212.62
C1247,INV-601861,2025-11-12 00:00:00,41.49,Gourmet Foods & Coffee,1,41.49
C1247,INV-601861,2025-11-12 00:00:00,40.84,Home & Smart Living,1,40.84
C1247,INV-601861,2025-11-12 00:00:00,65.0,Electronics & Gadgets,1,65.0
C1248,INV-601863,2025-11-12 00:00:00,76.04,Apparel & Designer Wear,1,76.04
C1248,INV-601863,2025-11-12 00:00:00,44.27,Sports & Outdoors,1,44.27
C1248,INV-601863,2025-11-12 00:00:00,33.88,Apparel & Designer Wear,1,33.88
C1239,INV-601838,2025-11-12 00:00:00,48.19,Apparel & Designer Wear,1,48.19
C1239,INV-601838,2025-11-12 00:00:00,35.0,Home & Smart Living,1,35.0
C1078,INV-600767,2025-11-12 00:00:00,146.2,Sports & Outdoors,1,146.2
C1239,INV-601838,2025-11-12 00:00:00,69.56,Apparel & Designer Wear,1,69.56
C1078,INV-600767,2025-11-12 00:00:00,83.61,Gourmet Foods & Coffee,3,27.87
C1221,INV-601785,2025-11-12 00:00:00,170.46,Beauty & Wellness,3,56.82
C1078,INV-600767,2025-11-12 00:00:00,96.99,Beauty & Wellness,3,32.33
C1084,INV-600825,2025-11-12 00:00:00,319.1,Beauty & Wellness,10,31.91
C1215,INV-601771,2025-11-13 00:00:00,108.2,Home & Smart Living,1,108.2
C1085,INV-600838,2025-11-13 00:00:00,115.76,Home & Smart Living,1,115.76
C1179,INV-601557,2025-11-13 00:00:00,98.9,Home & Smart Living,1,98.9
C1179,INV-601557,2025-11-13 00:00:00,67.6,Home & Smart Living,1,67.6
C1179,INV-601557,2025-11-13 00:00:00,51.87,Home & Smart Living,1,51.87
C1265,INV-601914,2025-11-13 00:00:00,99.96,Beauty & Wellness,4,24.99
C1085,INV-600838,2025-11-13 00:00:00,175.09,Home & Smart Living,1,175.09
C1215,INV-601771,2025-11-13 00:00:00,64.02,Beauty & Wellness,3,21.34
C1029,INV-600277,2025-11-13 00:00:00,384.09,Apparel & Designer Wear,3,128.03
C1253,INV-601877,2025-11-13 00:00:00,114.35,Home & Smart Living,1,114.35
C1286,INV-601975,2025-11-13 00:00:00,115.32,Home & Smart Living,2,57.66
C1253,INV-601877,2025-11-13 00:00:00,90.16,Electronics & Gadgets,1,90.16
C1054,INV-600529,2025-11-13 00:00:00,469.35,Gourmet Foods & Coffee,15,31.29
C1225,INV-601800,2025-11-13 00:00:00,61.43,Sports & Outdoors,1,61.43
C1225,INV-601800,2025-11-13 00:00:00,64.5,Home & Smart Living,1,64.5
C1225,INV-601800,2025-11-13 00:00:00,65.0,Electronics & Gadgets,1,65.0
C1286,INV-601975,2025-11-13 00:00:00,76.07,Apparel & Designer Wear,1,76.07
C1211,INV-601761,2025-11-13 00:00:00,69.11,Electronics & Gadgets,1,69.11
C1211,INV-601761,2025-11-13 00:00:00,54.0,Beauty & Wellness,3,18.0
C1235,INV-601829,2025-11-14 00:00:00,99.28,Sports & Outdoors,1,99.28
C1268,INV-601924,2025-11-14 00:00:00,211.8,Apparel & Designer Wear,3,70.6
C1171,INV-601497,2025-11-14 00:00:00,65.0,Electronics & Gadgets,1,65.0
C1021,INV-600200,2025-11-14 00:00:00,222.7,Beauty & Wellness,2,111.35
C1171,INV-601497,2025-11-14 00:00:00,84.89,Apparel & Designer Wear,1,84.89
C1021,INV-600200,2025-11-14 00:00:00,231.96,Electronics & Gadgets,2,115.98
C1235,INV-601829,2025-11-14 00:00:00,65.83,Sports & Outdoors,1,65.83
C1171,INV-601497,2025-11-14 00:00:00,72.3,Apparel & Designer Wear,1,72.3
C1057,INV-600558,2025-11-14 00:00:00,104.62,Apparel & Designer Wear,2,52.31
C1040,INV-600388,2025-11-14 00:00:00,100.22,Gourmet Foods & Coffee,2,50.11
C1040,INV-600388,2025-11-14 00:00:00,110.1,Gourmet Foods & Coffee,3,36.7
C1057,INV-600558,2025-11-14 00:00:00,128.42,Sports & Outdoors,1,128.42
C1040,INV-600388,2025-11-14 00:00:00,121.6,Sports & Outdoors,1,121.6
C1057,INV-600558,2025-11-14 00:00:00,144.8,Apparel & Designer Wear,1,144.8
C1071,INV-600698,2025-11-14 00:00:00,167.8,Apparel & Designer Wear,2,83.9
C1220,INV-601783,2025-11-14 00:00:00,65.0,Electronics & Gadgets,1,65.0
C1220,INV-601783,2025-11-14 00:00:00,72.85,Electronics & Gadgets,1,72.85
C1074,INV-600729,2025-11-14 00:00:00,457.1,Home & Smart Living,2,228.55
C1071,INV-600698,2025-11-14 00:00:00,214.1,Beauty & Wellness,10,21.41
C1220,INV-601783,2025-11-14 00:00:00,70.69,Electronics & Gadgets,1,70.69
C1010,INV-600090,2025-11-15 00:00:00,102.55,Home & Smart Living,1,102.55
C1013,INV-600120,2025-11-15 00:00:00,220.44,Home & Smart Living,1,220.44
C1013,INV-600120,2025-11-15 00:00:00,204.43,Sports & Outdoors,1,204.43
C1010,INV-600090,2025-11-15 00:00:00,95.18,Home & Smart Living,1,95.18
C1208,INV-601753,2025-11-15 00:00:00,55.37,Apparel & Designer Wear,1,55.37
C1031,INV-600299,2025-11-15 00:00:00,130.38,Sports & Outdoors,1,130.38
C1012,INV-600109,2025-11-15 00:00:00,139.47,Apparel & Designer Wear,1,139.47
C1031,INV-600299,2025-11-15 00:00:00,106.63,Beauty & Wellness,1,106.63
C1208,INV-601753,2025-11-15 00:00:00,59.99,Apparel & Designer Wear,1,59.99
C1208,INV-601753,2025-11-15 00:00:00,65.32,Beauty & Wellness,1,65.32
C1034,INV-600331,2025-11-15 00:00:00,97.99,Sports & Outdoors,1,97.99
C1034,INV-600331,2025-11-15 00:00:00,154.88,Electronics & Gadgets,1,154.88
C1121,INV-601113,2025-11-15 00:00:00,178.82,Apparel & Designer Wear,2,89.41
C1012,INV-600109,2025-11-15 00:00:00,138.16,Home & Smart Living,2,69.08
C1034,INV-600331,2025-11-15 00:00:00,105.78,Apparel & Designer Wear,2,52.89
C1010,INV-600090,2025-11-15 00:00:00,85.14,Home & Smart Living,1,85.14
C1031,INV-600299,2025-11-15 00:00:00,115.21,Apparel & Designer Wear,1,115.21
C1173,INV-601517,2025-11-15 00:00:00,97.29,Sports & Outdoors,1,97.29
C1280,INV-601958,2025-11-15 00:00:00,71.61,Home & Smart Living,1,71.61
C1280,INV-601958,2025-11-15 00:00:00,110.4,Gourmet Foods & Coffee,6,18.4
C1178,INV-601550,2025-11-15 00:00:00,102.7,Electronics & Gadgets,1,102.7
C1178,INV-601550,2025-11-15 00:00:00,88.14,Sports & Outdoors,1,88.14
C1191,INV-601649,2025-11-15 00:00:00,139.75,Apparel & Designer Wear,1,139.75
C1043,INV-600419,2025-11-15 00:00:00,84.91,Sports & Outdoors,1,84.91
C1043,INV-600419,2025-11-15 00:00:00,101.92,Apparel & Designer Wear,1,101.92
C1043,INV-600419,2025-11-15 00:00:00,66.1,Beauty & Wellness,2,33.05
C1267,INV-601922,2025-11-15 00:00:00,98.78,Beauty & Wellness,1,98.78
C1178,INV-601550,2025-11-15 00:00:00,99.85,Home & Smart Living,1,99.85
C1191,INV-601649,2025-11-15 00:00:00,92.57,Beauty & Wellness,1,92.57
C1173,INV-601517,2025-11-15 00:00:00,79.22,Gourmet Foods & Coffee,2,39.61
C1173,INV-601517,2025-11-15 00:00:00,80.32,Sports & Outdoors,1,80.32
C1274,INV-601939,2025-11-15 00:00:00,57.64,Apparel & Designer Wear,1,57.64
C1267,INV-601922,2025-11-15 00:00:00,85.32,Beauty & Wellness,3,28.44
C1274,INV-601939,2025-11-15 00:00:00,113.37,Home & Smart Living,1,113.37
C1287,INV-601978,2025-11-16 00:00:00,65.0,Electronics & Gadgets,1,65.0
C1017,INV-600159,2025-11-16 00:00:00,125.1,Gourmet Foods & Coffee,2,62.55
C1017,INV-600159,2025-11-16 00:00:00,146.56,Gourmet Foods & Coffee,4,36.64
C1287,INV-601978,2025-11-16 00:00:00,45.64,Gourmet Foods & Coffee,1,45.64
C1122,INV-601122,2025-11-16 00:00:00,44.4,Apparel & Designer Wear,1,44.4
C1245,INV-601855,2025-11-16 00:00:00,49.79,Gourmet Foods & Coffee,1,49.79
C1245,INV-601855,2025-11-16 00:00:00,54.61,Home & Smart Living,1,54.61
C1042,INV-600409,2025-11-16 00:00:00,157.79,Apparel & Designer Wear,1,157.79
C1055,INV-600538,2025-11-16 00:00:00,449.5,Home & Smart Living,5,89.9
C1166,INV-601459,2025-11-16 00:00:00,81.04,Electronics & Gadgets,1,81.04
C1166,INV-601459,2025-11-16 00:00:00,59.72,Sports & Outdoors,1,59.72
C1042,INV-600409,2025-11-16 00:00:00,170.39,Electronics & Gadgets,1,170.39
C1166,INV-601459,2025-11-16 00:00:00,45.7,Home & Smart Living,1,45.7
C1122,INV-601122,2025-11-16 00:00:00,40.8,Home & Smart Living,1,40.8
C1245,INV-601855,2025-11-16 00:00:00,50.76,Gourmet Foods & Coffee,3,16.92
C1318,INV-602022,2025-11-16 00:00:00,49.31,Home & Smart Living,1,49.31
C1122,INV-601122,2025-11-16 00:00:00,81.6,Gourmet Foods & Coffee,5,16.32
C1051,INV-600500,2025-11-16 00:00:00,108.31,Apparel & Designer Wear,1,108.31
C1025,INV-600239,2025-11-16 00:00:00,219.22,Home & Smart Living,2,109.61
C1025,INV-600239,2025-11-16 00:00:00,120.6,Beauty & Wellness,2,60.3
C1051,INV-600500,2025-11-16 00:00:00,147.99,Gourmet Foods & Coffee,3,49.33
C1017,INV-600159,2025-11-16 00:00:00,69.92,Beauty & Wellness,1,69.92
C1352,INV-602056,2025-11-16 00:00:00,52.72,Apparel & Designer Wear,1,52.72
C1352,INV-602056,2025-11-16 00:00:00,41.61,Gourmet Foods & Coffee,1,41.61
C1051,INV-600500,2025-11-16 00:00:00,137.92,Beauty & Wellness,2,68.96
C1138,INV-601243,2025-11-16 00:00:00,61.44,Gourmet Foods & Coffee,2,30.72
C1138,INV-601243,2025-11-16 00:00:00,100.56,Home & Smart Living,2,50.28
C1138,INV-601243,2025-11-16 00:00:00,56.82,Apparel & Designer Wear,1,56.82
C1243,INV-601851,2025-11-16 00:00:00,104.22,Gourmet Foods & Coffee,2,52.11
C1243,INV-601851,2025-11-16 00:00:00,85.88,Beauty & Wellness,1,85.88
C1058,INV-600566,2025-11-17 00:00:00,108.15,Electronics & Gadgets,1,108.15
C1058,INV-600566,2025-11-17 00:00:00,119.08,Apparel & Designer Wear,1,119.08
C1050,INV-600491,2025-11-17 00:00:00,109.77,Electronics & Gadgets,1,109.77
C1050,INV-600491,2025-11-17 00:00:00,143.15,Home & Smart Living,1,143.15
C1058,INV-600566,2025-11-17 00:00:00,62.25,Beauty & Wellness,3,20.75
C1276,INV-601945,2025-11-17 00:00:00,90.2,Apparel & Designer Wear,2,45.1
C1045,INV-600437,2025-11-17 00:00:00,222.28,Beauty & Wellness,4,55.57
C1045,INV-600437,2025-11-17 00:00:00,105.22,Beauty & Wellness,2,52.61
C1077,INV-600757,2025-11-17 00:00:00,372.68,Apparel & Designer Wear,4,93.17
C1276,INV-601945,2025-11-17 00:00:00,112.11,Beauty & Wellness,3,37.37
C1335,INV-602039,2025-11-17 00:00:00,65.0,Electronics & Gadgets,1,65.0
C1335,INV-602039,2025-11-17 00:00:00,42.0,Sports & Outdoors,1,42.0
C1041,INV-600398,2025-11-17 00:00:00,213.9,Home & Smart Living,1,213.9
C1335,INV-602039,2025-11-17 00:00:00,39.36,Beauty & Wellness,2,19.68
C1348,INV-602052,2025-11-17 00:00:00,40.38,Gourmet Foods & Coffee,1,40.38
C1015,INV-600141,2025-11-17 00:00:00,463.89,Electronics & Gadgets,3,154.63
C1236,INV-601831,2025-11-17 00:00:00,231.5,Sports & Outdoors,1,231.5
C1204,INV-601742,2025-11-17 00:00:00,45.24,Gourmet Foods & Coffee,2,22.62
C1039,INV-600376,2025-11-17 00:00:00,208.56,Gourmet Foods & Coffee,8,26.07
C1204,INV-601742,2025-11-17 00:00:00,77.31,Sports & Outdoors,1,77.31
C1246,INV-601858,2025-11-17 00:00:00,55.54,Home & Smart Living,1,55.54
C1246,INV-601858,2025-11-17 00:00:00,67.71,Apparel & Designer Wear,1,67.71
C1246,INV-601858,2025-11-17 00:00:00,46.35,Apparel & Designer Wear,1,46.35
C1050,INV-600491,2025-11-17 00:00:00,121.76,Gourmet Foods & Coffee,4,30.44
C1204,INV-601742,2025-11-17 00:00:00,79.01,Sports & Outdoors,1,79.01
C1041,INV-600398,2025-11-17 00:00:00,152.44,Apparel & Designer Wear,1,152.44
C1303,INV-602007,2025-11-18 00:00:00,42.0,Sports & Outdoors,1,42.0
C1315,INV-602019,2025-11-18 00:00:00,42.0,Sports & Outdoors,1,42.0
C1266,INV-601918,2025-11-18 00:00:00,110.61,Home & Smart Living,1,110.61
C1266,INV-601918,2025-11-18 00:00:00,68.48,Apparel & Designer Wear,1,68.48
C1027,INV-600259,2025-11-18 00:00:00,101.85,Gourmet Foods & Coffee,1,101.85
C1027,INV-600259,2025-11-18 00:00:00,133.56,Apparel & Designer Wear,2,66.78
C1059,INV-600576,2025-11-18 00:00:00,136.59,Beauty & Wellness,1,136.59
C1066,INV-600648,2025-11-18 00:00:00,144.95,Electronics & Gadgets,1,144.95
C1036,INV-600349,2025-11-18 00:00:00,148.31,Sports & Outdoors,1,148.31
C1036,INV-600349,2025-11-18 00:00:00,98.88,Beauty & Wellness,1,98.88
C1036,INV-600349,2025-11-18 00:00:00,87.83,Apparel & Designer Wear,1,87.83
C1066,INV-600648,2025-11-18 00:00:00,183.6,Sports & Outdoors,1,183.6
C1273,INV-601937,2025-11-18 00:00:00,74.92,Home & Smart Living,1,74.92
C1059,INV-600576,2025-11-18 00:00:00,150.78,Gourmet Foods & Coffee,2,75.39
C1037,INV-600357,2025-11-18 00:00:00,109.5,Gourmet Foods & Coffee,2,54.75
C1037,INV-600357,2025-11-18 00:00:00,131.02,Beauty & Wellness,2,65.51
C1273,INV-601937,2025-11-18 00:00:00,42.2,Sports & Outdoors,1,42.2
C1273,INV-601937,2025-11-18 00:00:00,78.03,Beauty & Wellness,1,78.03
C1037,INV-600357,2025-11-18 00:00:00,68.26,Apparel & Designer Wear,2,34.13
C1047,INV-600457,2025-11-18 00:00:00,91.09,Home & Smart Living,1,91.09
C1047,INV-600457,2025-11-18 00:00:00,149.72,Home & Smart Living,4,37.43
C1090,INV-600888,2025-11-18 00:00:00,74.74,Home & Smart Living,1,74.74
C1047,INV-600457,2025-11-18 00:00:00,64.93,Apparel & Designer Wear,1,64.93
C1315,INV-602019,2025-11-18 00:00:00,42.0,Sports & Outdoors,1,42.0
C1296,INV-602000,2025-11-18 00:00:00,65.0,Electronics & Gadgets,1,65.0
C1296,INV-602000,2025-11-18 00:00:00,28.0,Apparel & Designer Wear,1,28.0
C1296,INV-602000,2025-11-18 00:00:00,14.0,Gourmet Foods & Coffee,1,14.0
C1315,INV-602019,2025-11-18 00:00:00,35.0,Home & Smart Living,1,35.0
C1068,INV-600668,2025-11-18 00:00:00,68.25,Home & Smart Living,1,68.25
C1068,INV-600668,2025-11-18 00:00:00,138.64,Home & Smart Living,2,69.32
C1358,INV-602062,2025-11-18 00:00:00,42.0,Sports & Outdoors,1,42.0
C1303,INV-602007,2025-11-18 00:00:00,35.0,Home & Smart Living,1,35.0
C1068,INV-600668,2025-11-18 00:00:00,110.47,Sports & Outdoors,1,110.47
C1282,INV-601964,2025-11-18 00:00:00,103.98,Apparel & Designer Wear,1,103.98
C1303,INV-602007,2025-11-18 00:00:00,65.0,Electronics & Gadgets,1,65.0
C1076,INV-600748,2025-11-18 00:00:00,128.55,Electronics & Gadgets,1,128.55
C1076,INV-600748,2025-11-18 00:00:00,92.74,Beauty & Wellness,1,92.74
C1059,INV-600576,2025-11-18 00:00:00,69.77,Sports & Outdoors,1,69.77
C1358,INV-602062,2025-11-18 00:00:00,14.2,Gourmet Foods & Coffee,1,14.2
C1090,INV-600888,2025-11-18 00:00:00,154.2,Gourmet Foods & Coffee,10,15.42
C1090,INV-600888,2025-11-18 00:00:00,85.07,Electronics & Gadgets,1,85.07
C1305,INV-602009,2025-11-18 00:00:00,51.16,Apparel & Designer Wear,1,51.16
C1358,INV-602062,2025-11-18 00:00:00,18.0,Beauty & Wellness,1,18.0
C1076,INV-600748,2025-11-18 00:00:00,69.05,Electronics & Gadgets,1,69.05
C1019,INV-600179,2025-11-19 00:00:00,210.84,Apparel & Designer Wear,3,70.28
C1048,INV-600468,2025-11-19 00:00:00,160.0,Apparel & Designer Wear,1,160.0
C1311,INV-602015,2025-11-19 00:00:00,65.0,Electronics & Gadgets,1,65.0
C1330,INV-602034,2025-11-19 00:00:00,33.46,Beauty & Wellness,1,33.46
C1330,INV-602034,2025-11-19 00:00:00,35.0,Home & Smart Living,1,35.0
C1277,INV-601949,2025-11-19 00:00:00,103.74,Sports & Outdoors,1,103.74
C1324,INV-602028,2025-11-19 00:00:00,39.95,Apparel & Designer Wear,1,39.95
C1324,INV-602028,2025-11-19 00:00:00,18.72,Gourmet Foods & Coffee,1,18.72
C1324,INV-602028,2025-11-19 00:00:00,34.74,Apparel & Designer Wear,1,34.74
C1244,INV-601853,2025-11-19 00:00:00,192.48,Gourmet Foods & Coffee,12,16.04
C1319,INV-602023,2025-11-19 00:00:00,26.11,Gourmet Foods & Coffee,1,26.11
C1319,INV-602023,2025-11-19 00:00:00,28.0,Apparel & Designer Wear,1,28.0
C1319,INV-602023,2025-11-19 00:00:00,65.0,Electronics & Gadgets,1,65.0
C1311,INV-602015,2025-11-19 00:00:00,29.43,Apparel & Designer Wear,1,29.43
C1306,INV-602010,2025-11-19 00:00:00,35.0,Home & Smart Living,1,35.0
C1306,INV-602010,2025-11-19 00:00:00,27.46,Beauty & Wellness,1,27.46
C1306,INV-602010,2025-11-19 00:00:00,35.31,Apparel & Designer Wear,1,35.31
C1277,INV-601949,2025-11-19 00:00:00,58.14,Beauty & Wellness,2,29.07
C1337,INV-602041,2025-11-19 00:00:00,29.48,Apparel & Designer Wear,1,29.48
C1337,INV-602041,2025-11-19 00:00:00,42.0,Sports & Outdoors,1,42.0
C1330,INV-602034,2025-11-19 00:00:00,35.0,Home & Smart Living,1,35.0
C1366,INV-602070,2025-11-19 00:00:00,28.0,Apparel & Designer Wear,1,28.0
C1083,INV-600816,2025-11-19 00:00:00,119.13,Gourmet Foods & Coffee,3,39.71
C1083,INV-600816,2025-11-19 00:00:00,120.34,Home & Smart Living,2,60.17
C1366,INV-602070,2025-11-19 00:00:00,42.0,Sports & Outdoors,1,42.0
C1366,INV-602070,2025-11-19 00:00:00,28.0,Apparel & Designer Wear,1,28.0
C1337,INV-602041,2025-11-19 00:00:00,25.04,Beauty & Wellness,1,25.04
C1361,INV-602065,2025-11-19 00:00:00,33.29,Gourmet Foods & Coffee,1,33.29
C1361,INV-602065,2025-11-19 00:00:00,65.0,Electronics & Gadgets,1,65.0
C1048,INV-600468,2025-11-19 00:00:00,149.58,Sports & Outdoors,2,74.79
C1067,INV-600658,2025-11-19 00:00:00,179.36,Home & Smart Living,1,179.36
C1067,INV-600658,2025-11-19 00:00:00,90.04,Beauty & Wellness,4,22.51
C1326,INV-602030,2025-11-20 00:00:00,65.0,Electronics & Gadgets,1,65.0
C1346,INV-602050,2025-11-20 00:00:00,32.56,Apparel & Designer Wear,1,32.56
C1283,INV-601966,2025-11-20 00:00:00,50.88,Apparel & Designer Wear,1,50.88
C1283,INV-601966,2025-11-20 00:00:00,51.35,Apparel & Designer Wear,1,51.35
C1283,INV-601966,2025-11-20 00:00:00,30.03,Apparel & Designer Wear,1,30.03
C1063,INV-600619,2025-11-20 00:00:00,235.44,Apparel & Designer Wear,2,117.72
C1079,INV-600777,2025-11-20 00:00:00,182.5,Gourmet Foods & Coffee,10,18.25
C1070,INV-600687,2025-11-20 00:00:00,90.9,Apparel & Designer Wear,1,90.9
C1308,INV-602012,2025-11-20 00:00:00,53.09,Gourmet Foods & Coffee,1,53.09
C1308,INV-602012,2025-11-20 00:00:00,21.12,Beauty & Wellness,1,21.12
C1070,INV-600687,2025-11-20 00:00:00,80.68,Apparel & Designer Wear,2,40.34
C1326,INV-602030,2025-11-20 00:00:00,65.0,Electronics & Gadgets,1,65.0
C1063,INV-600619,2025-11-20 00:00:00,230.23,Sports & Outdoors,1,230.23
C1346,INV-602050,2025-11-20 00:00:00,35.11,Apparel & Designer Wear,1,35.11
C1320,INV-602024,2025-11-20 00:00:00,33.66,Gourmet Foods & Coffee,1,33.66
C1320,INV-602024,2025-11-20 00:00:00,42.0,Sports & Outdoors,1,42.0
C1320,INV-602024,2025-11-20 00:00:00,42.0,Sports & Outdoors,1,42.0
C1365,INV-602069,2025-11-20 00:00:00,64.35,Beauty & Wellness,1,64.35
C1326,INV-602030,2025-11-20 00:00:00,32.19,Apparel & Designer Wear,1,32.19
C1325,INV-602029,2025-11-20 00:00:00,58.51,Apparel & Designer Wear,1,58.51
C1070,INV-600687,2025-11-20 00:00:00,128.4,Sports & Outdoors,1,128.4
C1346,INV-602050,2025-11-20 00:00:00,35.0,Home & Smart Living,1,35.0
C1256,INV-601886,2025-11-20 00:00:00,30.53,Beauty & Wellness,1,30.53
C1258,INV-601892,2025-11-20 00:00:00,65.0,Electronics & Gadgets,1,65.0
C1256,INV-601886,2025-11-20 00:00:00,65.0,Electronics & Gadgets,1,65.0
C1256,INV-601886,2025-11-20 00:00:00,65.0,Electronics & Gadgets,1,65.0
C1228,INV-601806,2025-11-20 00:00:00,112.94,Home & Smart Living,2,56.47
C1228,INV-601806,2025-11-20 00:00:00,112.82,Sports & Outdoors,2,56.41
C1258,INV-601892,2025-11-20 00:00:00,103.56,Gourmet Foods & Coffee,1,103.56
C1210,INV-601758,2025-11-20 00:00:00,98.79,Home & Smart Living,1,98.79
C1217,INV-601776,2025-11-20 00:00:00,65.0,Electronics & Gadgets,1,65.0
C1217,INV-601776,2025-11-20 00:00:00,31.9,Apparel & Designer Wear,1,31.9
C1217,INV-601776,2025-11-20 00:00:00,68.13,Electronics & Gadgets,1,68.13
C1227,INV-601804,2025-11-21 00:00:00,39.86,Gourmet Foods & Coffee,1,39.86
C1227,INV-601804,2025-11-21 00:00:00,63.87,Home & Smart Living,1,63.87
C1011,INV-600101,2025-11-21 00:00:00,392.08,Home & Smart Living,2,196.04
C1062,INV-600608,2025-11-21 00:00:00,143.9,Beauty & Wellness,5,28.78
C1062,INV-600608,2025-11-21 00:00:00,64.77,Sports & Outdoors,1,64.77
C1072,INV-600707,2025-11-21 00:00:00,117.1,Gourmet Foods & Coffee,2,58.55
C1251,INV-601871,2025-11-21 00:00:00,65.0,Electronics & Gadgets,1,65.0
C1251,INV-601871,2025-11-21 00:00:00,65.5,Home & Smart Living,1,65.5
C1313,INV-602017,2025-11-21 00:00:00,35.0,Home & Smart Living,1,35.0
C1313,INV-602017,2025-11-21 00:00:00,65.0,Electronics & Gadgets,1,65.0
C1251,INV-601871,2025-11-21 00:00:00,70.1,Apparel & Designer Wear,2,35.05
C1227,INV-601804,2025-11-21 00:00:00,79.64,Electronics & Gadgets,1,79.64
C1062,INV-600608,2025-11-21 00:00:00,66.0,Apparel & Designer Wear,1,66.0
C1072,INV-600707,2025-11-21 00:00:00,90.53,Apparel & Designer Wear,1,90.53
C1261,INV-601902,2025-11-21 00:00:00,188.97,Beauty & Wellness,3,62.99
C1082,INV-600806,2025-11-21 00:00:00,173.66,Electronics & Gadgets,1,173.66
C1082,INV-600806,2025-11-21 00:00:00,236.52,Sports & Outdoors,1,236.52
C1291,INV-601990,2025-11-22 00:00:00,73.41,Sports & Outdoors,1,73.41
C1088,INV-600865,2025-11-22 00:00:00,88.14,Sports & Outdoors,1,88.14
C1020,INV-600189,2025-11-22 00:00:00,93.34,Apparel & Designer Wear,1,93.34
C1020,INV-600189,2025-11-22 00:00:00,151.68,Apparel & Designer Wear,2,75.84
C1020,INV-600189,2025-11-22 00:00:00,129.84,Gourmet Foods & Coffee,3,43.28
C1364,INV-602068,2025-11-22 00:00:00,18.62,Beauty & Wellness,1,18.62
C1291,INV-601990,2025-11-22 00:00:00,51.12,Gourmet Foods & Coffee,2,25.56
C1234,INV-601827,2025-11-22 00:00:00,69.41,Apparel & Designer Wear,1,69.41
C1234,INV-601827,2025-11-22 00:00:00,54.0,Beauty & Wellness,3,18.0
C1033,INV-600320,2025-11-22 00:00:00,117.86,Beauty & Wellness,2,58.93
C1033,INV-600320,2025-11-22 00:00:00,143.37,Apparel & Designer Wear,1,143.37
C1333,INV-602037,2025-11-22 00:00:00,96.31,Home & Smart Living,1,96.31
C1080,INV-600787,2025-11-22 00:00:00,150.46,Home & Smart Living,1,150.46
C1080,INV-600787,2025-11-22 00:00:00,130.76,Sports & Outdoors,1,130.76
C1270,INV-601929,2025-11-22 00:00:00,34.56,Apparel & Designer Wear,1,34.56
C1270,INV-601929,2025-11-22 00:00:00,40.16,Beauty & Wellness,1,40.16
C1270,INV-601929,2025-11-22 00:00:00,45.84,Sports & Outdoors,1,45.84
C1080,INV-600787,2025-11-22 00:00:00,103.61,Beauty & Wellness,1,103.61
C1219,INV-601780,2025-11-22 00:00:00,33.47,Beauty & Wellness,1,33.47
C1219,INV-601780,2025-11-22 00:00:00,62.9,Home & Smart Living,1,62.9
C1219,INV-601780,2025-11-22 00:00:00,65.0,Electronics & Gadgets,1,65.0
C1088,INV-600865,2025-11-22 00:00:00,142.32,Home & Smart Living,4,35.58
C1088,INV-600865,2025-11-22 00:00:00,96.26,Gourmet Foods & Coffee,2,48.13
C1234,INV-601827,2025-11-22 00:00:00,37.47,Gourmet Foods & Coffee,1,37.47
C1364,INV-602068,2025-11-22 00:00:00,37.43,Beauty & Wellness,1,37.43
C1291,INV-601990,2025-11-22 00:00:00,77.71,Apparel & Designer Wear,1,77.71
C1309,INV-602013,2025-11-22 00:00:00,42.0,Sports & Outdoors,1,42.0
C1018,INV-600170,2025-11-22 00:00:00,81.56,Home & Smart Living,1,81.56
C1309,INV-602013,2025-11-22 00:00:00,42.0,Sports & Outdoors,1,42.0
C1295,INV-601999,2025-11-22 00:00:00,108.83,Sports & Outdoors,1,108.83
C1309,INV-602013,2025-11-22 00:00:00,28.0,Apparel & Designer Wear,1,28.0
C1297,INV-602001,2025-11-22 00:00:00,90.76,Sports & Outdoors,2,45.38
C1018,INV-600170,2025-11-22 00:00:00,102.99,Home & Smart Living,1,102.99
C1018,INV-600170,2025-11-22 00:00:00,108.56,Beauty & Wellness,2,54.28
C1002,INV-600008,2025-11-23 00:00:00,173.55,Gourmet Foods & Coffee,3,57.85
C1329,INV-602033,2025-11-23 00:00:00,65.0,Electronics & Gadgets,1,65.0
C1329,INV-602033,2025-11-23 00:00:00,28.0,Apparel & Designer Wear,1,28.0
C1289,INV-601984,2025-11-23 00:00:00,64.46,Apparel & Designer Wear,2,32.23
C1302,INV-602006,2025-11-23 00:00:00,43.61,Gourmet Foods & Coffee,1,43.61
C1289,INV-601984,2025-11-23 00:00:00,63.25,Home & Smart Living,1,63.25
C1302,INV-602006,2025-11-23 00:00:00,51.03,Home & Smart Living,1,51.03
C1087,INV-600857,2025-11-23 00:00:00,258.8,Apparel & Designer Wear,1,258.8
C1347,INV-602051,2025-11-23 00:00:00,35.0,Home & Smart Living,1,35.0
C1347,INV-602051,2025-11-23 00:00:00,65.0,Electronics & Gadgets,1,65.0
C1347,INV-602051,2025-11-23 00:00:00,18.06,Beauty & Wellness,1,18.06
C1285,INV-601973,2025-11-23 00:00:00,65.0,Electronics & Gadgets,1,65.0
C1240,INV-601842,2025-11-23 00:00:00,66.77,Electronics & Gadgets,1,66.77
C1289,INV-601984,2025-11-23 00:00:00,47.94,Beauty & Wellness,1,47.94
C1061,INV-600597,2025-11-23 00:00:00,124.38,Apparel & Designer Wear,1,124.38
C1038,INV-600366,2025-11-23 00:00:00,86.88,Gourmet Foods & Coffee,2,43.44
C1038,INV-600366,2025-11-23 00:00:00,99.28,Gourmet Foods & Coffee,4,24.82
C1254,INV-601880,2025-11-23 00:00:00,230.18,Home & Smart Living,1,230.18
C1002,INV-600008,2025-11-23 00:00:00,130.49,Beauty & Wellness,1,130.49
C1285,INV-601973,2025-11-23 00:00:00,72.22,Apparel & Designer Wear,1,72.22
C1285,INV-601973,2025-11-23 00:00:00,53.22,Apparel & Designer Wear,1,53.22
C1038,INV-600366,2025-11-23 00:00:00,142.85,Home & Smart Living,1,142.85
C1249,INV-601866,2025-11-23 00:00:00,110.76,Gourmet Foods & Coffee,6,18.46
C1249,INV-601866,2025-11-23 00:00:00,93.43,Apparel & Designer Wear,1,93.43
C1240,INV-601842,2025-11-23 00:00:00,65.03,Beauty & Wellness,1,65.03
C1240,INV-601842,2025-11-23 00:00:00,44.12,Sports & Outdoors,1,44.12
C1061,INV-600597,2025-11-23 00:00:00,143.4,Sports & Outdoors,1,143.4
C1064,INV-600630,2025-11-24 00:00:00,159.55,Home & Smart Living,1,159.55
C1064,INV-600630,2025-11-24 00:00:00,207.86,Home & Smart Living,1,207.86
C1056,INV-600548,2025-11-24 00:00:00,74.25,Sports & Outdoors,1,74.25
C1205,INV-601746,2025-11-24 00:00:00,73.6,Beauty & Wellness,1,73.6
C1205,INV-601746,2025-11-24 00:00:00,97.57,Sports & Outdoors,1,97.57
C1056,INV-600548,2025-11-24 00:00:00,143.47,Sports & Outdoors,1,143.47
C1342,INV-602046,2025-11-24 00:00:00,42.52,Gourmet Foods & Coffee,1,42.52
C1016,INV-600150,2025-11-24 00:00:00,92.86,Apparel & Designer Wear,2,46.43
C1044,INV-600428,2025-11-24 00:00:00,116.62,Gourmet Foods & Coffee,2,58.31
C1016,INV-600150,2025-11-24 00:00:00,118.64,Apparel & Designer Wear,1,118.64
C1216,INV-601774,2025-11-24 00:00:00,56.81,Home & Smart Living,1,56.81
C1216,INV-601774,2025-11-24 00:00:00,38.37,Home & Smart Living,1,38.37
C1044,INV-600428,2025-11-24 00:00:00,98.93,Home & Smart Living,1,98.93
C1328,INV-602032,2025-11-24 00:00:00,107.94,Gourmet Foods & Coffee,2,53.97
C1354,INV-602058,2025-11-24 00:00:00,42.0,Sports & Outdoors,1,42.0
C1354,INV-602058,2025-11-24 00:00:00,42.0,Sports & Outdoors,1,42.0
C1342,INV-602046,2025-11-24 00:00:00,28.0,Apparel & Designer Wear,1,28.0
C1216,INV-601774,2025-11-24 00:00:00,65.75,Gourmet Foods & Coffee,1,65.75
C1016,INV-600150,2025-11-24 00:00:00,60.28,Sports & Outdoors,1,60.28
C1349,INV-602053,2025-11-24 00:00:00,37.99,Home & Smart Living,1,37.99
C1056,INV-600548,2025-11-24 00:00:00,127.1,Apparel & Designer Wear,1,127.1
C1310,INV-602014,2025-11-25 00:00:00,65.0,Electronics & Gadgets,1,65.0
C1004,INV-600027,2025-11-25 00:00:00,104.69,Sports & Outdoors,1,104.69
C1310,INV-602014,2025-11-25 00:00:00,52.44,Sports & Outdoors,1,52.44
C1089,INV-600878,2025-11-25 00:00:00,209.6,Gourmet Foods & Coffee,8,26.2
C1257,INV-601888,2025-11-25 00:00:00,82.5,Electronics & Gadgets,1,82.5
C1257,INV-601888,2025-11-25 00:00:00,97.55,Home & Smart Living,1,97.55
C1004,INV-600027,2025-11-25 00:00:00,221.15,Apparel & Designer Wear,5,44.23
C1327,INV-602031,2025-11-25 00:00:00,26.07,Gourmet Foods & Coffee,1,26.07
C1327,INV-602031,2025-11-25 00:00:00,39.55,Gourmet Foods & Coffee,1,39.55
C1069,INV-600679,2025-11-25 00:00:00,208.38,Apparel & Designer Wear,2,104.19
C1367,INV-602071,2025-11-25 00:00:00,66.9,Sports & Outdoors,1,66.9
C1214,INV-601769,2025-11-25 00:00:00,126.93,Sports & Outdoors,1,126.93
C1338,INV-602042,2025-11-25 00:00:00,37.53,Home & Smart Living,1,37.53
C1338,INV-602042,2025-11-25 00:00:00,38.46,Home & Smart Living,1,38.46
C1069,INV-600679,2025-11-25 00:00:00,159.74,Electronics & Gadgets,1,159.74
C1009,INV-600080,2025-11-25 00:00:00,187.7,Sports & Outdoors,1,187.7
C1026,INV-600250,2025-11-26 00:00:00,119.37,Home & Smart Living,1,119.37
C1207,INV-601751,2025-11-26 00:00:00,87.25,Sports & Outdoors,1,87.25
C1264,INV-601912,2025-11-26 00:00:00,53.97,Apparel & Designer Wear,1,53.97
C1207,INV-601751,2025-11-26 00:00:00,67.97,Beauty & Wellness,1,67.97
C1264,INV-601912,2025-11-26 00:00:00,76.54,Gourmet Foods & Coffee,2,38.27
C1279,INV-601956,2025-11-26 00:00:00,81.51,Home & Smart Living,1,81.51
C1279,INV-601956,2025-11-26 00:00:00,72.86,Beauty & Wellness,2,36.43
C1281,INV-601961,2025-11-26 00:00:00,104.89,Home & Smart Living,1,104.89
C1281,INV-601961,2025-11-26 00:00:00,69.49,Sports & Outdoors,1,69.49
C1294,INV-601998,2025-11-26 00:00:00,28.0,Apparel & Designer Wear,1,28.0
C1294,INV-601998,2025-11-26 00:00:00,18.44,Beauty & Wellness,1,18.44
C1294,INV-601998,2025-11-26 00:00:00,65.0,Electronics & Gadgets,1,65.0
C1300,INV-602004,2025-11-26 00:00:00,109.22,Apparel & Designer Wear,1,109.22
C1026,INV-600250,2025-11-26 00:00:00,92.8,Apparel & Designer Wear,1,92.8
C1312,INV-602016,2025-11-26 00:00:00,65.0,Electronics & Gadgets,1,65.0
C1316,INV-602020,2025-11-26 00:00:00,63.33,Gourmet Foods & Coffee,1,63.33
C1312,INV-602016,2025-11-26 00:00:00,47.75,Apparel & Designer Wear,1,47.75
C1322,INV-602026,2025-11-26 00:00:00,107.77,Sports & Outdoors,1,107.77
C1323,INV-602027,2025-11-26 00:00:00,69.47,Electronics & Gadgets,1,69.47
C1264,INV-601912,2025-11-26 00:00:00,71.82,Sports & Outdoors,1,71.82
C1332,INV-602036,2025-11-26 00:00:00,36.12,Apparel & Designer Wear,1,36.12
C1332,INV-602036,2025-11-26 00:00:00,44.92,Apparel & Designer Wear,1,44.92
C1334,INV-602038,2025-11-26 00:00:00,18.0,Beauty & Wellness,1,18.0
C1334,INV-602038,2025-11-26 00:00:00,65.0,Electronics & Gadgets,1,65.0
C1334,INV-602038,2025-11-26 00:00:00,33.14,Apparel & Designer Wear,1,33.14
C1345,INV-602049,2025-11-26 00:00:00,32.33,Gourmet Foods & Coffee,1,32.33
C1345,INV-602049,2025-11-26 00:00:00,41.14,Beauty & Wellness,1,41.14
C1024,INV-600229,2025-11-26 00:00:00,272.79,Electronics & Gadgets,1,272.79
C1321,INV-602025,2025-11-26 00:00:00,117.76,Beauty & Wellness,2,58.88
C1026,INV-600250,2025-11-26 00:00:00,99.3,Apparel & Designer Wear,1,99.3
C1001,INV-600000,2025-11-27 00:00:00,130.0,Electronics & Gadgets,2,65.0
C1001,INV-600000,2025-11-27 00:00:00,127.67,Electronics & Gadgets,1,127.67
C1081,INV-600797,2025-11-27 00:00:00,153.93,Apparel & Designer Wear,1,153.93
C1001,INV-600000,2025-11-27 00:00:00,84.49,Home & Smart Living,1,84.49
C1340,INV-602044,2025-11-27 00:00:00,59.83,Sports & Outdoors,1,59.83
C1314,INV-602018,2025-11-27 00:00:00,65.0,Electronics & Gadgets,1,65.0
C1340,INV-602044,2025-11-27 00:00:00,59.57,Gourmet Foods & Coffee,1,59.57
C1341,INV-602045,2025-11-27 00:00:00,43.23,Home & Smart Living,1,43.23
C1301,INV-602005,2025-11-27 00:00:00,65.0,Electronics & Gadgets,1,65.0
C1301,INV-602005,2025-11-27 00:00:00,28.0,Apparel & Designer Wear,1,28.0
C1351,INV-602055,2025-11-27 00:00:00,39.61,Gourmet Foods & Coffee,1,39.61
C1293,INV-601997,2025-11-27 00:00:00,45.91,Apparel & Designer Wear,1,45.91
C1293,INV-601997,2025-11-27 00:00:00,55.39,Home & Smart Living,1,55.39
C1053,INV-600518,2025-11-27 00:00:00,136.24,Gourmet Foods & Coffee,4,34.06
C1053,INV-600518,2025-11-27 00:00:00,101.87,Beauty & Wellness,1,101.87
C1053,INV-600518,2025-11-27 00:00:00,120.62,Sports & Outdoors,1,120.62
C1336,INV-602040,2025-11-27 00:00:00,61.04,Gourmet Foods & Coffee,1,61.04
C1355,INV-602059,2025-11-27 00:00:00,22.85,Beauty & Wellness,1,22.85
C1351,INV-602055,2025-11-27 00:00:00,40.06,Gourmet Foods & Coffee,1,40.06
C1049,INV-600478,2025-11-27 00:00:00,110.6,Apparel & Designer Wear,2,55.3
C1049,INV-600478,2025-11-27 00:00:00,134.76,Sports & Outdoors,2,67.38
C1355,INV-602059,2025-11-27 00:00:00,42.0,Sports & Outdoors,1,42.0
C1356,INV-602060,2025-11-27 00:00:00,42.0,Sports & Outdoors,1,42.0
C1356,INV-602060,2025-11-27 00:00:00,42.0,Sports & Outdoors,1,42.0
C1081,INV-600797,2025-11-27 00:00:00,209.88,Sports & Outdoors,2,104.94
C1356,INV-602060,2025-11-27 00:00:00,42.0,Sports & Outdoors,1,42.0
C1355,INV-602059,2025-11-27 00:00:00,32.57,Gourmet Foods & Coffee,1,32.57
C1086,INV-600848,2025-11-28 00:00:00,372.4,Sports & Outdoors,2,186.2
C1363,INV-602067,2025-11-28 00:00:00,65.0,Electronics & Gadgets,1,65.0
C1363,INV-602067,2025-11-28 00:00:00,19.8,Beauty & Wellness,1,19.8
C1363,INV-602067,2025-11-28 00:00:00,28.68,Apparel & Designer Wear,1,28.68
C1344,INV-602048,2025-11-28 00:00:00,51.32,Apparel & Designer Wear,1,51.32
C1344,INV-602048,2025-11-28 00:00:00,65.0,Electronics & Gadgets,1,65.0
C1003,INV-600018,2025-11-28 00:00:00,136.58,Sports & Outdoors,2,68.29
C1359,INV-602063,2025-11-28 00:00:00,65.0,Electronics & Gadgets,1,65.0
C1003,INV-600018,2025-11-28 00:00:00,154.7,Beauty & Wellness,5,30.94
C1003,INV-600018,2025-11-28 00:00:00,141.6,Beauty & Wellness,1,141.6
C1357,INV-602061,2025-11-28 00:00:00,76.69,Beauty & Wellness,1,76.69
C1353,INV-602057,2025-11-28 00:00:00,35.0,Home & Smart Living,1,35.0
C1353,INV-602057,2025-11-28 00:00:00,51.43,Gourmet Foods & Coffee,1,51.43
C1359,INV-602063,2025-11-28 00:00:00,65.0,Electronics & Gadgets,1,65.0
C1005,INV-600038,2025-11-28 00:00:00,135.38,Gourmet Foods & Coffee,2,67.69
C1005,INV-600038,2025-11-28 00:00:00,113.66,Home & Smart Living,1,113.66
C1299,INV-602003,2025-11-28 00:00:00,48.94,Gourmet Foods & Coffee,2,24.47
C1035,INV-600340,2025-11-28 00:00:00,379.36,Gourmet Foods & Coffee,16,23.71
C1304,INV-602008,2025-11-28 00:00:00,51.19,Beauty & Wellness,1,51.19
C1304,INV-602008,2025-11-28 00:00:00,32.43,Gourmet Foods & Coffee,1,32.43
C1046,INV-600447,2025-11-29 00:00:00,69.67,Gourmet Foods & Coffee,1,69.67
C1046,INV-600447,2025-11-29 00:00:00,101.4,Sports & Outdoors,1,101.4
C1046,INV-600447,2025-11-29 00:00:00,115.36,Apparel & Designer Wear,1,115.36
C1052,INV-600509,2025-11-29 00:00:00,142.59,Electronics & Gadgets,1,142.59
C1008,INV-600069,2025-11-29 00:00:00,92.93,Gourmet Foods & Coffee,1,92.93
C1008,INV-600069,2025-11-29 00:00:00,225.72,Beauty & Wellness,3,75.24
C1052,INV-600509,2025-11-29 00:00:00,123.75,Sports & Outdoors,1,123.75
C1317,INV-602021,2025-11-29 00:00:00,65.0,Electronics & Gadgets,1,65.0
C1298,INV-602002,2025-11-29 00:00:00,38.49,Apparel & Designer Wear,1,38.49
C1298,INV-602002,2025-11-29 00:00:00,38.05,Apparel & Designer Wear,1,38.05
C1298,INV-602002,2025-11-29 00:00:00,30.29,Apparel & Designer Wear,1,30.29
C1052,INV-600509,2025-11-29 00:00:00,80.69,Sports & Outdoors,1,80.69
C1360,INV-602064,2025-11-29 00:00:00,103.68,Gourmet Foods & Coffee,2,51.84
C1065,INV-600640,2025-11-29 00:00:00,108.87,Electronics & Gadgets,1,108.87
C1065,INV-600640,2025-11-29 00:00:00,113.08,Gourmet Foods & Coffee,2,56.54
C1343,INV-602047,2025-11-29 00:00:00,28.0,Apparel & Designer Wear,1,28.0
C1343,INV-602047,2025-11-29 00:00:00,42.0,Sports & Outdoors,1,42.0
C1006,INV-600049,2025-11-29 00:00:00,424.96,Apparel & Designer Wear,4,106.24
C1317,INV-602021,2025-11-29 00:00:00,65.0,Electronics & Gadgets,1,65.0
C1350,INV-602054,2025-11-29 00:00:00,41.22,Apparel & Designer Wear,1,41.22
C1317,INV-602021,2025-11-29 00:00:00,34.6,Beauty & Wellness,1,34.6
C1331,INV-602035,2025-11-29 00:00:00,54.21,Gourmet Foods & Coffee,1,54.21
C1331,INV-602035,2025-11-29 00:00:00,44.88,Home & Smart Living,1,44.88
C1362,INV-602066,2025-11-30 00:00:00,44.94,Sports & Outdoors,1,44.94
C1023,INV-600220,2025-11-30 00:00:00,98.29,Home & Smart Living,1,98.29
C1362,INV-602066,2025-11-30 00:00:00,35.0,Home & Smart Living,1,35.0
C1023,INV-600220,2025-11-30 00:00:00,83.6,Electronics & Gadgets,1,83.6
C1022,INV-600210,2025-11-30 00:00:00,252.34,Home & Smart Living,1,252.34
C1023,INV-600220,2025-11-30 00:00:00,138.15,Gourmet Foods & Coffee,9,15.35
C1014,INV-600130,2025-11-30 00:00:00,171.99,Gourmet Foods & Coffee,9,19.11
C1032,INV-600309,2025-11-30 00:00:00,113.57,Home & Smart Living,1,113.57
C1032,INV-600309,2025-11-30 00:00:00,141.32,Sports & Outdoors,1,141.32
C1307,INV-602011,2025-11-30 00:00:00,83.53,Electronics & Gadgets,1,83.53
C1339,INV-602043,2025-11-30 00:00:00,111.15,Sports & Outdoors,1,111.15
C1060,INV-600587,2025-11-30 00:00:00,413.91,Home & Smart Living,3,137.97
C1032,INV-600309,2025-11-30 00:00:00,61.19,Beauty & Wellness,1,61.19
C1014,INV-600130,2025-11-30 00:00:00,238.14,Home & Smart Living,2,119.07
