AccountID,BillingID,BillingDate,MRR_Amount,SubscriptionTier,AddonUsageSpend
IND-ACC-2244,GST-INV-801635,2024-12-06,9999.0,Growth Suite Pro,0
IND-ACC-2023,GST-INV-800145,2024-12-10,24999.0,Scale Business Platform,0
IND-ACC-2398,GST-INV-802696,2024-12-15,5499.0,Starter Startup Plan,2500
IND-ACC-2250,GST-INV-801686,2024-12-15,10499.0,Starter Startup Plan,7500
IND-ACC-2223,GST-INV-801504,2024-12-16,10499.0,Starter Startup Plan,7500
IND-ACC-2300,GST-INV-802041,2024-12-17,32499.0,Scale Business Platform,7500
IND-ACC-2306,GST-INV-802097,2024-12-17,12499.0,Growth Suite Pro,2500
IND-ACC-2115,GST-INV-800768,2024-12-19,27999.0,Growth Suite Pro,18000
IND-ACC-2144,GST-INV-800960,2024-12-21,10499.0,Starter Startup Plan,7500
IND-ACC-2108,GST-INV-800714,2024-12-22,9999.0,Growth Suite Pro,0
IND-ACC-2174,GST-INV-801167,2024-12-22,20999.0,Starter Startup Plan,18000
IND-ACC-2343,GST-INV-802336,2024-12-22,42999.0,Scale Business Platform,18000
IND-ACC-2292,GST-INV-801985,2024-12-24,12499.0,Growth Suite Pro,2500
IND-ACC-2124,GST-INV-800833,2024-12-25,10499.0,Starter Startup Plan,7500
IND-ACC-2044,GST-INV-800263,2024-12-25,3999.0,Starter Startup Plan,1000
IND-ACC-2331,GST-INV-802263,2024-12-26,12499.0,Growth Suite Pro,2500
IND-ACC-2369,GST-INV-802501,2024-12-26,12499.0,Growth Suite Pro,2500
IND-ACC-2198,GST-INV-801320,2024-12-28,27999.0,Growth Suite Pro,18000
IND-ACC-2378,GST-INV-802578,2024-12-29,17499.0,Growth Suite Pro,7500
IND-ACC-2247,GST-INV-801670,2024-12-29,42999.0,Scale Business Platform,18000
IND-ACC-2240,GST-INV-801609,2024-12-30,42999.0,Scale Business Platform,18000
IND-ACC-2277,GST-INV-801865,2024-12-30,5499.0,Starter Startup Plan,2500
IND-ACC-2062,GST-INV-800405,2025-01-01,27999.0,Growth Suite Pro,18000
IND-ACC-2245,GST-INV-801647,2025-01-01,27999.0,Growth Suite Pro,18000
IND-ACC-2101,GST-INV-800664,2025-01-02,10999.0,Growth Suite Pro,1000
IND-ACC-2145,GST-INV-800972,2025-01-03,27499.0,Scale Business Platform,2500
IND-ACC-2138,GST-INV-800920,2025-01-04,25999.0,Scale Business Platform,1000
IND-ACC-2244,GST-INV-801634,2025-01-05,9999.0,Growth Suite Pro,0
IND-ACC-2125,GST-INV-800837,2025-01-06,9999.0,Growth Suite Pro,0
IND-ACC-2275,GST-INV-801847,2025-01-07,17499.0,Growth Suite Pro,7500
IND-ACC-2023,GST-INV-800144,2025-01-09,25999.0,Scale Business Platform,1000
IND-ACC-2398,GST-INV-802695,2025-01-14,2999.0,Starter Startup Plan,0
IND-ACC-2250,GST-INV-801685,2025-01-14,3999.0,Starter Startup Plan,1000
IND-ACC-2387,GST-INV-802636,2025-01-14,12499.0,Growth Suite Pro,2500
IND-ACC-2336,GST-INV-802293,2025-01-15,3999.0,Starter Startup Plan,1000
IND-ACC-2155,GST-INV-801036,2025-01-15,2999.0,Starter Startup Plan,0
IND-ACC-2185,GST-INV-801240,2025-01-15,2999.0,Starter Startup Plan,0
IND-ACC-2223,GST-INV-801503,2025-01-15,10499.0,Starter Startup Plan,7500
IND-ACC-2212,GST-INV-801419,2025-01-16,2999.0,Starter Startup Plan,0
IND-ACC-2306,GST-INV-802096,2025-01-16,9999.0,Growth Suite Pro,0
IND-ACC-2137,GST-INV-800908,2025-01-16,9999.0,Growth Suite Pro,0
IND-ACC-2300,GST-INV-802040,2025-01-16,27499.0,Scale Business Platform,2500
IND-ACC-2380,GST-INV-802598,2025-01-17,17499.0,Growth Suite Pro,7500
IND-ACC-2297,GST-INV-802020,2025-01-18,2999.0,Starter Startup Plan,0
IND-ACC-2346,GST-INV-802350,2025-01-18,25999.0,Scale Business Platform,1000
IND-ACC-2115,GST-INV-800767,2025-01-18,10999.0,Growth Suite Pro,1000
IND-ACC-2295,GST-INV-802005,2025-01-19,25999.0,Scale Business Platform,1000
IND-ACC-2256,GST-INV-801722,2025-01-19,32499.0,Scale Business Platform,7500
IND-ACC-2144,GST-INV-800959,2025-01-20,5499.0,Starter Startup Plan,2500
IND-ACC-2108,GST-INV-800713,2025-01-21,17499.0,Growth Suite Pro,7500
IND-ACC-2174,GST-INV-801166,2025-01-21,3999.0,Starter Startup Plan,1000
IND-ACC-2343,GST-INV-802335,2025-01-21,32499.0,Scale Business Platform,7500
IND-ACC-2214,GST-INV-801430,2025-01-22,9999.0,Growth Suite Pro,0
IND-ACC-2211,GST-INV-801408,2025-01-22,3999.0,Starter Startup Plan,1000
IND-ACC-2057,GST-INV-800356,2025-01-22,20999.0,Starter Startup Plan,18000
IND-ACC-2022,GST-INV-800142,2025-01-22,3999.0,Starter Startup Plan,1000
IND-ACC-2084,GST-INV-800558,2025-01-22,10499.0,Starter Startup Plan,7500
IND-ACC-2292,GST-INV-801984,2025-01-23,17499.0,Growth Suite Pro,7500
IND-ACC-2044,GST-INV-800262,2025-01-24,5499.0,Starter Startup Plan,2500
IND-ACC-2124,GST-INV-800832,2025-01-24,10499.0,Starter Startup Plan,7500
IND-ACC-2331,GST-INV-802262,2025-01-25,9999.0,Growth Suite Pro,0
IND-ACC-2375,GST-INV-802554,2025-01-25,27999.0,Growth Suite Pro,18000
IND-ACC-2018,GST-INV-800114,2025-01-25,75999.0,Enterprise Custom Tier,1000
IND-ACC-2369,GST-INV-802500,2025-01-25,12499.0,Growth Suite Pro,2500
IND-ACC-2228,GST-INV-801541,2025-01-25,17499.0,Growth Suite Pro,7500
IND-ACC-2396,GST-INV-802689,2025-01-26,20999.0,Starter Startup Plan,18000
IND-ACC-2116,GST-INV-800779,2025-01-26,3999.0,Starter Startup Plan,1000
IND-ACC-2017,GST-INV-800112,2025-01-27,27499.0,Scale Business Platform,2500
IND-ACC-2198,GST-INV-801319,2025-01-27,17499.0,Growth Suite Pro,7500
IND-ACC-2281,GST-INV-801899,2025-01-27,9999.0,Growth Suite Pro,0
IND-ACC-2307,GST-INV-802108,2025-01-27,27999.0,Growth Suite Pro,18000
IND-ACC-2378,GST-INV-802577,2025-01-28,17499.0,Growth Suite Pro,7500
IND-ACC-2247,GST-INV-801669,2025-01-28,24999.0,Scale Business Platform,0
IND-ACC-2304,GST-INV-802078,2025-01-29,42999.0,Scale Business Platform,18000
IND-ACC-2277,GST-INV-801864,2025-01-29,2999.0,Starter Startup Plan,0
IND-ACC-2240,GST-INV-801608,2025-01-29,42999.0,Scale Business Platform,18000
IND-ACC-2366,GST-INV-802471,2025-01-30,25999.0,Scale Business Platform,1000
IND-ACC-2058,GST-INV-800367,2025-01-30,25999.0,Scale Business Platform,1000
IND-ACC-2320,GST-INV-802197,2025-01-30,12499.0,Growth Suite Pro,2500
IND-ACC-2381,GST-INV-802609,2025-01-31,10999.0,Growth Suite Pro,1000
IND-ACC-2349,GST-INV-802370,2025-01-31,32499.0,Scale Business Platform,7500
IND-ACC-2333,GST-INV-802269,2025-01-31,17499.0,Growth Suite Pro,7500
IND-ACC-2062,GST-INV-800404,2025-01-31,17499.0,Growth Suite Pro,7500
IND-ACC-2245,GST-INV-801646,2025-01-31,9999.0,Growth Suite Pro,0
IND-ACC-2035,GST-INV-800210,2025-02-01,20999.0,Starter Startup Plan,18000
IND-ACC-2101,GST-INV-800663,2025-02-01,27999.0,Growth Suite Pro,18000
IND-ACC-2246,GST-INV-801658,2025-02-01,2999.0,Starter Startup Plan,0
IND-ACC-2027,GST-INV-800169,2025-02-02,27999.0,Growth Suite Pro,18000
IND-ACC-2145,GST-INV-800971,2025-02-02,24999.0,Scale Business Platform,0
IND-ACC-2008,GST-INV-800055,2025-02-02,25999.0,Scale Business Platform,1000
IND-ACC-2205,GST-INV-801370,2025-02-03,25999.0,Scale Business Platform,1000
IND-ACC-2303,GST-INV-802067,2025-02-03,12499.0,Growth Suite Pro,2500
IND-ACC-2204,GST-INV-801367,2025-02-03,10499.0,Starter Startup Plan,7500
IND-ACC-2302,GST-INV-802056,2025-02-03,2999.0,Starter Startup Plan,0
IND-ACC-2138,GST-INV-800919,2025-02-03,42999.0,Scale Business Platform,18000
IND-ACC-2244,GST-INV-801633,2025-02-04,10999.0,Growth Suite Pro,1000
IND-ACC-2125,GST-INV-800836,2025-02-05,27999.0,Growth Suite Pro,18000
IND-ACC-2275,GST-INV-801846,2025-02-06,17499.0,Growth Suite Pro,7500
IND-ACC-2023,GST-INV-800143,2025-02-08,32499.0,Scale Business Platform,7500
IND-ACC-2358,GST-INV-802414,2025-02-09,27999.0,Growth Suite Pro,18000
IND-ACC-2154,GST-INV-801025,2025-02-10,10499.0,Starter Startup Plan,7500
IND-ACC-2004,GST-INV-800031,2025-02-11,3999.0,Starter Startup Plan,1000
IND-ACC-2206,GST-INV-801377,2025-02-11,74999.0,Enterprise Custom Tier,0
IND-ACC-2311,GST-INV-802139,2025-02-13,3999.0,Starter Startup Plan,1000
IND-ACC-2389,GST-INV-802648,2025-02-13,17499.0,Growth Suite Pro,7500
IND-ACC-2387,GST-INV-802635,2025-02-13,17499.0,Growth Suite Pro,7500
IND-ACC-2210,GST-INV-801397,2025-02-13,27999.0,Growth Suite Pro,18000
IND-ACC-2398,GST-INV-802694,2025-02-13,2999.0,Starter Startup Plan,0
IND-ACC-2250,GST-INV-801684,2025-02-13,10499.0,Starter Startup Plan,7500
IND-ACC-2185,GST-INV-801239,2025-02-14,2999.0,Starter Startup Plan,0
IND-ACC-2139,GST-INV-800927,2025-02-14,24999.0,Scale Business Platform,0
IND-ACC-2051,GST-INV-800312,2025-02-14,2999.0,Starter Startup Plan,0
IND-ACC-2223,GST-INV-801502,2025-02-14,20999.0,Starter Startup Plan,18000
IND-ACC-2219,GST-INV-801469,2025-02-14,3999.0,Starter Startup Plan,1000
IND-ACC-2336,GST-INV-802292,2025-02-14,3999.0,Starter Startup Plan,1000
IND-ACC-2155,GST-INV-801035,2025-02-14,3999.0,Starter Startup Plan,1000
IND-ACC-2306,GST-INV-802095,2025-02-15,10999.0,Growth Suite Pro,1000
IND-ACC-2238,GST-INV-801589,2025-02-15,42999.0,Scale Business Platform,18000
IND-ACC-2300,GST-INV-802039,2025-02-15,42999.0,Scale Business Platform,18000
IND-ACC-2137,GST-INV-800907,2025-02-15,9999.0,Growth Suite Pro,0
IND-ACC-2212,GST-INV-801418,2025-02-15,10499.0,Starter Startup Plan,7500
IND-ACC-2064,GST-INV-800423,2025-02-16,10999.0,Growth Suite Pro,1000
IND-ACC-2380,GST-INV-802597,2025-02-16,27999.0,Growth Suite Pro,18000
IND-ACC-2065,GST-INV-800433,2025-02-16,12499.0,Growth Suite Pro,2500
IND-ACC-2072,GST-INV-800483,2025-02-16,17499.0,Growth Suite Pro,7500
IND-ACC-2097,GST-INV-800644,2025-02-16,3999.0,Starter Startup Plan,1000
IND-ACC-2297,GST-INV-802019,2025-02-17,20999.0,Starter Startup Plan,18000
IND-ACC-2059,GST-INV-800377,2025-02-17,27999.0,Growth Suite Pro,18000
IND-ACC-2115,GST-INV-800766,2025-02-17,10999.0,Growth Suite Pro,1000
IND-ACC-2221,GST-INV-801484,2025-02-17,9999.0,Growth Suite Pro,0
IND-ACC-2346,GST-INV-802349,2025-02-17,25999.0,Scale Business Platform,1000
IND-ACC-2372,GST-INV-802525,2025-02-18,20999.0,Starter Startup Plan,18000
IND-ACC-2282,GST-INV-801909,2025-02-18,3999.0,Starter Startup Plan,1000
IND-ACC-2208,GST-INV-801392,2025-02-18,12499.0,Growth Suite Pro,2500
IND-ACC-2086,GST-INV-800566,2025-02-18,92999.0,Enterprise Custom Tier,18000
IND-ACC-2295,GST-INV-802004,2025-02-18,32499.0,Scale Business Platform,7500
IND-ACC-2256,GST-INV-801721,2025-02-18,24999.0,Scale Business Platform,0
IND-ACC-2368,GST-INV-802489,2025-02-19,9999.0,Growth Suite Pro,0
IND-ACC-2344,GST-INV-802340,2025-02-19,2999.0,Starter Startup Plan,0
IND-ACC-2144,GST-INV-800958,2025-02-19,5499.0,Starter Startup Plan,2500
IND-ACC-2243,GST-INV-801631,2025-02-19,27999.0,Growth Suite Pro,18000
IND-ACC-2108,GST-INV-800712,2025-02-20,10999.0,Growth Suite Pro,1000
IND-ACC-2174,GST-INV-801165,2025-02-20,3999.0,Starter Startup Plan,1000
IND-ACC-2203,GST-INV-801356,2025-02-20,32499.0,Scale Business Platform,7500
IND-ACC-2343,GST-INV-802334,2025-02-20,27499.0,Scale Business Platform,2500
IND-ACC-2276,GST-INV-801853,2025-02-20,27999.0,Growth Suite Pro,18000
IND-ACC-2111,GST-INV-800732,2025-02-21,9999.0,Growth Suite Pro,0
IND-ACC-2278,GST-INV-801874,2025-02-21,27999.0,Growth Suite Pro,18000
IND-ACC-2211,GST-INV-801407,2025-02-21,5499.0,Starter Startup Plan,2500
IND-ACC-2214,GST-INV-801429,2025-02-21,10999.0,Growth Suite Pro,1000
IND-ACC-2057,GST-INV-800355,2025-02-21,2999.0,Starter Startup Plan,0
IND-ACC-2262,GST-INV-801762,2025-02-21,27999.0,Growth Suite Pro,18000
IND-ACC-2084,GST-INV-800557,2025-02-21,20999.0,Starter Startup Plan,18000
IND-ACC-2022,GST-INV-800141,2025-02-21,10499.0,Starter Startup Plan,7500
IND-ACC-2131,GST-INV-800869,2025-02-21,5499.0,Starter Startup Plan,2500
IND-ACC-2110,GST-INV-800726,2025-02-21,25999.0,Scale Business Platform,1000
IND-ACC-2292,GST-INV-801983,2025-02-22,27999.0,Growth Suite Pro,18000
IND-ACC-2263,GST-INV-801771,2025-02-22,20999.0,Starter Startup Plan,18000
IND-ACC-2049,GST-INV-800297,2025-02-22,12499.0,Growth Suite Pro,2500
IND-ACC-2124,GST-INV-800831,2025-02-23,3999.0,Starter Startup Plan,1000
IND-ACC-2044,GST-INV-800261,2025-02-23,2999.0,Starter Startup Plan,0
IND-ACC-2354,GST-INV-802396,2025-02-23,24999.0,Scale Business Platform,0
IND-ACC-2093,GST-INV-800612,2025-02-23,27499.0,Scale Business Platform,2500
IND-ACC-2375,GST-INV-802553,2025-02-24,10999.0,Growth Suite Pro,1000
IND-ACC-2018,GST-INV-800113,2025-02-24,82499.0,Enterprise Custom Tier,7500
IND-ACC-2228,GST-INV-801540,2025-02-24,12499.0,Growth Suite Pro,2500
IND-ACC-2391,GST-INV-802660,2025-02-24,27999.0,Growth Suite Pro,18000
IND-ACC-2369,GST-INV-802499,2025-02-24,27999.0,Growth Suite Pro,18000
IND-ACC-2331,GST-INV-802261,2025-02-24,9999.0,Growth Suite Pro,0
IND-ACC-2116,GST-INV-800778,2025-02-25,2999.0,Starter Startup Plan,0
IND-ACC-2095,GST-INV-800630,2025-02-25,2999.0,Starter Startup Plan,0
IND-ACC-2396,GST-INV-802688,2025-02-25,10499.0,Starter Startup Plan,7500
IND-ACC-2082,GST-INV-800545,2025-02-26,3999.0,Starter Startup Plan,1000
IND-ACC-2017,GST-INV-800111,2025-02-26,42999.0,Scale Business Platform,18000
IND-ACC-2307,GST-INV-802107,2025-02-26,10999.0,Growth Suite Pro,1000
IND-ACC-2281,GST-INV-801898,2025-02-26,12499.0,Growth Suite Pro,2500
IND-ACC-2217,GST-INV-801451,2025-02-26,42999.0,Scale Business Platform,18000
IND-ACC-2382,GST-INV-802618,2025-02-26,74999.0,Enterprise Custom Tier,0
IND-ACC-2286,GST-INV-801937,2025-02-26,5499.0,Starter Startup Plan,2500
IND-ACC-2378,GST-INV-802576,2025-02-27,9999.0,Growth Suite Pro,0
IND-ACC-2324,GST-INV-802221,2025-02-27,27499.0,Scale Business Platform,2500
IND-ACC-2158,GST-INV-801058,2025-02-27,24999.0,Scale Business Platform,0
IND-ACC-2247,GST-INV-801668,2025-02-27,24999.0,Scale Business Platform,0
IND-ACC-2285,GST-INV-801927,2025-02-28,20999.0,Starter Startup Plan,18000
IND-ACC-2304,GST-INV-802077,2025-02-28,42999.0,Scale Business Platform,18000
IND-ACC-2370,GST-INV-802511,2025-02-28,5499.0,Starter Startup Plan,2500
IND-ACC-2277,GST-INV-801863,2025-02-28,10499.0,Starter Startup Plan,7500
IND-ACC-2308,GST-INV-802118,2025-02-28,12499.0,Growth Suite Pro,2500
IND-ACC-2240,GST-INV-801607,2025-02-28,25999.0,Scale Business Platform,1000
IND-ACC-2058,GST-INV-800366,2025-03-01,27499.0,Scale Business Platform,2500
IND-ACC-2379,GST-INV-802587,2025-03-01,10499.0,Starter Startup Plan,7500
IND-ACC-2320,GST-INV-802196,2025-03-01,12499.0,Growth Suite Pro,2500
IND-ACC-2366,GST-INV-802470,2025-03-01,24999.0,Scale Business Platform,0
IND-ACC-2374,GST-INV-802543,2025-03-01,9999.0,Growth Suite Pro,0
IND-ACC-2173,GST-INV-801155,2025-03-01,10999.0,Growth Suite Pro,1000
IND-ACC-2191,GST-INV-801278,2025-03-01,3999.0,Starter Startup Plan,1000
IND-ACC-2266,GST-INV-801791,2025-03-02,17499.0,Growth Suite Pro,7500
IND-ACC-2349,GST-INV-802369,2025-03-02,24999.0,Scale Business Platform,0
IND-ACC-2339,GST-INV-802306,2025-03-02,17499.0,Growth Suite Pro,7500
IND-ACC-2245,GST-INV-801645,2025-03-02,12499.0,Growth Suite Pro,2500
IND-ACC-2019,GST-INV-800120,2025-03-02,3999.0,Starter Startup Plan,1000
IND-ACC-2381,GST-INV-802608,2025-03-02,27999.0,Growth Suite Pro,18000
IND-ACC-2062,GST-INV-800403,2025-03-02,12499.0,Growth Suite Pro,2500
IND-ACC-2333,GST-INV-802268,2025-03-02,12499.0,Growth Suite Pro,2500
IND-ACC-2353,GST-INV-802394,2025-03-02,2999.0,Starter Startup Plan,0
IND-ACC-2035,GST-INV-800209,2025-03-03,5499.0,Starter Startup Plan,2500
IND-ACC-2246,GST-INV-801657,2025-03-03,5499.0,Starter Startup Plan,2500
IND-ACC-2101,GST-INV-800662,2025-03-03,10999.0,Growth Suite Pro,1000
IND-ACC-2150,GST-INV-801006,2025-03-04,10499.0,Starter Startup Plan,7500
IND-ACC-2145,GST-INV-800970,2025-03-04,24999.0,Scale Business Platform,0
IND-ACC-2008,GST-INV-800054,2025-03-04,27499.0,Scale Business Platform,2500
IND-ACC-2279,GST-INV-801880,2025-03-04,2999.0,Starter Startup Plan,0
IND-ACC-2027,GST-INV-800168,2025-03-04,9999.0,Growth Suite Pro,0
IND-ACC-2303,GST-INV-802066,2025-03-05,9999.0,Growth Suite Pro,0
IND-ACC-2205,GST-INV-801369,2025-03-05,25999.0,Scale Business Platform,1000
IND-ACC-2302,GST-INV-802055,2025-03-05,10499.0,Starter Startup Plan,7500
IND-ACC-2388,GST-INV-802646,2025-03-05,17499.0,Growth Suite Pro,7500
IND-ACC-2168,GST-INV-801117,2025-03-05,42999.0,Scale Business Platform,18000
IND-ACC-2182,GST-INV-801219,2025-03-05,2999.0,Starter Startup Plan,0
IND-ACC-2138,GST-INV-800918,2025-03-05,25999.0,Scale Business Platform,1000
IND-ACC-2204,GST-INV-801366,2025-03-05,5499.0,Starter Startup Plan,2500
IND-ACC-2267,GST-INV-801800,2025-03-06,9999.0,Growth Suite Pro,0
IND-ACC-2244,GST-INV-801632,2025-03-06,27999.0,Growth Suite Pro,18000
IND-ACC-2148,GST-INV-800997,2025-03-07,9999.0,Growth Suite Pro,0
IND-ACC-2125,GST-INV-800835,2025-03-07,27999.0,Growth Suite Pro,18000
IND-ACC-2011,GST-INV-800075,2025-03-08,5499.0,Starter Startup Plan,2500
IND-ACC-2249,GST-INV-801683,2025-03-08,20999.0,Starter Startup Plan,18000
IND-ACC-2083,GST-INV-800547,2025-03-09,10999.0,Growth Suite Pro,1000
IND-ACC-2358,GST-INV-802413,2025-03-11,12499.0,Growth Suite Pro,2500
IND-ACC-2154,GST-INV-801024,2025-03-12,2999.0,Starter Startup Plan,0
IND-ACC-2122,GST-INV-800818,2025-03-12,17499.0,Growth Suite Pro,7500
IND-ACC-2206,GST-INV-801376,2025-03-13,82499.0,Enterprise Custom Tier,7500
IND-ACC-2004,GST-INV-800030,2025-03-13,20999.0,Starter Startup Plan,18000
IND-ACC-2033,GST-INV-800197,2025-03-14,32499.0,Scale Business Platform,7500
IND-ACC-2265,GST-INV-801785,2025-03-14,12499.0,Growth Suite Pro,2500
IND-ACC-2389,GST-INV-802647,2025-03-15,9999.0,Growth Suite Pro,0
IND-ACC-2398,GST-INV-802693,2025-03-15,3999.0,Starter Startup Plan,1000
IND-ACC-2311,GST-INV-802138,2025-03-15,10499.0,Starter Startup Plan,7500
IND-ACC-2387,GST-INV-802634,2025-03-15,27999.0,Growth Suite Pro,18000
IND-ACC-2210,GST-INV-801396,2025-03-15,27999.0,Growth Suite Pro,18000
IND-ACC-2185,GST-INV-801238,2025-03-16,2999.0,Starter Startup Plan,0
IND-ACC-2336,GST-INV-802291,2025-03-16,5499.0,Starter Startup Plan,2500
IND-ACC-2289,GST-INV-801960,2025-03-16,2999.0,Starter Startup Plan,0
IND-ACC-2219,GST-INV-801468,2025-03-16,10499.0,Starter Startup Plan,7500
IND-ACC-2274,GST-INV-801845,2025-03-16,20999.0,Starter Startup Plan,18000
IND-ACC-2155,GST-INV-801034,2025-03-16,20999.0,Starter Startup Plan,18000
IND-ACC-2051,GST-INV-800311,2025-03-16,5499.0,Starter Startup Plan,2500
IND-ACC-2139,GST-INV-800926,2025-03-16,25999.0,Scale Business Platform,1000
IND-ACC-2310,GST-INV-802132,2025-03-16,17499.0,Growth Suite Pro,7500
IND-ACC-2223,GST-INV-801501,2025-03-16,5499.0,Starter Startup Plan,2500
IND-ACC-2326,GST-INV-802232,2025-03-17,2999.0,Starter Startup Plan,0
IND-ACC-2010,GST-INV-800069,2025-03-17,32499.0,Scale Business Platform,7500
IND-ACC-2306,GST-INV-802094,2025-03-17,9999.0,Growth Suite Pro,0
IND-ACC-2137,GST-INV-800906,2025-03-17,12499.0,Growth Suite Pro,2500
IND-ACC-2213,GST-INV-801423,2025-03-17,5499.0,Starter Startup Plan,2500
IND-ACC-2212,GST-INV-801417,2025-03-17,10499.0,Starter Startup Plan,7500
IND-ACC-2215,GST-INV-801437,2025-03-17,10499.0,Starter Startup Plan,7500
IND-ACC-2238,GST-INV-801588,2025-03-17,32499.0,Scale Business Platform,7500
IND-ACC-2300,GST-INV-802038,2025-03-17,27499.0,Scale Business Platform,2500
IND-ACC-2065,GST-INV-800432,2025-03-18,9999.0,Growth Suite Pro,0
IND-ACC-2064,GST-INV-800422,2025-03-18,10999.0,Growth Suite Pro,1000
IND-ACC-2097,GST-INV-800643,2025-03-18,10499.0,Starter Startup Plan,7500
IND-ACC-2380,GST-INV-802596,2025-03-18,12499.0,Growth Suite Pro,2500
IND-ACC-2181,GST-INV-801209,2025-03-18,9999.0,Growth Suite Pro,0
IND-ACC-2373,GST-INV-802534,2025-03-18,10999.0,Growth Suite Pro,1000
IND-ACC-2072,GST-INV-800482,2025-03-18,17499.0,Growth Suite Pro,7500
IND-ACC-2346,GST-INV-802348,2025-03-19,25999.0,Scale Business Platform,1000
IND-ACC-2359,GST-INV-802423,2025-03-19,27499.0,Scale Business Platform,2500
IND-ACC-2059,GST-INV-800376,2025-03-19,10999.0,Growth Suite Pro,1000
IND-ACC-2297,GST-INV-802018,2025-03-19,2999.0,Starter Startup Plan,0
IND-ACC-2115,GST-INV-800765,2025-03-19,17499.0,Growth Suite Pro,7500
IND-ACC-2220,GST-INV-801474,2025-03-19,9999.0,Growth Suite Pro,0
IND-ACC-2106,GST-INV-800698,2025-03-19,2999.0,Starter Startup Plan,0
IND-ACC-2221,GST-INV-801483,2025-03-19,10999.0,Growth Suite Pro,1000
IND-ACC-2372,GST-INV-802524,2025-03-20,3999.0,Starter Startup Plan,1000
IND-ACC-2295,GST-INV-802003,2025-03-20,27499.0,Scale Business Platform,2500
IND-ACC-2319,GST-INV-802190,2025-03-20,75999.0,Enterprise Custom Tier,1000
IND-ACC-2208,GST-INV-801391,2025-03-20,10999.0,Growth Suite Pro,1000
IND-ACC-2282,GST-INV-801908,2025-03-20,2999.0,Starter Startup Plan,0
IND-ACC-2256,GST-INV-801720,2025-03-20,27499.0,Scale Business Platform,2500
IND-ACC-2163,GST-INV-801088,2025-03-20,5499.0,Starter Startup Plan,2500
IND-ACC-2086,GST-INV-800565,2025-03-20,82499.0,Enterprise Custom Tier,7500
IND-ACC-2344,GST-INV-802339,2025-03-21,2999.0,Starter Startup Plan,0
IND-ACC-2144,GST-INV-800957,2025-03-21,20999.0,Starter Startup Plan,18000
IND-ACC-2368,GST-INV-802488,2025-03-21,17499.0,Growth Suite Pro,7500
IND-ACC-2194,GST-INV-801295,2025-03-21,92999.0,Enterprise Custom Tier,18000
IND-ACC-2076,GST-INV-800507,2025-03-21,17499.0,Growth Suite Pro,7500
IND-ACC-2243,GST-INV-801630,2025-03-21,12499.0,Growth Suite Pro,2500
IND-ACC-2174,GST-INV-801164,2025-03-22,5499.0,Starter Startup Plan,2500
IND-ACC-2352,GST-INV-802384,2025-03-22,10499.0,Starter Startup Plan,7500
IND-ACC-2225,GST-INV-801519,2025-03-22,5499.0,Starter Startup Plan,2500
IND-ACC-2203,GST-INV-801355,2025-03-22,42999.0,Scale Business Platform,18000
IND-ACC-2276,GST-INV-801852,2025-03-22,12499.0,Growth Suite Pro,2500
IND-ACC-2108,GST-INV-800711,2025-03-22,10999.0,Growth Suite Pro,1000
IND-ACC-2343,GST-INV-802333,2025-03-22,27499.0,Scale Business Platform,2500
IND-ACC-2102,GST-INV-800672,2025-03-22,2999.0,Starter Startup Plan,0
IND-ACC-2087,GST-INV-800574,2025-03-22,17499.0,Growth Suite Pro,7500
IND-ACC-2338,GST-INV-802303,2025-03-22,10999.0,Growth Suite Pro,1000
IND-ACC-2084,GST-INV-800556,2025-03-23,10499.0,Starter Startup Plan,7500
IND-ACC-2057,GST-INV-800354,2025-03-23,2999.0,Starter Startup Plan,0
IND-ACC-2278,GST-INV-801873,2025-03-23,9999.0,Growth Suite Pro,0
IND-ACC-2214,GST-INV-801428,2025-03-23,17499.0,Growth Suite Pro,7500
IND-ACC-2262,GST-INV-801761,2025-03-23,9999.0,Growth Suite Pro,0
IND-ACC-2111,GST-INV-800731,2025-03-23,27999.0,Growth Suite Pro,18000
IND-ACC-2316,GST-INV-802170,2025-03-23,3999.0,Starter Startup Plan,1000
IND-ACC-2211,GST-INV-801406,2025-03-23,5499.0,Starter Startup Plan,2500
IND-ACC-2172,GST-INV-801146,2025-03-23,25999.0,Scale Business Platform,1000
IND-ACC-2110,GST-INV-800725,2025-03-23,32499.0,Scale Business Platform,7500
IND-ACC-2022,GST-INV-800140,2025-03-23,20999.0,Starter Startup Plan,18000
IND-ACC-2292,GST-INV-801982,2025-03-24,17499.0,Growth Suite Pro,7500
IND-ACC-2050,GST-INV-800302,2025-03-24,12499.0,Growth Suite Pro,2500
IND-ACC-2049,GST-INV-800296,2025-03-24,12499.0,Growth Suite Pro,2500
IND-ACC-2283,GST-INV-801917,2025-03-24,17499.0,Growth Suite Pro,7500
IND-ACC-2003,GST-INV-800029,2025-03-24,5499.0,Starter Startup Plan,2500
IND-ACC-2263,GST-INV-801770,2025-03-24,5499.0,Starter Startup Plan,2500
IND-ACC-2113,GST-INV-800749,2025-03-24,25999.0,Scale Business Platform,1000
IND-ACC-2301,GST-INV-802049,2025-03-24,17499.0,Growth Suite Pro,7500
IND-ACC-2093,GST-INV-800611,2025-03-25,24999.0,Scale Business Platform,0
IND-ACC-2124,GST-INV-800830,2025-03-25,3999.0,Starter Startup Plan,1000
IND-ACC-2175,GST-INV-801175,2025-03-25,10999.0,Growth Suite Pro,1000
IND-ACC-2128,GST-INV-800858,2025-03-25,17499.0,Growth Suite Pro,7500
IND-ACC-2354,GST-INV-802395,2025-03-25,24999.0,Scale Business Platform,0
IND-ACC-2044,GST-INV-800260,2025-03-25,3999.0,Starter Startup Plan,1000
IND-ACC-2331,GST-INV-802260,2025-03-26,10999.0,Growth Suite Pro,1000
IND-ACC-2375,GST-INV-802552,2025-03-26,17499.0,Growth Suite Pro,7500
IND-ACC-2228,GST-INV-801539,2025-03-26,9999.0,Growth Suite Pro,0
IND-ACC-2133,GST-INV-800885,2025-03-26,10999.0,Growth Suite Pro,1000
IND-ACC-2377,GST-INV-802566,2025-03-26,3999.0,Starter Startup Plan,1000
IND-ACC-2391,GST-INV-802659,2025-03-26,9999.0,Growth Suite Pro,0
IND-ACC-2369,GST-INV-802498,2025-03-26,10999.0,Growth Suite Pro,1000
IND-ACC-2095,GST-INV-800629,2025-03-27,10499.0,Starter Startup Plan,7500
IND-ACC-2362,GST-INV-802445,2025-03-27,5499.0,Starter Startup Plan,2500
IND-ACC-2118,GST-INV-800792,2025-03-27,2999.0,Starter Startup Plan,0
IND-ACC-2090,GST-INV-800590,2025-03-27,27999.0,Growth Suite Pro,18000
IND-ACC-2170,GST-INV-801133,2025-03-27,5499.0,Starter Startup Plan,2500
IND-ACC-2396,GST-INV-802687,2025-03-27,5499.0,Starter Startup Plan,2500
IND-ACC-2116,GST-INV-800777,2025-03-27,20999.0,Starter Startup Plan,18000
IND-ACC-2026,GST-INV-800158,2025-03-27,3999.0,Starter Startup Plan,1000
IND-ACC-2217,GST-INV-801450,2025-03-28,32499.0,Scale Business Platform,7500
IND-ACC-2017,GST-INV-800110,2025-03-28,24999.0,Scale Business Platform,0
IND-ACC-2281,GST-INV-801897,2025-03-28,17499.0,Growth Suite Pro,7500
IND-ACC-2382,GST-INV-802617,2025-03-28,77499.0,Enterprise Custom Tier,2500
IND-ACC-2000,GST-INV-800009,2025-03-28,27999.0,Growth Suite Pro,18000
IND-ACC-2082,GST-INV-800544,2025-03-28,3999.0,Starter Startup Plan,1000
IND-ACC-2119,GST-INV-800800,2025-03-28,10999.0,Growth Suite Pro,1000
IND-ACC-2307,GST-INV-802106,2025-03-28,10999.0,Growth Suite Pro,1000
IND-ACC-2327,GST-INV-802235,2025-03-28,32499.0,Scale Business Platform,7500
IND-ACC-2286,GST-INV-801936,2025-03-28,2999.0,Starter Startup Plan,0
IND-ACC-2247,GST-INV-801667,2025-03-29,32499.0,Scale Business Platform,7500
IND-ACC-2324,GST-INV-802220,2025-03-29,25999.0,Scale Business Platform,1000
IND-ACC-2355,GST-INV-802401,2025-03-29,10999.0,Growth Suite Pro,1000
IND-ACC-2158,GST-INV-801057,2025-03-29,24999.0,Scale Business Platform,0
IND-ACC-2378,GST-INV-802575,2025-03-29,12499.0,Growth Suite Pro,2500
IND-ACC-2308,GST-INV-802117,2025-03-30,27999.0,Growth Suite Pro,18000
IND-ACC-2304,GST-INV-802076,2025-03-30,32499.0,Scale Business Platform,7500
IND-ACC-2370,GST-INV-802510,2025-03-30,5499.0,Starter Startup Plan,2500
IND-ACC-2240,GST-INV-801606,2025-03-30,24999.0,Scale Business Platform,0
IND-ACC-2277,GST-INV-801862,2025-03-30,20999.0,Starter Startup Plan,18000
IND-ACC-2285,GST-INV-801926,2025-03-30,3999.0,Starter Startup Plan,1000
IND-ACC-2058,GST-INV-800365,2025-03-31,42999.0,Scale Business Platform,18000
IND-ACC-2366,GST-INV-802469,2025-03-31,42999.0,Scale Business Platform,18000
IND-ACC-2191,GST-INV-801277,2025-03-31,5499.0,Starter Startup Plan,2500
IND-ACC-2374,GST-INV-802542,2025-03-31,27999.0,Growth Suite Pro,18000
IND-ACC-2173,GST-INV-801154,2025-03-31,17499.0,Growth Suite Pro,7500
IND-ACC-2320,GST-INV-802195,2025-03-31,17499.0,Growth Suite Pro,7500
IND-ACC-2042,GST-INV-800243,2025-03-31,27999.0,Growth Suite Pro,18000
IND-ACC-2379,GST-INV-802586,2025-03-31,3999.0,Starter Startup Plan,1000
IND-ACC-2069,GST-INV-800460,2025-03-31,75999.0,Enterprise Custom Tier,1000
IND-ACC-2333,GST-INV-802267,2025-04-01,27999.0,Growth Suite Pro,18000
IND-ACC-2062,GST-INV-800402,2025-04-01,17499.0,Growth Suite Pro,7500
IND-ACC-2349,GST-INV-802368,2025-04-01,25999.0,Scale Business Platform,1000
IND-ACC-2381,GST-INV-802607,2025-04-01,12499.0,Growth Suite Pro,2500
IND-ACC-2040,GST-INV-800235,2025-04-01,20999.0,Starter Startup Plan,18000
IND-ACC-2339,GST-INV-802305,2025-04-01,17499.0,Growth Suite Pro,7500
IND-ACC-2261,GST-INV-801753,2025-04-01,27999.0,Growth Suite Pro,18000
IND-ACC-2353,GST-INV-802393,2025-04-01,3999.0,Starter Startup Plan,1000
IND-ACC-2245,GST-INV-801644,2025-04-01,27999.0,Growth Suite Pro,18000
IND-ACC-2266,GST-INV-801790,2025-04-01,9999.0,Growth Suite Pro,0
IND-ACC-2019,GST-INV-800119,2025-04-01,5499.0,Starter Startup Plan,2500
IND-ACC-2035,GST-INV-800208,2025-04-02,10499.0,Starter Startup Plan,7500
IND-ACC-2048,GST-INV-800288,2025-04-02,24999.0,Scale Business Platform,0
IND-ACC-2101,GST-INV-800661,2025-04-02,12499.0,Growth Suite Pro,2500
IND-ACC-2246,GST-INV-801656,2025-04-02,5499.0,Starter Startup Plan,2500
IND-ACC-2021,GST-INV-800131,2025-04-02,12499.0,Growth Suite Pro,2500
IND-ACC-2312,GST-INV-802148,2025-04-03,10499.0,Starter Startup Plan,7500
IND-ACC-2192,GST-INV-801287,2025-04-03,27999.0,Growth Suite Pro,18000
IND-ACC-2027,GST-INV-800167,2025-04-03,12499.0,Growth Suite Pro,2500
IND-ACC-2150,GST-INV-801005,2025-04-03,3999.0,Starter Startup Plan,1000
IND-ACC-2008,GST-INV-800053,2025-04-03,25999.0,Scale Business Platform,1000
IND-ACC-2145,GST-INV-800969,2025-04-03,42999.0,Scale Business Platform,18000
IND-ACC-2167,GST-INV-801107,2025-04-03,77499.0,Enterprise Custom Tier,2500
IND-ACC-2063,GST-INV-800414,2025-04-03,10999.0,Growth Suite Pro,1000
IND-ACC-2279,GST-INV-801879,2025-04-03,2999.0,Starter Startup Plan,0
IND-ACC-2388,GST-INV-802645,2025-04-04,12499.0,Growth Suite Pro,2500
IND-ACC-2103,GST-INV-800678,2025-04-04,10999.0,Growth Suite Pro,1000
IND-ACC-2204,GST-INV-801365,2025-04-04,5499.0,Starter Startup Plan,2500
IND-ACC-2182,GST-INV-801218,2025-04-04,10499.0,Starter Startup Plan,7500
IND-ACC-2302,GST-INV-802054,2025-04-04,3999.0,Starter Startup Plan,1000
IND-ACC-2303,GST-INV-802065,2025-04-04,12499.0,Growth Suite Pro,2500
IND-ACC-2205,GST-INV-801368,2025-04-04,25999.0,Scale Business Platform,1000
IND-ACC-2041,GST-INV-800241,2025-04-04,3999.0,Starter Startup Plan,1000
IND-ACC-2168,GST-INV-801116,2025-04-04,42999.0,Scale Business Platform,18000
IND-ACC-2138,GST-INV-800917,2025-04-04,42999.0,Scale Business Platform,18000
IND-ACC-2079,GST-INV-800531,2025-04-04,5499.0,Starter Startup Plan,2500
IND-ACC-2267,GST-INV-801799,2025-04-05,10999.0,Growth Suite Pro,1000
IND-ACC-2030,GST-INV-800186,2025-04-05,3999.0,Starter Startup Plan,1000
IND-ACC-2361,GST-INV-802436,2025-04-06,27999.0,Growth Suite Pro,18000
IND-ACC-2125,GST-INV-800834,2025-04-06,9999.0,Growth Suite Pro,0
IND-ACC-2156,GST-INV-801044,2025-04-06,2999.0,Starter Startup Plan,0
IND-ACC-2148,GST-INV-800996,2025-04-06,27999.0,Growth Suite Pro,18000
IND-ACC-2011,GST-INV-800074,2025-04-07,2999.0,Starter Startup Plan,0
IND-ACC-2120,GST-INV-800802,2025-04-07,17499.0,Growth Suite Pro,7500
IND-ACC-2001,GST-INV-800017,2025-04-07,12499.0,Growth Suite Pro,2500
IND-ACC-2249,GST-INV-801682,2025-04-07,20999.0,Starter Startup Plan,18000
IND-ACC-2239,GST-INV-801597,2025-04-07,24999.0,Scale Business Platform,0
IND-ACC-2083,GST-INV-800546,2025-04-08,9999.0,Growth Suite Pro,0
IND-ACC-2146,GST-INV-800980,2025-04-08,24999.0,Scale Business Platform,0
IND-ACC-2117,GST-INV-800787,2025-04-09,17499.0,Growth Suite Pro,7500
IND-ACC-2272,GST-INV-801830,2025-04-09,5499.0,Starter Startup Plan,2500
IND-ACC-2317,GST-INV-802178,2025-04-10,20999.0,Starter Startup Plan,18000
IND-ACC-2053,GST-INV-800325,2025-04-10,32499.0,Scale Business Platform,7500
IND-ACC-2358,GST-INV-802412,2025-04-10,10999.0,Growth Suite Pro,1000
IND-ACC-2122,GST-INV-800817,2025-04-11,12499.0,Growth Suite Pro,2500
IND-ACC-2231,GST-INV-801559,2025-04-12,27499.0,Scale Business Platform,2500
IND-ACC-2206,GST-INV-801375,2025-04-12,75999.0,Enterprise Custom Tier,1000
IND-ACC-2081,GST-INV-800543,2025-04-13,24999.0,Scale Business Platform,0
IND-ACC-2265,GST-INV-801784,2025-04-13,10999.0,Growth Suite Pro,1000
IND-ACC-2287,GST-INV-801945,2025-04-13,10999.0,Growth Suite Pro,1000
IND-ACC-2033,GST-INV-800196,2025-04-13,42999.0,Scale Business Platform,18000
IND-ACC-2210,GST-INV-801395,2025-04-14,17499.0,Growth Suite Pro,7500
IND-ACC-2260,GST-INV-801745,2025-04-14,10999.0,Growth Suite Pro,1000
IND-ACC-2311,GST-INV-802137,2025-04-14,10499.0,Starter Startup Plan,7500
IND-ACC-2073,GST-INV-800491,2025-04-15,12499.0,Growth Suite Pro,2500
IND-ACC-2054,GST-INV-800333,2025-04-15,17499.0,Growth Suite Pro,7500
IND-ACC-2139,GST-INV-800925,2025-04-15,27499.0,Scale Business Platform,2500
IND-ACC-2219,GST-INV-801467,2025-04-15,3999.0,Starter Startup Plan,1000
IND-ACC-2274,GST-INV-801844,2025-04-15,3999.0,Starter Startup Plan,1000
IND-ACC-2109,GST-INV-800717,2025-04-15,27999.0,Growth Suite Pro,18000
IND-ACC-2289,GST-INV-801959,2025-04-15,5499.0,Starter Startup Plan,2500
IND-ACC-2336,GST-INV-802290,2025-04-15,3999.0,Starter Startup Plan,1000
IND-ACC-2310,GST-INV-802131,2025-04-15,10999.0,Growth Suite Pro,1000
IND-ACC-2051,GST-INV-800310,2025-04-15,20999.0,Starter Startup Plan,18000
IND-ACC-2185,GST-INV-801237,2025-04-15,5499.0,Starter Startup Plan,2500
IND-ACC-2223,GST-INV-801500,2025-04-15,20999.0,Starter Startup Plan,18000
IND-ACC-2155,GST-INV-801033,2025-04-15,20999.0,Starter Startup Plan,18000
IND-ACC-2215,GST-INV-801436,2025-04-16,5499.0,Starter Startup Plan,2500
IND-ACC-2212,GST-INV-801416,2025-04-16,2999.0,Starter Startup Plan,0
IND-ACC-2199,GST-INV-801328,2025-04-16,10999.0,Growth Suite Pro,1000
IND-ACC-2025,GST-INV-800154,2025-04-16,25999.0,Scale Business Platform,1000
IND-ACC-2043,GST-INV-800251,2025-04-16,27999.0,Growth Suite Pro,18000
IND-ACC-2213,GST-INV-801422,2025-04-16,20999.0,Starter Startup Plan,18000
IND-ACC-2020,GST-INV-800123,2025-04-16,9999.0,Growth Suite Pro,0
IND-ACC-2306,GST-INV-802093,2025-04-16,12499.0,Growth Suite Pro,2500
IND-ACC-2137,GST-INV-800905,2025-04-16,10999.0,Growth Suite Pro,1000
IND-ACC-2326,GST-INV-802231,2025-04-16,10499.0,Starter Startup Plan,7500
IND-ACC-2330,GST-INV-802251,2025-04-16,10999.0,Growth Suite Pro,1000
IND-ACC-2280,GST-INV-801888,2025-04-16,20999.0,Starter Startup Plan,18000
IND-ACC-2390,GST-INV-802656,2025-04-16,10499.0,Starter Startup Plan,7500
IND-ACC-2238,GST-INV-801587,2025-04-16,42999.0,Scale Business Platform,18000
IND-ACC-2010,GST-INV-800068,2025-04-16,32499.0,Scale Business Platform,7500
IND-ACC-2300,GST-INV-802037,2025-04-16,27499.0,Scale Business Platform,2500
IND-ACC-2255,GST-INV-801711,2025-04-16,5499.0,Starter Startup Plan,2500
IND-ACC-2196,GST-INV-801311,2025-04-17,9999.0,Growth Suite Pro,0
IND-ACC-2251,GST-INV-801690,2025-04-17,42999.0,Scale Business Platform,18000
IND-ACC-2218,GST-INV-801459,2025-04-17,42999.0,Scale Business Platform,18000
IND-ACC-2288,GST-INV-801952,2025-04-17,3999.0,Starter Startup Plan,1000
IND-ACC-2140,GST-INV-800935,2025-04-17,2999.0,Starter Startup Plan,0
IND-ACC-2224,GST-INV-801512,2025-04-17,20999.0,Starter Startup Plan,18000
IND-ACC-2097,GST-INV-800642,2025-04-17,5499.0,Starter Startup Plan,2500
IND-ACC-2181,GST-INV-801208,2025-04-17,17499.0,Growth Suite Pro,7500
IND-ACC-2072,GST-INV-800481,2025-04-17,27999.0,Growth Suite Pro,18000
IND-ACC-2399,GST-INV-802700,2025-04-17,75999.0,Enterprise Custom Tier,1000
IND-ACC-2065,GST-INV-800431,2025-04-17,12499.0,Growth Suite Pro,2500
IND-ACC-2367,GST-INV-802479,2025-04-17,42999.0,Scale Business Platform,18000
IND-ACC-2064,GST-INV-800421,2025-04-17,12499.0,Growth Suite Pro,2500
IND-ACC-2380,GST-INV-802595,2025-04-17,9999.0,Growth Suite Pro,0
IND-ACC-2393,GST-INV-802671,2025-04-17,74999.0,Enterprise Custom Tier,0
IND-ACC-2373,GST-INV-802533,2025-04-17,17499.0,Growth Suite Pro,7500
IND-ACC-2221,GST-INV-801482,2025-04-18,17499.0,Growth Suite Pro,7500
IND-ACC-2220,GST-INV-801473,2025-04-18,27999.0,Growth Suite Pro,18000
IND-ACC-2359,GST-INV-802422,2025-04-18,24999.0,Scale Business Platform,0
IND-ACC-2106,GST-INV-800697,2025-04-18,20999.0,Starter Startup Plan,18000
IND-ACC-2297,GST-INV-802017,2025-04-18,5499.0,Starter Startup Plan,2500
IND-ACC-2059,GST-INV-800375,2025-04-18,9999.0,Growth Suite Pro,0
IND-ACC-2039,GST-INV-800234,2025-04-18,32499.0,Scale Business Platform,7500
IND-ACC-2115,GST-INV-800764,2025-04-18,12499.0,Growth Suite Pro,2500
IND-ACC-2177,GST-INV-801187,2025-04-18,27499.0,Scale Business Platform,2500
IND-ACC-2032,GST-INV-800191,2025-04-18,25999.0,Scale Business Platform,1000
IND-ACC-2323,GST-INV-802212,2025-04-19,10499.0,Starter Startup Plan,7500
IND-ACC-2372,GST-INV-802523,2025-04-19,5499.0,Starter Startup Plan,2500
IND-ACC-2319,GST-INV-802189,2025-04-19,75999.0,Enterprise Custom Tier,1000
IND-ACC-2086,GST-INV-800564,2025-04-19,92999.0,Enterprise Custom Tier,18000
IND-ACC-2295,GST-INV-802002,2025-04-19,25999.0,Scale Business Platform,1000
IND-ACC-2126,GST-INV-800845,2025-04-19,20999.0,Starter Startup Plan,18000
IND-ACC-2208,GST-INV-801390,2025-04-19,27999.0,Growth Suite Pro,18000
IND-ACC-2055,GST-INV-800341,2025-04-19,32499.0,Scale Business Platform,7500
IND-ACC-2163,GST-INV-801087,2025-04-19,20999.0,Starter Startup Plan,18000
IND-ACC-2195,GST-INV-801303,2025-04-19,2999.0,Starter Startup Plan,0
IND-ACC-2282,GST-INV-801907,2025-04-19,2999.0,Starter Startup Plan,0
IND-ACC-2256,GST-INV-801719,2025-04-19,42999.0,Scale Business Platform,18000
IND-ACC-2038,GST-INV-800226,2025-04-20,20999.0,Starter Startup Plan,18000
IND-ACC-2344,GST-INV-802338,2025-04-20,5499.0,Starter Startup Plan,2500
IND-ACC-2243,GST-INV-801629,2025-04-20,10999.0,Growth Suite Pro,1000
IND-ACC-2144,GST-INV-800956,2025-04-20,10499.0,Starter Startup Plan,7500
IND-ACC-2194,GST-INV-801294,2025-04-20,75999.0,Enterprise Custom Tier,1000
IND-ACC-2076,GST-INV-800506,2025-04-20,12499.0,Growth Suite Pro,2500
IND-ACC-2201,GST-INV-801342,2025-04-20,42999.0,Scale Business Platform,18000
IND-ACC-2368,GST-INV-802487,2025-04-20,27999.0,Growth Suite Pro,18000
IND-ACC-2174,GST-INV-801163,2025-04-21,2999.0,Starter Startup Plan,0
IND-ACC-2087,GST-INV-800573,2025-04-21,12499.0,Growth Suite Pro,2500
IND-ACC-2276,GST-INV-801851,2025-04-21,12499.0,Growth Suite Pro,2500
IND-ACC-2121,GST-INV-800809,2025-04-21,24999.0,Scale Business Platform,0
IND-ACC-2340,GST-INV-802313,2025-04-21,3999.0,Starter Startup Plan,1000
IND-ACC-2203,GST-INV-801354,2025-04-21,27499.0,Scale Business Platform,2500
IND-ACC-2102,GST-INV-800671,2025-04-21,20999.0,Starter Startup Plan,18000
IND-ACC-2338,GST-INV-802302,2025-04-21,12499.0,Growth Suite Pro,2500
IND-ACC-2352,GST-INV-802383,2025-04-21,5499.0,Starter Startup Plan,2500
IND-ACC-2343,GST-INV-802332,2025-04-21,27499.0,Scale Business Platform,2500
IND-ACC-2147,GST-INV-800988,2025-04-21,10999.0,Growth Suite Pro,1000
IND-ACC-2225,GST-INV-801518,2025-04-21,20999.0,Starter Startup Plan,18000
IND-ACC-2108,GST-INV-800710,2025-04-21,10999.0,Growth Suite Pro,1000
IND-ACC-2172,GST-INV-801145,2025-04-22,24999.0,Scale Business Platform,0
IND-ACC-2169,GST-INV-801125,2025-04-22,5499.0,Starter Startup Plan,2500
IND-ACC-2084,GST-INV-800555,2025-04-22,20999.0,Starter Startup Plan,18000
IND-ACC-2316,GST-INV-802169,2025-04-22,10499.0,Starter Startup Plan,7500
IND-ACC-2057,GST-INV-800353,2025-04-22,5499.0,Starter Startup Plan,2500
IND-ACC-2262,GST-INV-801760,2025-04-22,12499.0,Growth Suite Pro,2500
IND-ACC-2111,GST-INV-800730,2025-04-22,27999.0,Growth Suite Pro,18000
IND-ACC-2110,GST-INV-800724,2025-04-22,42999.0,Scale Business Platform,18000
IND-ACC-2211,GST-INV-801405,2025-04-22,2999.0,Starter Startup Plan,0
IND-ACC-2022,GST-INV-800139,2025-04-22,10499.0,Starter Startup Plan,7500
IND-ACC-2214,GST-INV-801427,2025-04-22,12499.0,Growth Suite Pro,2500
IND-ACC-2278,GST-INV-801872,2025-04-22,9999.0,Growth Suite Pro,0
IND-ACC-2301,GST-INV-802048,2025-04-23,10999.0,Growth Suite Pro,1000
IND-ACC-2003,GST-INV-800028,2025-04-23,2999.0,Starter Startup Plan,0
IND-ACC-2068,GST-INV-800451,2025-04-23,5499.0,Starter Startup Plan,2500
IND-ACC-2047,GST-INV-800279,2025-04-23,5499.0,Starter Startup Plan,2500
IND-ACC-2049,GST-INV-800295,2025-04-23,27999.0,Growth Suite Pro,18000
IND-ACC-2050,GST-INV-800301,2025-04-23,10999.0,Growth Suite Pro,1000
IND-ACC-2283,GST-INV-801916,2025-04-23,9999.0,Growth Suite Pro,0
IND-ACC-2263,GST-INV-801769,2025-04-23,2999.0,Starter Startup Plan,0
IND-ACC-2292,GST-INV-801981,2025-04-23,17499.0,Growth Suite Pro,7500
IND-ACC-2113,GST-INV-800748,2025-04-23,27499.0,Scale Business Platform,2500
IND-ACC-2093,GST-INV-800610,2025-04-24,32499.0,Scale Business Platform,7500
IND-ACC-2124,GST-INV-800829,2025-04-24,3999.0,Starter Startup Plan,1000
IND-ACC-2044,GST-INV-800259,2025-04-24,5499.0,Starter Startup Plan,2500
IND-ACC-2268,GST-INV-801808,2025-04-24,20999.0,Starter Startup Plan,18000
IND-ACC-2395,GST-INV-802678,2025-04-24,75999.0,Enterprise Custom Tier,1000
IND-ACC-2060,GST-INV-800385,2025-04-24,17499.0,Growth Suite Pro,7500
IND-ACC-2175,GST-INV-801174,2025-04-24,9999.0,Growth Suite Pro,0
IND-ACC-2128,GST-INV-800857,2025-04-24,10999.0,Growth Suite Pro,1000
IND-ACC-2369,GST-INV-802497,2025-04-25,12499.0,Growth Suite Pro,2500
IND-ACC-2133,GST-INV-800884,2025-04-25,10999.0,Growth Suite Pro,1000
IND-ACC-2036,GST-INV-800218,2025-04-25,2999.0,Starter Startup Plan,0
IND-ACC-2052,GST-INV-800320,2025-04-25,42999.0,Scale Business Platform,18000
IND-ACC-2375,GST-INV-802551,2025-04-25,12499.0,Growth Suite Pro,2500
IND-ACC-2228,GST-INV-801538,2025-04-25,27999.0,Growth Suite Pro,18000
IND-ACC-2331,GST-INV-802259,2025-04-25,17499.0,Growth Suite Pro,7500
IND-ACC-2074,GST-INV-800499,2025-04-25,25999.0,Scale Business Platform,1000
IND-ACC-2377,GST-INV-802565,2025-04-25,3999.0,Starter Startup Plan,1000
IND-ACC-2341,GST-INV-802319,2025-04-25,10499.0,Starter Startup Plan,7500
IND-ACC-2391,GST-INV-802658,2025-04-25,12499.0,Growth Suite Pro,2500
IND-ACC-2396,GST-INV-802686,2025-04-26,3999.0,Starter Startup Plan,1000
IND-ACC-2116,GST-INV-800776,2025-04-26,5499.0,Starter Startup Plan,2500
IND-ACC-2095,GST-INV-800628,2025-04-26,2999.0,Starter Startup Plan,0
IND-ACC-2242,GST-INV-801621,2025-04-26,3999.0,Starter Startup Plan,1000
IND-ACC-2362,GST-INV-802444,2025-04-26,5499.0,Starter Startup Plan,2500
IND-ACC-2309,GST-INV-802123,2025-04-26,10999.0,Growth Suite Pro,1000
IND-ACC-2026,GST-INV-800157,2025-04-26,20999.0,Starter Startup Plan,18000
IND-ACC-2170,GST-INV-801132,2025-04-26,20999.0,Starter Startup Plan,18000
IND-ACC-2090,GST-INV-800589,2025-04-26,10999.0,Growth Suite Pro,1000
IND-ACC-2118,GST-INV-800791,2025-04-26,10499.0,Starter Startup Plan,7500
IND-ACC-2327,GST-INV-802234,2025-04-27,27499.0,Scale Business Platform,2500
IND-ACC-2061,GST-INV-800393,2025-04-27,20999.0,Starter Startup Plan,18000
IND-ACC-2307,GST-INV-802105,2025-04-27,27999.0,Growth Suite Pro,18000
IND-ACC-2382,GST-INV-802616,2025-04-27,74999.0,Enterprise Custom Tier,0
IND-ACC-2217,GST-INV-801449,2025-04-27,32499.0,Scale Business Platform,7500
IND-ACC-2286,GST-INV-801935,2025-04-27,20999.0,Starter Startup Plan,18000
IND-ACC-2017,GST-INV-800109,2025-04-27,25999.0,Scale Business Platform,1000
IND-ACC-2227,GST-INV-801530,2025-04-27,10499.0,Starter Startup Plan,7500
IND-ACC-2281,GST-INV-801896,2025-04-27,17499.0,Growth Suite Pro,7500
IND-ACC-2000,GST-INV-800008,2025-04-27,9999.0,Growth Suite Pro,0
IND-ACC-2130,GST-INV-800868,2025-04-27,2999.0,Starter Startup Plan,0
IND-ACC-2119,GST-INV-800799,2025-04-27,10999.0,Growth Suite Pro,1000
IND-ACC-2114,GST-INV-800756,2025-04-28,75999.0,Enterprise Custom Tier,1000
IND-ACC-2324,GST-INV-802219,2025-04-28,42999.0,Scale Business Platform,18000
IND-ACC-2247,GST-INV-801666,2025-04-28,42999.0,Scale Business Platform,18000
IND-ACC-2355,GST-INV-802400,2025-04-28,10999.0,Growth Suite Pro,1000
IND-ACC-2378,GST-INV-802574,2025-04-28,12499.0,Growth Suite Pro,2500
IND-ACC-2158,GST-INV-801056,2025-04-28,27499.0,Scale Business Platform,2500
IND-ACC-2290,GST-INV-801967,2025-04-28,42999.0,Scale Business Platform,18000
IND-ACC-2285,GST-INV-801925,2025-04-29,3999.0,Starter Startup Plan,1000
IND-ACC-2240,GST-INV-801605,2025-04-29,25999.0,Scale Business Platform,1000
IND-ACC-2308,GST-INV-802116,2025-04-29,27999.0,Growth Suite Pro,18000
IND-ACC-2277,GST-INV-801861,2025-04-29,10499.0,Starter Startup Plan,7500
IND-ACC-2370,GST-INV-802509,2025-04-29,5499.0,Starter Startup Plan,2500
IND-ACC-2112,GST-INV-800740,2025-04-29,27499.0,Scale Business Platform,2500
IND-ACC-2091,GST-INV-800598,2025-04-29,75999.0,Enterprise Custom Tier,1000
IND-ACC-2078,GST-INV-800522,2025-04-29,17499.0,Growth Suite Pro,7500
IND-ACC-2304,GST-INV-802075,2025-04-29,27499.0,Scale Business Platform,2500
IND-ACC-2058,GST-INV-800364,2025-04-30,27499.0,Scale Business Platform,2500
IND-ACC-2191,GST-INV-801276,2025-04-30,20999.0,Starter Startup Plan,18000
IND-ACC-2186,GST-INV-801247,2025-04-30,2999.0,Starter Startup Plan,0
IND-ACC-2069,GST-INV-800459,2025-04-30,75999.0,Enterprise Custom Tier,1000
IND-ACC-2374,GST-INV-802541,2025-04-30,17499.0,Growth Suite Pro,7500
IND-ACC-2173,GST-INV-801153,2025-04-30,17499.0,Growth Suite Pro,7500
IND-ACC-2042,GST-INV-800242,2025-04-30,10999.0,Growth Suite Pro,1000
IND-ACC-2379,GST-INV-802585,2025-04-30,3999.0,Starter Startup Plan,1000
IND-ACC-2162,GST-INV-801079,2025-04-30,12499.0,Growth Suite Pro,2500
IND-ACC-2320,GST-INV-802194,2025-04-30,12499.0,Growth Suite Pro,2500
IND-ACC-2366,GST-INV-802468,2025-04-30,25999.0,Scale Business Platform,1000
IND-ACC-2339,GST-INV-802304,2025-05-01,12499.0,Growth Suite Pro,2500
IND-ACC-2019,GST-INV-800118,2025-05-01,20999.0,Starter Startup Plan,18000
IND-ACC-2349,GST-INV-802367,2025-05-01,32499.0,Scale Business Platform,7500
IND-ACC-2062,GST-INV-800401,2025-05-01,9999.0,Growth Suite Pro,0
IND-ACC-2245,GST-INV-801643,2025-05-01,9999.0,Growth Suite Pro,0
IND-ACC-2266,GST-INV-801789,2025-05-01,12499.0,Growth Suite Pro,2500
IND-ACC-2261,GST-INV-801752,2025-05-01,12499.0,Growth Suite Pro,2500
IND-ACC-2381,GST-INV-802606,2025-05-01,12499.0,Growth Suite Pro,2500
IND-ACC-2071,GST-INV-800473,2025-05-01,5499.0,Starter Startup Plan,2500
IND-ACC-2353,GST-INV-802392,2025-05-01,3999.0,Starter Startup Plan,1000
IND-ACC-2246,GST-INV-801655,2025-05-02,5499.0,Starter Startup Plan,2500
IND-ACC-2105,GST-INV-800689,2025-05-02,20999.0,Starter Startup Plan,18000
IND-ACC-2035,GST-INV-800207,2025-05-02,2999.0,Starter Startup Plan,0
IND-ACC-2257,GST-INV-801729,2025-05-02,9999.0,Growth Suite Pro,0
IND-ACC-2048,GST-INV-800287,2025-05-02,27499.0,Scale Business Platform,2500
IND-ACC-2351,GST-INV-802378,2025-05-02,75999.0,Enterprise Custom Tier,1000
IND-ACC-2100,GST-INV-800652,2025-05-02,5499.0,Starter Startup Plan,2500
IND-ACC-2021,GST-INV-800130,2025-05-02,17499.0,Growth Suite Pro,7500
IND-ACC-2101,GST-INV-800660,2025-05-02,17499.0,Growth Suite Pro,7500
IND-ACC-2132,GST-INV-800877,2025-05-03,10999.0,Growth Suite Pro,1000
IND-ACC-2279,GST-INV-801878,2025-05-03,5499.0,Starter Startup Plan,2500
IND-ACC-2167,GST-INV-801106,2025-05-03,92999.0,Enterprise Custom Tier,18000
IND-ACC-2312,GST-INV-802147,2025-05-03,10499.0,Starter Startup Plan,7500
IND-ACC-2241,GST-INV-801613,2025-05-03,27499.0,Scale Business Platform,2500
IND-ACC-2063,GST-INV-800413,2025-05-03,17499.0,Growth Suite Pro,7500
IND-ACC-2045,GST-INV-800266,2025-05-03,5499.0,Starter Startup Plan,2500
IND-ACC-2008,GST-INV-800052,2025-05-03,24999.0,Scale Business Platform,0
IND-ACC-2334,GST-INV-802276,2025-05-03,2999.0,Starter Startup Plan,0
IND-ACC-2150,GST-INV-801004,2025-05-03,10499.0,Starter Startup Plan,7500
IND-ACC-2192,GST-INV-801286,2025-05-03,9999.0,Growth Suite Pro,0
IND-ACC-2029,GST-INV-800181,2025-05-03,42999.0,Scale Business Platform,18000
IND-ACC-2027,GST-INV-800166,2025-05-03,12499.0,Growth Suite Pro,2500
IND-ACC-2145,GST-INV-800968,2025-05-03,25999.0,Scale Business Platform,1000
IND-ACC-2094,GST-INV-800620,2025-05-04,27999.0,Growth Suite Pro,18000
IND-ACC-2079,GST-INV-800530,2025-05-04,3999.0,Starter Startup Plan,1000
IND-ACC-2103,GST-INV-800677,2025-05-04,9999.0,Growth Suite Pro,0
IND-ACC-2041,GST-INV-800240,2025-05-04,3999.0,Starter Startup Plan,1000
IND-ACC-2388,GST-INV-802644,2025-05-04,10999.0,Growth Suite Pro,1000
IND-ACC-2222,GST-INV-801492,2025-05-04,9999.0,Growth Suite Pro,0
IND-ACC-2168,GST-INV-801115,2025-05-04,32499.0,Scale Business Platform,7500
IND-ACC-2204,GST-INV-801364,2025-05-04,20999.0,Starter Startup Plan,18000
IND-ACC-2077,GST-INV-800514,2025-05-04,24999.0,Scale Business Platform,0
IND-ACC-2302,GST-INV-802053,2025-05-04,5499.0,Starter Startup Plan,2500
IND-ACC-2182,GST-INV-801217,2025-05-04,10499.0,Starter Startup Plan,7500
IND-ACC-2303,GST-INV-802064,2025-05-04,10999.0,Growth Suite Pro,1000
IND-ACC-2138,GST-INV-800916,2025-05-04,27499.0,Scale Business Platform,2500
IND-ACC-2153,GST-INV-801023,2025-05-05,5499.0,Starter Startup Plan,2500
IND-ACC-2197,GST-INV-801318,2025-05-05,27499.0,Scale Business Platform,2500
IND-ACC-2030,GST-INV-800185,2025-05-05,2999.0,Starter Startup Plan,0
IND-ACC-2267,GST-INV-801798,2025-05-05,10999.0,Growth Suite Pro,1000
IND-ACC-2361,GST-INV-802435,2025-05-06,10999.0,Growth Suite Pro,1000
IND-ACC-2012,GST-INV-800082,2025-05-06,10999.0,Growth Suite Pro,1000
IND-ACC-2148,GST-INV-800995,2025-05-06,27999.0,Growth Suite Pro,18000
IND-ACC-2031,GST-INV-800187,2025-05-06,17499.0,Growth Suite Pro,7500
IND-ACC-2156,GST-INV-801043,2025-05-06,10499.0,Starter Startup Plan,7500
IND-ACC-2001,GST-INV-800016,2025-05-07,27999.0,Growth Suite Pro,18000
IND-ACC-2239,GST-INV-801596,2025-05-07,32499.0,Scale Business Platform,7500
IND-ACC-2305,GST-INV-802085,2025-05-07,24999.0,Scale Business Platform,0
IND-ACC-2011,GST-INV-800073,2025-05-07,3999.0,Starter Startup Plan,1000
IND-ACC-2120,GST-INV-800801,2025-05-07,27999.0,Growth Suite Pro,18000
IND-ACC-2249,GST-INV-801681,2025-05-07,2999.0,Starter Startup Plan,0
IND-ACC-2146,GST-INV-800979,2025-05-08,42999.0,Scale Business Platform,18000
IND-ACC-2190,GST-INV-801268,2025-05-09,5499.0,Starter Startup Plan,2500
IND-ACC-2272,GST-INV-801829,2025-05-09,5499.0,Starter Startup Plan,2500
IND-ACC-2117,GST-INV-800786,2025-05-09,9999.0,Growth Suite Pro,0
IND-ACC-2364,GST-INV-802454,2025-05-09,77499.0,Enterprise Custom Tier,2500
IND-ACC-2053,GST-INV-800324,2025-05-10,27499.0,Scale Business Platform,2500
IND-ACC-2180,GST-INV-801200,2025-05-10,25999.0,Scale Business Platform,1000
IND-ACC-2293,GST-INV-801992,2025-05-10,10999.0,Growth Suite Pro,1000
IND-ACC-2317,GST-INV-802177,2025-05-10,3999.0,Starter Startup Plan,1000
IND-ACC-2358,GST-INV-802411,2025-05-10,12499.0,Growth Suite Pro,2500
IND-ACC-2122,GST-INV-800816,2025-05-11,9999.0,Growth Suite Pro,0
IND-ACC-2231,GST-INV-801558,2025-05-12,24999.0,Scale Business Platform,0
IND-ACC-2206,GST-INV-801374,2025-05-12,92999.0,Enterprise Custom Tier,18000
IND-ACC-2265,GST-INV-801783,2025-05-13,17499.0,Growth Suite Pro,7500
IND-ACC-2313,GST-INV-802152,2025-05-13,17499.0,Growth Suite Pro,7500
IND-ACC-2033,GST-INV-800195,2025-05-13,24999.0,Scale Business Platform,0
IND-ACC-2287,GST-INV-801944,2025-05-13,27999.0,Growth Suite Pro,18000
IND-ACC-2136,GST-INV-800897,2025-05-13,12499.0,Growth Suite Pro,2500
IND-ACC-2081,GST-INV-800542,2025-05-13,25999.0,Scale Business Platform,1000
IND-ACC-2311,GST-INV-802136,2025-05-14,3999.0,Starter Startup Plan,1000
IND-ACC-2260,GST-INV-801744,2025-05-14,27999.0,Growth Suite Pro,18000
IND-ACC-2223,GST-INV-801499,2025-05-15,10499.0,Starter Startup Plan,7500
IND-ACC-2139,GST-INV-800924,2025-05-15,27499.0,Scale Business Platform,2500
IND-ACC-2185,GST-INV-801236,2025-05-15,5499.0,Starter Startup Plan,2500
IND-ACC-2051,GST-INV-800309,2025-05-15,2999.0,Starter Startup Plan,0
IND-ACC-2193,GST-INV-801293,2025-05-15,20999.0,Starter Startup Plan,18000
IND-ACC-2109,GST-INV-800716,2025-05-15,10999.0,Growth Suite Pro,1000
IND-ACC-2028,GST-INV-800173,2025-05-15,25999.0,Scale Business Platform,1000
IND-ACC-2219,GST-INV-801466,2025-05-15,10499.0,Starter Startup Plan,7500
IND-ACC-2073,GST-INV-800490,2025-05-15,17499.0,Growth Suite Pro,7500
IND-ACC-2054,GST-INV-800332,2025-05-15,10999.0,Growth Suite Pro,1000
IND-ACC-2289,GST-INV-801958,2025-05-15,2999.0,Starter Startup Plan,0
IND-ACC-2155,GST-INV-801032,2025-05-15,20999.0,Starter Startup Plan,18000
IND-ACC-2336,GST-INV-802289,2025-05-15,3999.0,Starter Startup Plan,1000
IND-ACC-2134,GST-INV-800890,2025-05-15,20999.0,Starter Startup Plan,18000
IND-ACC-2274,GST-INV-801843,2025-05-15,20999.0,Starter Startup Plan,18000
IND-ACC-2310,GST-INV-802130,2025-05-15,10999.0,Growth Suite Pro,1000
IND-ACC-2020,GST-INV-800122,2025-05-16,9999.0,Growth Suite Pro,0
IND-ACC-2025,GST-INV-800153,2025-05-16,27499.0,Scale Business Platform,2500
IND-ACC-2215,GST-INV-801435,2025-05-16,5499.0,Starter Startup Plan,2500
IND-ACC-2199,GST-INV-801327,2025-05-16,17499.0,Growth Suite Pro,7500
IND-ACC-2137,GST-INV-800904,2025-05-16,10999.0,Growth Suite Pro,1000
IND-ACC-2300,GST-INV-802036,2025-05-16,42999.0,Scale Business Platform,18000
IND-ACC-2212,GST-INV-801415,2025-05-16,3999.0,Starter Startup Plan,1000
IND-ACC-2043,GST-INV-800250,2025-05-16,27999.0,Growth Suite Pro,18000
IND-ACC-2326,GST-INV-802230,2025-05-16,3999.0,Starter Startup Plan,1000
IND-ACC-2306,GST-INV-802092,2025-05-16,17499.0,Growth Suite Pro,7500
IND-ACC-2010,GST-INV-800067,2025-05-16,25999.0,Scale Business Platform,1000
IND-ACC-2238,GST-INV-801586,2025-05-16,27499.0,Scale Business Platform,2500
IND-ACC-2330,GST-INV-802250,2025-05-16,9999.0,Growth Suite Pro,0
IND-ACC-2255,GST-INV-801710,2025-05-16,20999.0,Starter Startup Plan,18000
IND-ACC-2213,GST-INV-801421,2025-05-16,10499.0,Starter Startup Plan,7500
IND-ACC-2280,GST-INV-801887,2025-05-16,5499.0,Starter Startup Plan,2500
IND-ACC-2390,GST-INV-802655,2025-05-16,20999.0,Starter Startup Plan,18000
IND-ACC-2350,GST-INV-802376,2025-05-16,27499.0,Scale Business Platform,2500
IND-ACC-2393,GST-INV-802670,2025-05-17,82499.0,Enterprise Custom Tier,7500
IND-ACC-2373,GST-INV-802532,2025-05-17,10999.0,Growth Suite Pro,1000
IND-ACC-2288,GST-INV-801951,2025-05-17,5499.0,Starter Startup Plan,2500
IND-ACC-2251,GST-INV-801689,2025-05-17,27499.0,Scale Business Platform,2500
IND-ACC-2252,GST-INV-801696,2025-05-17,9999.0,Growth Suite Pro,0
IND-ACC-2140,GST-INV-800934,2025-05-17,20999.0,Starter Startup Plan,18000
IND-ACC-2218,GST-INV-801458,2025-05-17,42999.0,Scale Business Platform,18000
IND-ACC-2065,GST-INV-800430,2025-05-17,27999.0,Growth Suite Pro,18000
IND-ACC-2367,GST-INV-802478,2025-05-17,32499.0,Scale Business Platform,7500
IND-ACC-2064,GST-INV-800420,2025-05-17,27999.0,Growth Suite Pro,18000
IND-ACC-2380,GST-INV-802594,2025-05-17,12499.0,Growth Suite Pro,2500
IND-ACC-2224,GST-INV-801511,2025-05-17,20999.0,Starter Startup Plan,18000
IND-ACC-2399,GST-INV-802699,2025-05-17,77499.0,Enterprise Custom Tier,2500
IND-ACC-2196,GST-INV-801310,2025-05-17,12499.0,Growth Suite Pro,2500
IND-ACC-2072,GST-INV-800480,2025-05-17,10999.0,Growth Suite Pro,1000
IND-ACC-2097,GST-INV-800641,2025-05-17,10499.0,Starter Startup Plan,7500
IND-ACC-2181,GST-INV-801207,2025-05-17,12499.0,Growth Suite Pro,2500
IND-ACC-2059,GST-INV-800374,2025-05-18,27999.0,Growth Suite Pro,18000
IND-ACC-2297,GST-INV-802016,2025-05-18,10499.0,Starter Startup Plan,7500
IND-ACC-2359,GST-INV-802421,2025-05-18,42999.0,Scale Business Platform,18000
IND-ACC-2115,GST-INV-800763,2025-05-18,12499.0,Growth Suite Pro,2500
IND-ACC-2177,GST-INV-801186,2025-05-18,32499.0,Scale Business Platform,7500
IND-ACC-2039,GST-INV-800233,2025-05-18,27499.0,Scale Business Platform,2500
IND-ACC-2032,GST-INV-800190,2025-05-18,24999.0,Scale Business Platform,0
IND-ACC-2179,GST-INV-801196,2025-05-18,27999.0,Growth Suite Pro,18000
IND-ACC-2220,GST-INV-801472,2025-05-18,17499.0,Growth Suite Pro,7500
IND-ACC-2345,GST-INV-802347,2025-05-18,10499.0,Starter Startup Plan,7500
IND-ACC-2236,GST-INV-801576,2025-05-18,32499.0,Scale Business Platform,7500
IND-ACC-2235,GST-INV-801574,2025-05-18,24999.0,Scale Business Platform,0
IND-ACC-2106,GST-INV-800696,2025-05-18,5499.0,Starter Startup Plan,2500
IND-ACC-2221,GST-INV-801481,2025-05-18,9999.0,Growth Suite Pro,0
IND-ACC-2291,GST-INV-801973,2025-05-19,3999.0,Starter Startup Plan,1000
IND-ACC-2195,GST-INV-801302,2025-05-19,5499.0,Starter Startup Plan,2500
IND-ACC-2295,GST-INV-802001,2025-05-19,42999.0,Scale Business Platform,18000
IND-ACC-2256,GST-INV-801718,2025-05-19,27499.0,Scale Business Platform,2500
IND-ACC-2323,GST-INV-802211,2025-05-19,3999.0,Starter Startup Plan,1000
IND-ACC-2163,GST-INV-801086,2025-05-19,2999.0,Starter Startup Plan,0
IND-ACC-2055,GST-INV-800340,2025-05-19,24999.0,Scale Business Platform,0
IND-ACC-2208,GST-INV-801389,2025-05-19,27999.0,Growth Suite Pro,18000
IND-ACC-2319,GST-INV-802188,2025-05-19,77499.0,Enterprise Custom Tier,2500
IND-ACC-2086,GST-INV-800563,2025-05-19,82499.0,Enterprise Custom Tier,7500
IND-ACC-2372,GST-INV-802522,2025-05-19,20999.0,Starter Startup Plan,18000
IND-ACC-2126,GST-INV-800844,2025-05-19,10499.0,Starter Startup Plan,7500
IND-ACC-2282,GST-INV-801906,2025-05-19,2999.0,Starter Startup Plan,0
IND-ACC-2076,GST-INV-800505,2025-05-20,27999.0,Growth Suite Pro,18000
IND-ACC-2014,GST-INV-800092,2025-05-20,10499.0,Starter Startup Plan,7500
IND-ACC-2038,GST-INV-800225,2025-05-20,3999.0,Starter Startup Plan,1000
IND-ACC-2344,GST-INV-802337,2025-05-20,5499.0,Starter Startup Plan,2500
IND-ACC-2201,GST-INV-801341,2025-05-20,25999.0,Scale Business Platform,1000
IND-ACC-2368,GST-INV-802486,2025-05-20,12499.0,Growth Suite Pro,2500
IND-ACC-2144,GST-INV-800955,2025-05-20,3999.0,Starter Startup Plan,1000
IND-ACC-2243,GST-INV-801628,2025-05-20,10999.0,Growth Suite Pro,1000
IND-ACC-2108,GST-INV-800709,2025-05-21,10999.0,Growth Suite Pro,1000
IND-ACC-2121,GST-INV-800808,2025-05-21,24999.0,Scale Business Platform,0
IND-ACC-2135,GST-INV-800892,2025-05-21,25999.0,Scale Business Platform,1000
IND-ACC-2102,GST-INV-800670,2025-05-21,5499.0,Starter Startup Plan,2500
IND-ACC-2340,GST-INV-802312,2025-05-21,10499.0,Starter Startup Plan,7500
IND-ACC-2276,GST-INV-801850,2025-05-21,27999.0,Growth Suite Pro,18000
IND-ACC-2087,GST-INV-800572,2025-05-21,9999.0,Growth Suite Pro,0
IND-ACC-2147,GST-INV-800987,2025-05-21,17499.0,Growth Suite Pro,7500
IND-ACC-2343,GST-INV-802331,2025-05-21,27499.0,Scale Business Platform,2500
IND-ACC-2338,GST-INV-802301,2025-05-21,12499.0,Growth Suite Pro,2500
IND-ACC-2174,GST-INV-801162,2025-05-21,2999.0,Starter Startup Plan,0
IND-ACC-2352,GST-INV-802382,2025-05-21,20999.0,Starter Startup Plan,18000
IND-ACC-2203,GST-INV-801353,2025-05-21,25999.0,Scale Business Platform,1000
IND-ACC-2225,GST-INV-801517,2025-05-21,20999.0,Starter Startup Plan,18000
IND-ACC-2214,GST-INV-801426,2025-05-22,17499.0,Growth Suite Pro,7500
IND-ACC-2057,GST-INV-800352,2025-05-22,3999.0,Starter Startup Plan,1000
IND-ACC-2172,GST-INV-801144,2025-05-22,42999.0,Scale Business Platform,18000
IND-ACC-2169,GST-INV-801124,2025-05-22,5499.0,Starter Startup Plan,2500
IND-ACC-2278,GST-INV-801871,2025-05-22,17499.0,Growth Suite Pro,7500
IND-ACC-2022,GST-INV-800138,2025-05-22,5499.0,Starter Startup Plan,2500
IND-ACC-2316,GST-INV-802168,2025-05-22,10499.0,Starter Startup Plan,7500
IND-ACC-2110,GST-INV-800723,2025-05-22,27499.0,Scale Business Platform,2500
IND-ACC-2211,GST-INV-801404,2025-05-22,3999.0,Starter Startup Plan,1000
IND-ACC-2111,GST-INV-800729,2025-05-22,10999.0,Growth Suite Pro,1000
IND-ACC-2084,GST-INV-800554,2025-05-22,3999.0,Starter Startup Plan,1000
IND-ACC-2262,GST-INV-801759,2025-05-22,17499.0,Growth Suite Pro,7500
IND-ACC-2184,GST-INV-801229,2025-05-23,10999.0,Growth Suite Pro,1000
IND-ACC-2301,GST-INV-802047,2025-05-23,17499.0,Growth Suite Pro,7500
IND-ACC-2047,GST-INV-800278,2025-05-23,5499.0,Starter Startup Plan,2500
IND-ACC-2003,GST-INV-800027,2025-05-23,10499.0,Starter Startup Plan,7500
IND-ACC-2292,GST-INV-801980,2025-05-23,12499.0,Growth Suite Pro,2500
IND-ACC-2263,GST-INV-801768,2025-05-23,2999.0,Starter Startup Plan,0
IND-ACC-2049,GST-INV-800294,2025-05-23,17499.0,Growth Suite Pro,7500
IND-ACC-2216,GST-INV-801441,2025-05-23,82499.0,Enterprise Custom Tier,7500
IND-ACC-2050,GST-INV-800300,2025-05-23,9999.0,Growth Suite Pro,0
IND-ACC-2113,GST-INV-800747,2025-05-23,27499.0,Scale Business Platform,2500
IND-ACC-2283,GST-INV-801915,2025-05-23,17499.0,Growth Suite Pro,7500
IND-ACC-2068,GST-INV-800450,2025-05-23,20999.0,Starter Startup Plan,18000
IND-ACC-2175,GST-INV-801173,2025-05-24,9999.0,Growth Suite Pro,0
IND-ACC-2128,GST-INV-800856,2025-05-24,9999.0,Growth Suite Pro,0
IND-ACC-2124,GST-INV-800828,2025-05-24,10499.0,Starter Startup Plan,7500
IND-ACC-2093,GST-INV-800609,2025-05-24,24999.0,Scale Business Platform,0
IND-ACC-2015,GST-INV-800096,2025-05-24,82499.0,Enterprise Custom Tier,7500
IND-ACC-2060,GST-INV-800384,2025-05-24,17499.0,Growth Suite Pro,7500
IND-ACC-2395,GST-INV-802677,2025-05-24,74999.0,Enterprise Custom Tier,0
IND-ACC-2268,GST-INV-801807,2025-05-24,2999.0,Starter Startup Plan,0
IND-ACC-2044,GST-INV-800258,2025-05-24,2999.0,Starter Startup Plan,0
IND-ACC-2187,GST-INV-801253,2025-05-24,42999.0,Scale Business Platform,18000
IND-ACC-2228,GST-INV-801537,2025-05-25,9999.0,Growth Suite Pro,0
IND-ACC-2369,GST-INV-802496,2025-05-25,12499.0,Growth Suite Pro,2500
IND-ACC-2036,GST-INV-800217,2025-05-25,10499.0,Starter Startup Plan,7500
IND-ACC-2159,GST-INV-801064,2025-05-25,20999.0,Starter Startup Plan,18000
IND-ACC-2375,GST-INV-802550,2025-05-25,12499.0,Growth Suite Pro,2500
IND-ACC-2133,GST-INV-800883,2025-05-25,27999.0,Growth Suite Pro,18000
IND-ACC-2331,GST-INV-802258,2025-05-25,27999.0,Growth Suite Pro,18000
IND-ACC-2074,GST-INV-800498,2025-05-25,32499.0,Scale Business Platform,7500
IND-ACC-2341,GST-INV-802318,2025-05-25,2999.0,Starter Startup Plan,0
IND-ACC-2377,GST-INV-802564,2025-05-25,20999.0,Starter Startup Plan,18000
IND-ACC-2052,GST-INV-800319,2025-05-25,42999.0,Scale Business Platform,18000
IND-ACC-2391,GST-INV-802657,2025-05-25,12499.0,Growth Suite Pro,2500
IND-ACC-2242,GST-INV-801620,2025-05-26,10499.0,Starter Startup Plan,7500
IND-ACC-2170,GST-INV-801131,2025-05-26,20999.0,Starter Startup Plan,18000
IND-ACC-2095,GST-INV-800627,2025-05-26,2999.0,Starter Startup Plan,0
IND-ACC-2067,GST-INV-800443,2025-05-26,24999.0,Scale Business Platform,0
IND-ACC-2165,GST-INV-801095,2025-05-26,17499.0,Growth Suite Pro,7500
IND-ACC-2309,GST-INV-802122,2025-05-26,27999.0,Growth Suite Pro,18000
IND-ACC-2396,GST-INV-802685,2025-05-26,20999.0,Starter Startup Plan,18000
IND-ACC-2362,GST-INV-802443,2025-05-26,3999.0,Starter Startup Plan,1000
IND-ACC-2118,GST-INV-800790,2025-05-26,20999.0,Starter Startup Plan,18000
IND-ACC-2090,GST-INV-800588,2025-05-26,10999.0,Growth Suite Pro,1000
IND-ACC-2026,GST-INV-800156,2025-05-26,5499.0,Starter Startup Plan,2500
IND-ACC-2116,GST-INV-800775,2025-05-26,20999.0,Starter Startup Plan,18000
IND-ACC-2307,GST-INV-802104,2025-05-27,9999.0,Growth Suite Pro,0
IND-ACC-2130,GST-INV-800867,2025-05-27,3999.0,Starter Startup Plan,1000
IND-ACC-2189,GST-INV-801264,2025-05-27,42999.0,Scale Business Platform,18000
IND-ACC-2000,GST-INV-800007,2025-05-27,27999.0,Growth Suite Pro,18000
IND-ACC-2017,GST-INV-800108,2025-05-27,42999.0,Scale Business Platform,18000
IND-ACC-2217,GST-INV-801448,2025-05-27,25999.0,Scale Business Platform,1000
IND-ACC-2327,GST-INV-802233,2025-05-27,24999.0,Scale Business Platform,0
IND-ACC-2281,GST-INV-801895,2025-05-27,10999.0,Growth Suite Pro,1000
IND-ACC-2227,GST-INV-801529,2025-05-27,3999.0,Starter Startup Plan,1000
IND-ACC-2061,GST-INV-800392,2025-05-27,3999.0,Starter Startup Plan,1000
IND-ACC-2286,GST-INV-801934,2025-05-27,20999.0,Starter Startup Plan,18000
IND-ACC-2119,GST-INV-800798,2025-05-27,9999.0,Growth Suite Pro,0
IND-ACC-2382,GST-INV-802615,2025-05-27,77499.0,Enterprise Custom Tier,2500
IND-ACC-2290,GST-INV-801966,2025-05-28,42999.0,Scale Business Platform,18000
IND-ACC-2247,GST-INV-801665,2025-05-28,24999.0,Scale Business Platform,0
IND-ACC-2158,GST-INV-801055,2025-05-28,27499.0,Scale Business Platform,2500
IND-ACC-2151,GST-INV-801012,2025-05-28,10499.0,Starter Startup Plan,7500
IND-ACC-2324,GST-INV-802218,2025-05-28,42999.0,Scale Business Platform,18000
IND-ACC-2355,GST-INV-802399,2025-05-28,9999.0,Growth Suite Pro,0
IND-ACC-2378,GST-INV-802573,2025-05-28,27999.0,Growth Suite Pro,18000
IND-ACC-2114,GST-INV-800755,2025-05-28,75999.0,Enterprise Custom Tier,1000
IND-ACC-2376,GST-INV-802558,2025-05-29,2999.0,Starter Startup Plan,0
IND-ACC-2285,GST-INV-801924,2025-05-29,10499.0,Starter Startup Plan,7500
IND-ACC-2240,GST-INV-801604,2025-05-29,27499.0,Scale Business Platform,2500
IND-ACC-2269,GST-INV-801814,2025-05-29,12499.0,Growth Suite Pro,2500
IND-ACC-2304,GST-INV-802074,2025-05-29,24999.0,Scale Business Platform,0
IND-ACC-2078,GST-INV-800521,2025-05-29,12499.0,Growth Suite Pro,2500
IND-ACC-2166,GST-INV-801098,2025-05-29,9999.0,Growth Suite Pro,0
IND-ACC-2308,GST-INV-802115,2025-05-29,27999.0,Growth Suite Pro,18000
IND-ACC-2370,GST-INV-802508,2025-05-29,2999.0,Starter Startup Plan,0
IND-ACC-2091,GST-INV-800597,2025-05-29,77499.0,Enterprise Custom Tier,2500
IND-ACC-2277,GST-INV-801860,2025-05-29,2999.0,Starter Startup Plan,0
IND-ACC-2112,GST-INV-800739,2025-05-29,32499.0,Scale Business Platform,7500
IND-ACC-2002,GST-INV-800020,2025-05-30,2999.0,Starter Startup Plan,0
IND-ACC-2058,GST-INV-800363,2025-05-30,32499.0,Scale Business Platform,7500
IND-ACC-2320,GST-INV-802193,2025-05-30,9999.0,Growth Suite Pro,0
IND-ACC-2366,GST-INV-802467,2025-05-30,25999.0,Scale Business Platform,1000
IND-ACC-2069,GST-INV-800458,2025-05-30,77499.0,Enterprise Custom Tier,2500
IND-ACC-2191,GST-INV-801275,2025-05-30,20999.0,Starter Startup Plan,18000
IND-ACC-2162,GST-INV-801078,2025-05-30,17499.0,Growth Suite Pro,7500
IND-ACC-2374,GST-INV-802540,2025-05-30,17499.0,Growth Suite Pro,7500
IND-ACC-2186,GST-INV-801246,2025-05-30,5499.0,Starter Startup Plan,2500
IND-ACC-2173,GST-INV-801152,2025-05-30,17499.0,Growth Suite Pro,7500
IND-ACC-2209,GST-INV-801394,2025-05-30,25999.0,Scale Business Platform,1000
IND-ACC-2379,GST-INV-802584,2025-05-30,20999.0,Starter Startup Plan,18000
IND-ACC-2071,GST-INV-800472,2025-05-31,2999.0,Starter Startup Plan,0
IND-ACC-2381,GST-INV-802605,2025-05-31,10999.0,Growth Suite Pro,1000
IND-ACC-2245,GST-INV-801642,2025-05-31,27999.0,Growth Suite Pro,18000
IND-ACC-2349,GST-INV-802366,2025-05-31,25999.0,Scale Business Platform,1000
IND-ACC-2062,GST-INV-800400,2025-05-31,27999.0,Growth Suite Pro,18000
IND-ACC-2261,GST-INV-801751,2025-05-31,9999.0,Growth Suite Pro,0
IND-ACC-2318,GST-INV-802184,2025-05-31,9999.0,Growth Suite Pro,0
IND-ACC-2266,GST-INV-801788,2025-05-31,10999.0,Growth Suite Pro,1000
IND-ACC-2019,GST-INV-800117,2025-05-31,20999.0,Starter Startup Plan,18000
IND-ACC-2070,GST-INV-800466,2025-05-31,17499.0,Growth Suite Pro,7500
IND-ACC-2353,GST-INV-802391,2025-05-31,20999.0,Starter Startup Plan,18000
IND-ACC-2021,GST-INV-800129,2025-06-01,12499.0,Growth Suite Pro,2500
IND-ACC-2257,GST-INV-801728,2025-06-01,12499.0,Growth Suite Pro,2500
IND-ACC-2048,GST-INV-800286,2025-06-01,42999.0,Scale Business Platform,18000
IND-ACC-2105,GST-INV-800688,2025-06-01,10499.0,Starter Startup Plan,7500
IND-ACC-2246,GST-INV-801654,2025-06-01,10499.0,Starter Startup Plan,7500
IND-ACC-2101,GST-INV-800659,2025-06-01,17499.0,Growth Suite Pro,7500
IND-ACC-2035,GST-INV-800206,2025-06-01,5499.0,Starter Startup Plan,2500
IND-ACC-2351,GST-INV-802377,2025-06-01,82499.0,Enterprise Custom Tier,7500
IND-ACC-2312,GST-INV-802146,2025-06-02,3999.0,Starter Startup Plan,1000
IND-ACC-2279,GST-INV-801877,2025-06-02,20999.0,Starter Startup Plan,18000
IND-ACC-2145,GST-INV-800967,2025-06-02,24999.0,Scale Business Platform,0
IND-ACC-2129,GST-INV-800860,2025-06-02,27999.0,Growth Suite Pro,18000
IND-ACC-2241,GST-INV-801612,2025-06-02,25999.0,Scale Business Platform,1000
IND-ACC-2034,GST-INV-800199,2025-06-02,20999.0,Starter Startup Plan,18000
IND-ACC-2383,GST-INV-802624,2025-06-02,27499.0,Scale Business Platform,2500
IND-ACC-2029,GST-INV-800180,2025-06-02,42999.0,Scale Business Platform,18000
IND-ACC-2192,GST-INV-801285,2025-06-02,17499.0,Growth Suite Pro,7500
IND-ACC-2008,GST-INV-800051,2025-06-02,24999.0,Scale Business Platform,0
IND-ACC-2132,GST-INV-800876,2025-06-02,9999.0,Growth Suite Pro,0
IND-ACC-2063,GST-INV-800412,2025-06-02,17499.0,Growth Suite Pro,7500
IND-ACC-2027,GST-INV-800165,2025-06-02,12499.0,Growth Suite Pro,2500
IND-ACC-2334,GST-INV-802275,2025-06-02,5499.0,Starter Startup Plan,2500
IND-ACC-2150,GST-INV-801003,2025-06-02,5499.0,Starter Startup Plan,2500
IND-ACC-2167,GST-INV-801105,2025-06-02,77499.0,Enterprise Custom Tier,2500
IND-ACC-2045,GST-INV-800265,2025-06-02,20999.0,Starter Startup Plan,18000
IND-ACC-2302,GST-INV-802052,2025-06-03,5499.0,Starter Startup Plan,2500
IND-ACC-2365,GST-INV-802460,2025-06-03,20999.0,Starter Startup Plan,18000
IND-ACC-2182,GST-INV-801216,2025-06-03,10499.0,Starter Startup Plan,7500
IND-ACC-2079,GST-INV-800529,2025-06-03,5499.0,Starter Startup Plan,2500
IND-ACC-2204,GST-INV-801363,2025-06-03,10499.0,Starter Startup Plan,7500
IND-ACC-2168,GST-INV-801114,2025-06-03,32499.0,Scale Business Platform,7500
IND-ACC-2077,GST-INV-800513,2025-06-03,25999.0,Scale Business Platform,1000
IND-ACC-2041,GST-INV-800239,2025-06-03,3999.0,Starter Startup Plan,1000
IND-ACC-2303,GST-INV-802063,2025-06-03,27999.0,Growth Suite Pro,18000
IND-ACC-2299,GST-INV-802029,2025-06-03,9999.0,Growth Suite Pro,0
IND-ACC-2222,GST-INV-801491,2025-06-03,9999.0,Growth Suite Pro,0
IND-ACC-2388,GST-INV-802643,2025-06-03,10999.0,Growth Suite Pro,1000
IND-ACC-2094,GST-INV-800619,2025-06-03,12499.0,Growth Suite Pro,2500
IND-ACC-2138,GST-INV-800915,2025-06-03,24999.0,Scale Business Platform,0
IND-ACC-2103,GST-INV-800676,2025-06-03,10999.0,Growth Suite Pro,1000
IND-ACC-2386,GST-INV-802633,2025-06-04,5499.0,Starter Startup Plan,2500
IND-ACC-2197,GST-INV-801317,2025-06-04,24999.0,Scale Business Platform,0
IND-ACC-2267,GST-INV-801797,2025-06-04,12499.0,Growth Suite Pro,2500
IND-ACC-2335,GST-INV-802282,2025-06-04,75999.0,Enterprise Custom Tier,1000
IND-ACC-2030,GST-INV-800184,2025-06-04,3999.0,Starter Startup Plan,1000
IND-ACC-2153,GST-INV-801022,2025-06-04,2999.0,Starter Startup Plan,0
IND-ACC-2148,GST-INV-800994,2025-06-05,9999.0,Growth Suite Pro,0
IND-ACC-2361,GST-INV-802434,2025-06-05,17499.0,Growth Suite Pro,7500
IND-ACC-2024,GST-INV-800146,2025-06-05,12499.0,Growth Suite Pro,2500
IND-ACC-2012,GST-INV-800081,2025-06-05,10999.0,Growth Suite Pro,1000
IND-ACC-2156,GST-INV-801042,2025-06-05,20999.0,Starter Startup Plan,18000
IND-ACC-2305,GST-INV-802084,2025-06-06,24999.0,Scale Business Platform,0
IND-ACC-2001,GST-INV-800015,2025-06-06,10999.0,Growth Suite Pro,1000
IND-ACC-2089,GST-INV-800581,2025-06-06,75999.0,Enterprise Custom Tier,1000
IND-ACC-2176,GST-INV-801181,2025-06-06,2999.0,Starter Startup Plan,0
IND-ACC-2239,GST-INV-801595,2025-06-06,42999.0,Scale Business Platform,18000
IND-ACC-2152,GST-INV-801018,2025-06-06,27999.0,Growth Suite Pro,18000
IND-ACC-2161,GST-INV-801072,2025-06-06,24999.0,Scale Business Platform,0
IND-ACC-2011,GST-INV-800072,2025-06-06,2999.0,Starter Startup Plan,0
IND-ACC-2249,GST-INV-801680,2025-06-06,2999.0,Starter Startup Plan,0
IND-ACC-2237,GST-INV-801582,2025-06-07,24999.0,Scale Business Platform,0
IND-ACC-2230,GST-INV-801551,2025-06-07,25999.0,Scale Business Platform,1000
IND-ACC-2384,GST-INV-802627,2025-06-07,27499.0,Scale Business Platform,2500
IND-ACC-2146,GST-INV-800978,2025-06-07,24999.0,Scale Business Platform,0
IND-ACC-2294,GST-INV-801998,2025-06-07,17499.0,Growth Suite Pro,7500
IND-ACC-2190,GST-INV-801267,2025-06-08,2999.0,Starter Startup Plan,0
IND-ACC-2117,GST-INV-800785,2025-06-08,27999.0,Growth Suite Pro,18000
IND-ACC-2272,GST-INV-801828,2025-06-08,3999.0,Starter Startup Plan,1000
IND-ACC-2364,GST-INV-802453,2025-06-08,74999.0,Enterprise Custom Tier,0
IND-ACC-2293,GST-INV-801991,2025-06-09,10999.0,Growth Suite Pro,1000
IND-ACC-2053,GST-INV-800323,2025-06-09,42999.0,Scale Business Platform,18000
IND-ACC-2180,GST-INV-801199,2025-06-09,32499.0,Scale Business Platform,7500
IND-ACC-2317,GST-INV-802176,2025-06-09,20999.0,Starter Startup Plan,18000
IND-ACC-2122,GST-INV-800815,2025-06-10,9999.0,Growth Suite Pro,0
IND-ACC-2178,GST-INV-801191,2025-06-10,17499.0,Growth Suite Pro,7500
IND-ACC-2206,GST-INV-801373,2025-06-11,92999.0,Enterprise Custom Tier,18000
IND-ACC-2259,GST-INV-801739,2025-06-11,9999.0,Growth Suite Pro,0
IND-ACC-2231,GST-INV-801557,2025-06-11,24999.0,Scale Business Platform,0
IND-ACC-2085,GST-INV-800562,2025-06-11,3999.0,Starter Startup Plan,1000
IND-ACC-2033,GST-INV-800194,2025-06-12,42999.0,Scale Business Platform,18000
IND-ACC-2313,GST-INV-802151,2025-06-12,10999.0,Growth Suite Pro,1000
IND-ACC-2056,GST-INV-800345,2025-06-12,24999.0,Scale Business Platform,0
IND-ACC-2081,GST-INV-800541,2025-06-12,27499.0,Scale Business Platform,2500
IND-ACC-2273,GST-INV-801836,2025-06-12,20999.0,Starter Startup Plan,18000
IND-ACC-2265,GST-INV-801782,2025-06-12,27999.0,Growth Suite Pro,18000
IND-ACC-2287,GST-INV-801943,2025-06-12,17499.0,Growth Suite Pro,7500
IND-ACC-2136,GST-INV-800896,2025-06-12,12499.0,Growth Suite Pro,2500
IND-ACC-2311,GST-INV-802135,2025-06-13,5499.0,Starter Startup Plan,2500
IND-ACC-2207,GST-INV-801383,2025-06-13,42999.0,Scale Business Platform,18000
IND-ACC-2260,GST-INV-801743,2025-06-13,9999.0,Growth Suite Pro,0
IND-ACC-2073,GST-INV-800489,2025-06-14,27999.0,Growth Suite Pro,18000
IND-ACC-2200,GST-INV-801334,2025-06-14,5499.0,Starter Startup Plan,2500
IND-ACC-2157,GST-INV-801049,2025-06-14,20999.0,Starter Startup Plan,18000
IND-ACC-2219,GST-INV-801465,2025-06-14,5499.0,Starter Startup Plan,2500
IND-ACC-2109,GST-INV-800715,2025-06-14,10999.0,Growth Suite Pro,1000
IND-ACC-2185,GST-INV-801235,2025-06-14,3999.0,Starter Startup Plan,1000
IND-ACC-2009,GST-INV-800060,2025-06-14,74999.0,Enterprise Custom Tier,0
IND-ACC-2134,GST-INV-800889,2025-06-14,10499.0,Starter Startup Plan,7500
IND-ACC-2028,GST-INV-800172,2025-06-14,24999.0,Scale Business Platform,0
IND-ACC-2289,GST-INV-801957,2025-06-14,10499.0,Starter Startup Plan,7500
IND-ACC-2193,GST-INV-801292,2025-06-14,5499.0,Starter Startup Plan,2500
IND-ACC-2054,GST-INV-800331,2025-06-14,17499.0,Growth Suite Pro,7500
IND-ACC-2155,GST-INV-801031,2025-06-14,10499.0,Starter Startup Plan,7500
IND-ACC-2051,GST-INV-800308,2025-06-14,20999.0,Starter Startup Plan,18000
IND-ACC-2274,GST-INV-801842,2025-06-14,20999.0,Starter Startup Plan,18000
IND-ACC-2310,GST-INV-802129,2025-06-14,27999.0,Growth Suite Pro,18000
IND-ACC-2139,GST-INV-800923,2025-06-14,27499.0,Scale Business Platform,2500
IND-ACC-2336,GST-INV-802288,2025-06-14,2999.0,Starter Startup Plan,0
IND-ACC-2223,GST-INV-801498,2025-06-14,5499.0,Starter Startup Plan,2500
IND-ACC-2390,GST-INV-802654,2025-06-15,20999.0,Starter Startup Plan,18000
IND-ACC-2326,GST-INV-802229,2025-06-15,5499.0,Starter Startup Plan,2500
IND-ACC-2255,GST-INV-801709,2025-06-15,10499.0,Starter Startup Plan,7500
IND-ACC-2306,GST-INV-802091,2025-06-15,9999.0,Growth Suite Pro,0
IND-ACC-2199,GST-INV-801326,2025-06-15,17499.0,Growth Suite Pro,7500
IND-ACC-2280,GST-INV-801886,2025-06-15,3999.0,Starter Startup Plan,1000
IND-ACC-2215,GST-INV-801434,2025-06-15,3999.0,Starter Startup Plan,1000
IND-ACC-2213,GST-INV-801420,2025-06-15,3999.0,Starter Startup Plan,1000
IND-ACC-2330,GST-INV-802249,2025-06-15,17499.0,Growth Suite Pro,7500
IND-ACC-2020,GST-INV-800121,2025-06-15,27999.0,Growth Suite Pro,18000
IND-ACC-2043,GST-INV-800249,2025-06-15,17499.0,Growth Suite Pro,7500
IND-ACC-2300,GST-INV-802035,2025-06-15,27499.0,Scale Business Platform,2500
IND-ACC-2315,GST-INV-802162,2025-06-15,20999.0,Starter Startup Plan,18000
IND-ACC-2137,GST-INV-800903,2025-06-15,12499.0,Growth Suite Pro,2500
IND-ACC-2025,GST-INV-800152,2025-06-15,32499.0,Scale Business Platform,7500
IND-ACC-2010,GST-INV-800066,2025-06-15,27499.0,Scale Business Platform,2500
IND-ACC-2350,GST-INV-802375,2025-06-15,32499.0,Scale Business Platform,7500
IND-ACC-2238,GST-INV-801585,2025-06-15,24999.0,Scale Business Platform,0
IND-ACC-2212,GST-INV-801414,2025-06-15,20999.0,Starter Startup Plan,18000
IND-ACC-2252,GST-INV-801695,2025-06-16,17499.0,Growth Suite Pro,7500
IND-ACC-2373,GST-INV-802531,2025-06-16,27999.0,Growth Suite Pro,18000
IND-ACC-2288,GST-INV-801950,2025-06-16,2999.0,Starter Startup Plan,0
IND-ACC-2064,GST-INV-800419,2025-06-16,27999.0,Growth Suite Pro,18000
IND-ACC-2196,GST-INV-801309,2025-06-16,9999.0,Growth Suite Pro,0
IND-ACC-2399,GST-INV-802698,2025-06-16,75999.0,Enterprise Custom Tier,1000
IND-ACC-2181,GST-INV-801206,2025-06-16,12499.0,Growth Suite Pro,2500
IND-ACC-2393,GST-INV-802669,2025-06-16,75999.0,Enterprise Custom Tier,1000
IND-ACC-2097,GST-INV-800640,2025-06-16,3999.0,Starter Startup Plan,1000
IND-ACC-2218,GST-INV-801457,2025-06-16,24999.0,Scale Business Platform,0
IND-ACC-2360,GST-INV-802428,2025-06-16,2999.0,Starter Startup Plan,0
IND-ACC-2140,GST-INV-800933,2025-06-16,5499.0,Starter Startup Plan,2500
IND-ACC-2072,GST-INV-800479,2025-06-16,17499.0,Growth Suite Pro,7500
IND-ACC-2251,GST-INV-801688,2025-06-16,42999.0,Scale Business Platform,18000
IND-ACC-2380,GST-INV-802593,2025-06-16,12499.0,Growth Suite Pro,2500
IND-ACC-2088,GST-INV-800580,2025-06-16,20999.0,Starter Startup Plan,18000
IND-ACC-2367,GST-INV-802477,2025-06-16,32499.0,Scale Business Platform,7500
IND-ACC-2065,GST-INV-800429,2025-06-16,9999.0,Growth Suite Pro,0
IND-ACC-2224,GST-INV-801510,2025-06-16,20999.0,Starter Startup Plan,18000
IND-ACC-2236,GST-INV-801575,2025-06-17,32499.0,Scale Business Platform,7500
IND-ACC-2235,GST-INV-801573,2025-06-17,24999.0,Scale Business Platform,0
IND-ACC-2032,GST-INV-800189,2025-06-17,42999.0,Scale Business Platform,18000
IND-ACC-2177,GST-INV-801185,2025-06-17,25999.0,Scale Business Platform,1000
IND-ACC-2220,GST-INV-801471,2025-06-17,9999.0,Growth Suite Pro,0
IND-ACC-2039,GST-INV-800232,2025-06-17,25999.0,Scale Business Platform,1000
IND-ACC-2115,GST-INV-800762,2025-06-17,17499.0,Growth Suite Pro,7500
IND-ACC-2106,GST-INV-800695,2025-06-17,5499.0,Starter Startup Plan,2500
IND-ACC-2221,GST-INV-801480,2025-06-17,17499.0,Growth Suite Pro,7500
IND-ACC-2297,GST-INV-802015,2025-06-17,10499.0,Starter Startup Plan,7500
IND-ACC-2059,GST-INV-800373,2025-06-17,27999.0,Growth Suite Pro,18000
IND-ACC-2359,GST-INV-802420,2025-06-17,27499.0,Scale Business Platform,2500
IND-ACC-2229,GST-INV-801545,2025-06-17,27999.0,Growth Suite Pro,18000
IND-ACC-2179,GST-INV-801195,2025-06-17,9999.0,Growth Suite Pro,0
IND-ACC-2345,GST-INV-802346,2025-06-17,2999.0,Starter Startup Plan,0
IND-ACC-2282,GST-INV-801905,2025-06-18,10499.0,Starter Startup Plan,7500
IND-ACC-2323,GST-INV-802210,2025-06-18,2999.0,Starter Startup Plan,0
IND-ACC-2256,GST-INV-801717,2025-06-18,32499.0,Scale Business Platform,7500
IND-ACC-2142,GST-INV-800945,2025-06-18,27499.0,Scale Business Platform,2500
IND-ACC-2195,GST-INV-801301,2025-06-18,2999.0,Starter Startup Plan,0
IND-ACC-2126,GST-INV-800843,2025-06-18,2999.0,Starter Startup Plan,0
IND-ACC-2291,GST-INV-801972,2025-06-18,3999.0,Starter Startup Plan,1000
IND-ACC-2163,GST-INV-801085,2025-06-18,2999.0,Starter Startup Plan,0
IND-ACC-2055,GST-INV-800339,2025-06-18,24999.0,Scale Business Platform,0
IND-ACC-2319,GST-INV-802187,2025-06-18,75999.0,Enterprise Custom Tier,1000
IND-ACC-2208,GST-INV-801388,2025-06-18,9999.0,Growth Suite Pro,0
IND-ACC-2295,GST-INV-802000,2025-06-18,42999.0,Scale Business Platform,18000
IND-ACC-2234,GST-INV-801567,2025-06-18,5499.0,Starter Startup Plan,2500
IND-ACC-2372,GST-INV-802521,2025-06-18,3999.0,Starter Startup Plan,1000
IND-ACC-2392,GST-INV-802666,2025-06-19,42999.0,Scale Business Platform,18000
IND-ACC-2014,GST-INV-800091,2025-06-19,5499.0,Starter Startup Plan,2500
IND-ACC-2298,GST-INV-802023,2025-06-19,20999.0,Starter Startup Plan,18000
IND-ACC-2342,GST-INV-802324,2025-06-19,27999.0,Growth Suite Pro,18000
IND-ACC-2201,GST-INV-801340,2025-06-19,27499.0,Scale Business Platform,2500
IND-ACC-2270,GST-INV-801820,2025-06-19,12499.0,Growth Suite Pro,2500
IND-ACC-2144,GST-INV-800954,2025-06-19,3999.0,Starter Startup Plan,1000
IND-ACC-2038,GST-INV-800224,2025-06-19,5499.0,Starter Startup Plan,2500
IND-ACC-2243,GST-INV-801627,2025-06-19,10999.0,Growth Suite Pro,1000
IND-ACC-2368,GST-INV-802485,2025-06-19,9999.0,Growth Suite Pro,0
IND-ACC-2174,GST-INV-801161,2025-06-20,10499.0,Starter Startup Plan,7500
IND-ACC-2321,GST-INV-802201,2025-06-20,9999.0,Growth Suite Pro,0
IND-ACC-2087,GST-INV-800571,2025-06-20,10999.0,Growth Suite Pro,1000
IND-ACC-2102,GST-INV-800669,2025-06-20,3999.0,Starter Startup Plan,1000
IND-ACC-2397,GST-INV-802692,2025-06-20,92999.0,Enterprise Custom Tier,18000
IND-ACC-2340,GST-INV-802311,2025-06-20,2999.0,Starter Startup Plan,0
IND-ACC-2276,GST-INV-801849,2025-06-20,9999.0,Growth Suite Pro,0
IND-ACC-2338,GST-INV-802300,2025-06-20,10999.0,Growth Suite Pro,1000
IND-ACC-2352,GST-INV-802381,2025-06-20,20999.0,Starter Startup Plan,18000
IND-ACC-2121,GST-INV-800807,2025-06-20,42999.0,Scale Business Platform,18000
IND-ACC-2203,GST-INV-801352,2025-06-20,25999.0,Scale Business Platform,1000
IND-ACC-2147,GST-INV-800986,2025-06-20,10999.0,Growth Suite Pro,1000
IND-ACC-2225,GST-INV-801516,2025-06-20,2999.0,Starter Startup Plan,0
IND-ACC-2343,GST-INV-802330,2025-06-20,42999.0,Scale Business Platform,18000
IND-ACC-2108,GST-INV-800708,2025-06-20,9999.0,Growth Suite Pro,0
IND-ACC-2135,GST-INV-800891,2025-06-20,42999.0,Scale Business Platform,18000
IND-ACC-2316,GST-INV-802167,2025-06-21,20999.0,Starter Startup Plan,18000
IND-ACC-2172,GST-INV-801143,2025-06-21,32499.0,Scale Business Platform,7500
IND-ACC-2057,GST-INV-800351,2025-06-21,5499.0,Starter Startup Plan,2500
IND-ACC-2110,GST-INV-800722,2025-06-21,42999.0,Scale Business Platform,18000
IND-ACC-2111,GST-INV-800728,2025-06-21,17499.0,Growth Suite Pro,7500
IND-ACC-2278,GST-INV-801870,2025-06-21,10999.0,Growth Suite Pro,1000
IND-ACC-2322,GST-INV-802204,2025-06-21,3999.0,Starter Startup Plan,1000
IND-ACC-2262,GST-INV-801758,2025-06-21,12499.0,Growth Suite Pro,2500
IND-ACC-2169,GST-INV-801123,2025-06-21,3999.0,Starter Startup Plan,1000
IND-ACC-2022,GST-INV-800137,2025-06-21,3999.0,Starter Startup Plan,1000
IND-ACC-2214,GST-INV-801425,2025-06-21,17499.0,Growth Suite Pro,7500
IND-ACC-2314,GST-INV-802157,2025-06-21,17499.0,Growth Suite Pro,7500
IND-ACC-2164,GST-INV-801089,2025-06-21,10499.0,Starter Startup Plan,7500
IND-ACC-2084,GST-INV-800553,2025-06-21,2999.0,Starter Startup Plan,0
IND-ACC-2211,GST-INV-801403,2025-06-21,5499.0,Starter Startup Plan,2500
IND-ACC-2263,GST-INV-801767,2025-06-22,5499.0,Starter Startup Plan,2500
IND-ACC-2301,GST-INV-802046,2025-06-22,12499.0,Growth Suite Pro,2500
IND-ACC-2113,GST-INV-800746,2025-06-22,42999.0,Scale Business Platform,18000
IND-ACC-2050,GST-INV-800299,2025-06-22,9999.0,Growth Suite Pro,0
IND-ACC-2184,GST-INV-801228,2025-06-22,27999.0,Growth Suite Pro,18000
IND-ACC-2258,GST-INV-801733,2025-06-22,10499.0,Starter Startup Plan,7500
IND-ACC-2292,GST-INV-801979,2025-06-22,9999.0,Growth Suite Pro,0
IND-ACC-2296,GST-INV-802009,2025-06-22,77499.0,Enterprise Custom Tier,2500
IND-ACC-2047,GST-INV-800277,2025-06-22,2999.0,Starter Startup Plan,0
IND-ACC-2216,GST-INV-801440,2025-06-22,82499.0,Enterprise Custom Tier,7500
IND-ACC-2068,GST-INV-800449,2025-06-22,2999.0,Starter Startup Plan,0
IND-ACC-2049,GST-INV-800293,2025-06-22,27999.0,Growth Suite Pro,18000
IND-ACC-2003,GST-INV-800026,2025-06-22,20999.0,Starter Startup Plan,18000
IND-ACC-2283,GST-INV-801914,2025-06-22,9999.0,Growth Suite Pro,0
IND-ACC-2175,GST-INV-801172,2025-06-23,10999.0,Growth Suite Pro,1000
IND-ACC-2044,GST-INV-800257,2025-06-23,10499.0,Starter Startup Plan,7500
IND-ACC-2264,GST-INV-801776,2025-06-23,3999.0,Starter Startup Plan,1000
IND-ACC-2015,GST-INV-800095,2025-06-23,92999.0,Enterprise Custom Tier,18000
IND-ACC-2093,GST-INV-800608,2025-06-23,32499.0,Scale Business Platform,7500
IND-ACC-2124,GST-INV-800827,2025-06-23,3999.0,Starter Startup Plan,1000
IND-ACC-2188,GST-INV-801258,2025-06-23,32499.0,Scale Business Platform,7500
IND-ACC-2187,GST-INV-801252,2025-06-23,27499.0,Scale Business Platform,2500
IND-ACC-2268,GST-INV-801806,2025-06-23,2999.0,Starter Startup Plan,0
IND-ACC-2128,GST-INV-800855,2025-06-23,17499.0,Growth Suite Pro,7500
IND-ACC-2060,GST-INV-800383,2025-06-23,9999.0,Growth Suite Pro,0
IND-ACC-2052,GST-INV-800318,2025-06-24,25999.0,Scale Business Platform,1000
IND-ACC-2341,GST-INV-802317,2025-06-24,5499.0,Starter Startup Plan,2500
IND-ACC-2133,GST-INV-800882,2025-06-24,17499.0,Growth Suite Pro,7500
IND-ACC-2331,GST-INV-802257,2025-06-24,17499.0,Growth Suite Pro,7500
IND-ACC-2377,GST-INV-802563,2025-06-24,20999.0,Starter Startup Plan,18000
IND-ACC-2159,GST-INV-801063,2025-06-24,5499.0,Starter Startup Plan,2500
IND-ACC-2369,GST-INV-802495,2025-06-24,9999.0,Growth Suite Pro,0
IND-ACC-2228,GST-INV-801536,2025-06-24,17499.0,Growth Suite Pro,7500
IND-ACC-2036,GST-INV-800216,2025-06-24,20999.0,Starter Startup Plan,18000
IND-ACC-2074,GST-INV-800497,2025-06-24,27499.0,Scale Business Platform,2500
IND-ACC-2375,GST-INV-802549,2025-06-24,10999.0,Growth Suite Pro,1000
IND-ACC-2362,GST-INV-802442,2025-06-25,20999.0,Starter Startup Plan,18000
IND-ACC-2309,GST-INV-802121,2025-06-25,9999.0,Growth Suite Pro,0
IND-ACC-2026,GST-INV-800155,2025-06-25,2999.0,Starter Startup Plan,0
IND-ACC-2118,GST-INV-800789,2025-06-25,20999.0,Starter Startup Plan,18000
IND-ACC-2116,GST-INV-800774,2025-06-25,20999.0,Starter Startup Plan,18000
IND-ACC-2095,GST-INV-800626,2025-06-25,20999.0,Starter Startup Plan,18000
IND-ACC-2165,GST-INV-801094,2025-06-25,9999.0,Growth Suite Pro,0
IND-ACC-2396,GST-INV-802684,2025-06-25,20999.0,Starter Startup Plan,18000
IND-ACC-2090,GST-INV-800587,2025-06-25,9999.0,Growth Suite Pro,0
IND-ACC-2067,GST-INV-800442,2025-06-25,25999.0,Scale Business Platform,1000
IND-ACC-2170,GST-INV-801130,2025-06-25,2999.0,Starter Startup Plan,0
IND-ACC-2242,GST-INV-801619,2025-06-25,2999.0,Starter Startup Plan,0
IND-ACC-2307,GST-INV-802103,2025-06-26,12499.0,Growth Suite Pro,2500
IND-ACC-2061,GST-INV-800391,2025-06-26,5499.0,Starter Startup Plan,2500
IND-ACC-2217,GST-INV-801447,2025-06-26,24999.0,Scale Business Platform,0
IND-ACC-2281,GST-INV-801894,2025-06-26,9999.0,Growth Suite Pro,0
IND-ACC-2119,GST-INV-800797,2025-06-26,9999.0,Growth Suite Pro,0
IND-ACC-2227,GST-INV-801528,2025-06-26,20999.0,Starter Startup Plan,18000
IND-ACC-2130,GST-INV-800866,2025-06-26,10499.0,Starter Startup Plan,7500
IND-ACC-2189,GST-INV-801263,2025-06-26,24999.0,Scale Business Platform,0
IND-ACC-2286,GST-INV-801933,2025-06-26,5499.0,Starter Startup Plan,2500
IND-ACC-2000,GST-INV-800006,2025-06-26,27999.0,Growth Suite Pro,18000
IND-ACC-2382,GST-INV-802614,2025-06-26,82499.0,Enterprise Custom Tier,7500
IND-ACC-2017,GST-INV-800107,2025-06-26,42999.0,Scale Business Platform,18000
IND-ACC-2046,GST-INV-800271,2025-06-27,5499.0,Starter Startup Plan,2500
IND-ACC-2355,GST-INV-802398,2025-06-27,12499.0,Growth Suite Pro,2500
IND-ACC-2016,GST-INV-800101,2025-06-27,3999.0,Starter Startup Plan,1000
IND-ACC-2337,GST-INV-802298,2025-06-27,92999.0,Enterprise Custom Tier,18000
IND-ACC-2151,GST-INV-801011,2025-06-27,3999.0,Starter Startup Plan,1000
IND-ACC-2290,GST-INV-801965,2025-06-27,25999.0,Scale Business Platform,1000
IND-ACC-2324,GST-INV-802217,2025-06-27,27499.0,Scale Business Platform,2500
IND-ACC-2114,GST-INV-800754,2025-06-27,77499.0,Enterprise Custom Tier,2500
IND-ACC-2158,GST-INV-801054,2025-06-27,27499.0,Scale Business Platform,2500
IND-ACC-2378,GST-INV-802572,2025-06-27,17499.0,Growth Suite Pro,7500
IND-ACC-2247,GST-INV-801664,2025-06-27,24999.0,Scale Business Platform,0
IND-ACC-2269,GST-INV-801813,2025-06-28,27999.0,Growth Suite Pro,18000
IND-ACC-2078,GST-INV-800520,2025-06-28,17499.0,Growth Suite Pro,7500
IND-ACC-2112,GST-INV-800738,2025-06-28,42999.0,Scale Business Platform,18000
IND-ACC-2304,GST-INV-802073,2025-06-28,24999.0,Scale Business Platform,0
IND-ACC-2166,GST-INV-801097,2025-06-28,12499.0,Growth Suite Pro,2500
IND-ACC-2285,GST-INV-801923,2025-06-28,10499.0,Starter Startup Plan,7500
IND-ACC-2376,GST-INV-802557,2025-06-28,20999.0,Starter Startup Plan,18000
IND-ACC-2277,GST-INV-801859,2025-06-28,5499.0,Starter Startup Plan,2500
IND-ACC-2240,GST-INV-801603,2025-06-28,42999.0,Scale Business Platform,18000
IND-ACC-2091,GST-INV-800596,2025-06-28,77499.0,Enterprise Custom Tier,2500
IND-ACC-2308,GST-INV-802114,2025-06-28,10999.0,Growth Suite Pro,1000
IND-ACC-2370,GST-INV-802507,2025-06-28,5499.0,Starter Startup Plan,2500
IND-ACC-2058,GST-INV-800362,2025-06-29,27499.0,Scale Business Platform,2500
IND-ACC-2002,GST-INV-800019,2025-06-29,10499.0,Starter Startup Plan,7500
IND-ACC-2332,GST-INV-802266,2025-06-29,10499.0,Starter Startup Plan,7500
IND-ACC-2374,GST-INV-802539,2025-06-29,12499.0,Growth Suite Pro,2500
IND-ACC-2209,GST-INV-801393,2025-06-29,25999.0,Scale Business Platform,1000
IND-ACC-2186,GST-INV-801245,2025-06-29,5499.0,Starter Startup Plan,2500
IND-ACC-2069,GST-INV-800457,2025-06-29,92999.0,Enterprise Custom Tier,18000
IND-ACC-2162,GST-INV-801077,2025-06-29,27999.0,Growth Suite Pro,18000
IND-ACC-2366,GST-INV-802466,2025-06-29,42999.0,Scale Business Platform,18000
IND-ACC-2191,GST-INV-801274,2025-06-29,10499.0,Starter Startup Plan,7500
IND-ACC-2379,GST-INV-802583,2025-06-29,10499.0,Starter Startup Plan,7500
IND-ACC-2173,GST-INV-801151,2025-06-29,27999.0,Growth Suite Pro,18000
IND-ACC-2320,GST-INV-802192,2025-06-29,17499.0,Growth Suite Pro,7500
IND-ACC-2348,GST-INV-802359,2025-06-30,20999.0,Starter Startup Plan,18000
IND-ACC-2070,GST-INV-800465,2025-06-30,9999.0,Growth Suite Pro,0
IND-ACC-2266,GST-INV-801787,2025-06-30,9999.0,Growth Suite Pro,0
IND-ACC-2318,GST-INV-802183,2025-06-30,9999.0,Growth Suite Pro,0
IND-ACC-2071,GST-INV-800471,2025-06-30,10499.0,Starter Startup Plan,7500
IND-ACC-2062,GST-INV-800399,2025-06-30,12499.0,Growth Suite Pro,2500
IND-ACC-2261,GST-INV-801750,2025-06-30,9999.0,Growth Suite Pro,0
IND-ACC-2019,GST-INV-800116,2025-06-30,20999.0,Starter Startup Plan,18000
IND-ACC-2353,GST-INV-802390,2025-06-30,2999.0,Starter Startup Plan,0
IND-ACC-2349,GST-INV-802365,2025-06-30,32499.0,Scale Business Platform,7500
IND-ACC-2245,GST-INV-801641,2025-06-30,9999.0,Growth Suite Pro,0
IND-ACC-2381,GST-INV-802604,2025-06-30,17499.0,Growth Suite Pro,7500
IND-ACC-2105,GST-INV-800687,2025-07-01,10499.0,Starter Startup Plan,7500
IND-ACC-2048,GST-INV-800285,2025-07-01,27499.0,Scale Business Platform,2500
IND-ACC-2021,GST-INV-800128,2025-07-01,10999.0,Growth Suite Pro,1000
IND-ACC-2232,GST-INV-801562,2025-07-01,5499.0,Starter Startup Plan,2500
IND-ACC-2035,GST-INV-800205,2025-07-01,5499.0,Starter Startup Plan,2500
IND-ACC-2257,GST-INV-801727,2025-07-01,10999.0,Growth Suite Pro,1000
IND-ACC-2246,GST-INV-801653,2025-07-01,20999.0,Starter Startup Plan,18000
IND-ACC-2101,GST-INV-800658,2025-07-01,12499.0,Growth Suite Pro,2500
IND-ACC-2063,GST-INV-800411,2025-07-02,27999.0,Growth Suite Pro,18000
IND-ACC-2129,GST-INV-800859,2025-07-02,12499.0,Growth Suite Pro,2500
IND-ACC-2132,GST-INV-800875,2025-07-02,12499.0,Growth Suite Pro,2500
IND-ACC-2008,GST-INV-800050,2025-07-02,24999.0,Scale Business Platform,0
IND-ACC-2145,GST-INV-800966,2025-07-02,27499.0,Scale Business Platform,2500
IND-ACC-2192,GST-INV-801284,2025-07-02,9999.0,Growth Suite Pro,0
IND-ACC-2045,GST-INV-800264,2025-07-02,20999.0,Starter Startup Plan,18000
IND-ACC-2279,GST-INV-801876,2025-07-02,5499.0,Starter Startup Plan,2500
IND-ACC-2029,GST-INV-800179,2025-07-02,42999.0,Scale Business Platform,18000
IND-ACC-2312,GST-INV-802145,2025-07-02,20999.0,Starter Startup Plan,18000
IND-ACC-2027,GST-INV-800164,2025-07-02,10999.0,Growth Suite Pro,1000
IND-ACC-2034,GST-INV-800198,2025-07-02,5499.0,Starter Startup Plan,2500
IND-ACC-2334,GST-INV-802274,2025-07-02,10499.0,Starter Startup Plan,7500
IND-ACC-2167,GST-INV-801104,2025-07-02,75999.0,Enterprise Custom Tier,1000
IND-ACC-2241,GST-INV-801611,2025-07-02,32499.0,Scale Business Platform,7500
IND-ACC-2383,GST-INV-802623,2025-07-02,25999.0,Scale Business Platform,1000
IND-ACC-2094,GST-INV-800618,2025-07-03,12499.0,Growth Suite Pro,2500
IND-ACC-2077,GST-INV-800512,2025-07-03,42999.0,Scale Business Platform,18000
IND-ACC-2299,GST-INV-802028,2025-07-03,10999.0,Growth Suite Pro,1000
IND-ACC-2303,GST-INV-802062,2025-07-03,17499.0,Growth Suite Pro,7500
IND-ACC-2222,GST-INV-801490,2025-07-03,17499.0,Growth Suite Pro,7500
IND-ACC-2103,GST-INV-800675,2025-07-03,9999.0,Growth Suite Pro,0
IND-ACC-2302,GST-INV-802051,2025-07-03,10499.0,Starter Startup Plan,7500
IND-ACC-2041,GST-INV-800238,2025-07-03,20999.0,Starter Startup Plan,18000
IND-ACC-2204,GST-INV-801362,2025-07-03,3999.0,Starter Startup Plan,1000
IND-ACC-2138,GST-INV-800914,2025-07-03,25999.0,Scale Business Platform,1000
IND-ACC-2182,GST-INV-801215,2025-07-03,3999.0,Starter Startup Plan,1000
IND-ACC-2388,GST-INV-802642,2025-07-03,10999.0,Growth Suite Pro,1000
IND-ACC-2365,GST-INV-802459,2025-07-03,10499.0,Starter Startup Plan,7500
IND-ACC-2168,GST-INV-801113,2025-07-03,24999.0,Scale Business Platform,0
IND-ACC-2079,GST-INV-800528,2025-07-03,10499.0,Starter Startup Plan,7500
IND-ACC-2335,GST-INV-802281,2025-07-04,75999.0,Enterprise Custom Tier,1000
IND-ACC-2197,GST-INV-801316,2025-07-04,42999.0,Scale Business Platform,18000
IND-ACC-2030,GST-INV-800183,2025-07-04,5499.0,Starter Startup Plan,2500
IND-ACC-2153,GST-INV-801021,2025-07-04,5499.0,Starter Startup Plan,2500
IND-ACC-2386,GST-INV-802632,2025-07-04,10499.0,Starter Startup Plan,7500
IND-ACC-2267,GST-INV-801796,2025-07-04,27999.0,Growth Suite Pro,18000
IND-ACC-2149,GST-INV-801002,2025-07-05,25999.0,Scale Business Platform,1000
IND-ACC-2156,GST-INV-801041,2025-07-05,5499.0,Starter Startup Plan,2500
IND-ACC-2148,GST-INV-800993,2025-07-05,9999.0,Growth Suite Pro,0
IND-ACC-2012,GST-INV-800080,2025-07-05,12499.0,Growth Suite Pro,2500
IND-ACC-2361,GST-INV-802433,2025-07-05,10999.0,Growth Suite Pro,1000
IND-ACC-2249,GST-INV-801679,2025-07-06,3999.0,Starter Startup Plan,1000
IND-ACC-2305,GST-INV-802083,2025-07-06,32499.0,Scale Business Platform,7500
IND-ACC-2161,GST-INV-801071,2025-07-06,27499.0,Scale Business Platform,2500
IND-ACC-2152,GST-INV-801017,2025-07-06,17499.0,Growth Suite Pro,7500
IND-ACC-2001,GST-INV-800014,2025-07-06,17499.0,Growth Suite Pro,7500
IND-ACC-2239,GST-INV-801594,2025-07-06,32499.0,Scale Business Platform,7500
IND-ACC-2011,GST-INV-800071,2025-07-06,20999.0,Starter Startup Plan,18000
IND-ACC-2176,GST-INV-801180,2025-07-06,3999.0,Starter Startup Plan,1000
IND-ACC-2146,GST-INV-800977,2025-07-07,25999.0,Scale Business Platform,1000
IND-ACC-2294,GST-INV-801997,2025-07-07,10999.0,Growth Suite Pro,1000
IND-ACC-2384,GST-INV-802626,2025-07-07,24999.0,Scale Business Platform,0
IND-ACC-2230,GST-INV-801550,2025-07-07,27499.0,Scale Business Platform,2500
IND-ACC-2237,GST-INV-801581,2025-07-07,24999.0,Scale Business Platform,0
IND-ACC-2364,GST-INV-802452,2025-07-08,92999.0,Enterprise Custom Tier,18000
IND-ACC-2190,GST-INV-801266,2025-07-08,5499.0,Starter Startup Plan,2500
IND-ACC-2272,GST-INV-801827,2025-07-08,2999.0,Starter Startup Plan,0
IND-ACC-2117,GST-INV-800784,2025-07-08,9999.0,Growth Suite Pro,0
IND-ACC-2053,GST-INV-800322,2025-07-09,24999.0,Scale Business Platform,0
IND-ACC-2293,GST-INV-801990,2025-07-09,27999.0,Growth Suite Pro,18000
IND-ACC-2180,GST-INV-801198,2025-07-09,24999.0,Scale Business Platform,0
IND-ACC-2317,GST-INV-802175,2025-07-09,2999.0,Starter Startup Plan,0
IND-ACC-2122,GST-INV-800814,2025-07-10,9999.0,Growth Suite Pro,0
IND-ACC-2178,GST-INV-801190,2025-07-10,12499.0,Growth Suite Pro,2500
IND-ACC-2206,GST-INV-801372,2025-07-11,82499.0,Enterprise Custom Tier,7500
IND-ACC-2259,GST-INV-801738,2025-07-11,10999.0,Growth Suite Pro,1000
IND-ACC-2141,GST-INV-800940,2025-07-11,27499.0,Scale Business Platform,2500
IND-ACC-2085,GST-INV-800561,2025-07-11,5499.0,Starter Startup Plan,2500
IND-ACC-2231,GST-INV-801556,2025-07-11,32499.0,Scale Business Platform,7500
IND-ACC-2284,GST-INV-801920,2025-07-12,27999.0,Growth Suite Pro,18000
IND-ACC-2287,GST-INV-801942,2025-07-12,12499.0,Growth Suite Pro,2500
IND-ACC-2136,GST-INV-800895,2025-07-12,12499.0,Growth Suite Pro,2500
IND-ACC-2273,GST-INV-801835,2025-07-12,20999.0,Starter Startup Plan,18000
IND-ACC-2056,GST-INV-800344,2025-07-12,32499.0,Scale Business Platform,7500
IND-ACC-2265,GST-INV-801781,2025-07-12,27999.0,Growth Suite Pro,18000
IND-ACC-2033,GST-INV-800193,2025-07-12,27499.0,Scale Business Platform,2500
IND-ACC-2313,GST-INV-802150,2025-07-12,27999.0,Growth Suite Pro,18000
IND-ACC-2081,GST-INV-800540,2025-07-12,27499.0,Scale Business Platform,2500
IND-ACC-2037,GST-INV-800223,2025-07-13,3999.0,Starter Startup Plan,1000
IND-ACC-2260,GST-INV-801742,2025-07-13,27999.0,Growth Suite Pro,18000
IND-ACC-2311,GST-INV-802134,2025-07-13,5499.0,Starter Startup Plan,2500
IND-ACC-2207,GST-INV-801382,2025-07-13,32499.0,Scale Business Platform,7500
IND-ACC-2157,GST-INV-801048,2025-07-14,20999.0,Starter Startup Plan,18000
IND-ACC-2073,GST-INV-800488,2025-07-14,10999.0,Growth Suite Pro,1000
IND-ACC-2185,GST-INV-801234,2025-07-14,20999.0,Starter Startup Plan,18000
IND-ACC-2219,GST-INV-801464,2025-07-14,5499.0,Starter Startup Plan,2500
IND-ACC-2028,GST-INV-800171,2025-07-14,24999.0,Scale Business Platform,0
IND-ACC-2139,GST-INV-800922,2025-07-14,24999.0,Scale Business Platform,0
IND-ACC-2155,GST-INV-801030,2025-07-14,20999.0,Starter Startup Plan,18000
IND-ACC-2223,GST-INV-801497,2025-07-14,5499.0,Starter Startup Plan,2500
IND-ACC-2009,GST-INV-800059,2025-07-14,77499.0,Enterprise Custom Tier,2500
IND-ACC-2336,GST-INV-802287,2025-07-14,3999.0,Starter Startup Plan,1000
IND-ACC-2310,GST-INV-802128,2025-07-14,10999.0,Growth Suite Pro,1000
IND-ACC-2054,GST-INV-800330,2025-07-14,10999.0,Growth Suite Pro,1000
IND-ACC-2051,GST-INV-800307,2025-07-14,10499.0,Starter Startup Plan,7500
IND-ACC-2289,GST-INV-801956,2025-07-14,5499.0,Starter Startup Plan,2500
IND-ACC-2134,GST-INV-800888,2025-07-14,2999.0,Starter Startup Plan,0
IND-ACC-2394,GST-INV-802676,2025-07-14,27499.0,Scale Business Platform,2500
IND-ACC-2274,GST-INV-801841,2025-07-14,2999.0,Starter Startup Plan,0
IND-ACC-2200,GST-INV-801333,2025-07-14,20999.0,Starter Startup Plan,18000
IND-ACC-2193,GST-INV-801291,2025-07-14,5499.0,Starter Startup Plan,2500
IND-ACC-2010,GST-INV-800065,2025-07-15,24999.0,Scale Business Platform,0
IND-ACC-2025,GST-INV-800151,2025-07-15,27499.0,Scale Business Platform,2500
IND-ACC-2255,GST-INV-801708,2025-07-15,3999.0,Starter Startup Plan,1000
IND-ACC-2137,GST-INV-800902,2025-07-15,9999.0,Growth Suite Pro,0
IND-ACC-2043,GST-INV-800248,2025-07-15,17499.0,Growth Suite Pro,7500
IND-ACC-2350,GST-INV-802374,2025-07-15,27499.0,Scale Business Platform,2500
IND-ACC-2212,GST-INV-801413,2025-07-15,3999.0,Starter Startup Plan,1000
IND-ACC-2329,GST-INV-802243,2025-07-15,27499.0,Scale Business Platform,2500
IND-ACC-2306,GST-INV-802090,2025-07-15,17499.0,Growth Suite Pro,7500
IND-ACC-2326,GST-INV-802228,2025-07-15,10499.0,Starter Startup Plan,7500
IND-ACC-2215,GST-INV-801433,2025-07-15,20999.0,Starter Startup Plan,18000
IND-ACC-2390,GST-INV-802653,2025-07-15,5499.0,Starter Startup Plan,2500
IND-ACC-2199,GST-INV-801325,2025-07-15,12499.0,Growth Suite Pro,2500
IND-ACC-2280,GST-INV-801885,2025-07-15,10499.0,Starter Startup Plan,7500
IND-ACC-2300,GST-INV-802034,2025-07-15,27499.0,Scale Business Platform,2500
IND-ACC-2183,GST-INV-801224,2025-07-15,5499.0,Starter Startup Plan,2500
IND-ACC-2385,GST-INV-802631,2025-07-15,27999.0,Growth Suite Pro,18000
IND-ACC-2238,GST-INV-801584,2025-07-15,25999.0,Scale Business Platform,1000
IND-ACC-2330,GST-INV-802248,2025-07-15,10999.0,Growth Suite Pro,1000
IND-ACC-2315,GST-INV-802161,2025-07-15,3999.0,Starter Startup Plan,1000
IND-ACC-2181,GST-INV-801205,2025-07-16,27999.0,Growth Suite Pro,18000
IND-ACC-2196,GST-INV-801308,2025-07-16,17499.0,Growth Suite Pro,7500
IND-ACC-2367,GST-INV-802476,2025-07-16,24999.0,Scale Business Platform,0
IND-ACC-2373,GST-INV-802530,2025-07-16,27999.0,Growth Suite Pro,18000
IND-ACC-2064,GST-INV-800418,2025-07-16,9999.0,Growth Suite Pro,0
IND-ACC-2399,GST-INV-802697,2025-07-16,77499.0,Enterprise Custom Tier,2500
IND-ACC-2251,GST-INV-801687,2025-07-16,42999.0,Scale Business Platform,18000
IND-ACC-2007,GST-INV-800044,2025-07-16,10499.0,Starter Startup Plan,7500
IND-ACC-2065,GST-INV-800428,2025-07-16,12499.0,Growth Suite Pro,2500
IND-ACC-2288,GST-INV-801949,2025-07-16,20999.0,Starter Startup Plan,18000
IND-ACC-2072,GST-INV-800478,2025-07-16,9999.0,Growth Suite Pro,0
IND-ACC-2252,GST-INV-801694,2025-07-16,17499.0,Growth Suite Pro,7500
IND-ACC-2140,GST-INV-800932,2025-07-16,2999.0,Starter Startup Plan,0
IND-ACC-2380,GST-INV-802592,2025-07-16,10999.0,Growth Suite Pro,1000
IND-ACC-2097,GST-INV-800639,2025-07-16,5499.0,Starter Startup Plan,2500
IND-ACC-2360,GST-INV-802427,2025-07-16,3999.0,Starter Startup Plan,1000
IND-ACC-2224,GST-INV-801509,2025-07-16,10499.0,Starter Startup Plan,7500
IND-ACC-2218,GST-INV-801456,2025-07-16,25999.0,Scale Business Platform,1000
IND-ACC-2088,GST-INV-800579,2025-07-16,10499.0,Starter Startup Plan,7500
IND-ACC-2393,GST-INV-802668,2025-07-16,82499.0,Enterprise Custom Tier,7500
IND-ACC-2177,GST-INV-801184,2025-07-17,27499.0,Scale Business Platform,2500
IND-ACC-2220,GST-INV-801470,2025-07-17,17499.0,Growth Suite Pro,7500
IND-ACC-2080,GST-INV-800535,2025-07-17,10999.0,Growth Suite Pro,1000
IND-ACC-2039,GST-INV-800231,2025-07-17,42999.0,Scale Business Platform,18000
IND-ACC-2032,GST-INV-800188,2025-07-17,32499.0,Scale Business Platform,7500
IND-ACC-2356,GST-INV-802406,2025-07-17,17499.0,Growth Suite Pro,7500
IND-ACC-2115,GST-INV-800761,2025-07-17,10999.0,Growth Suite Pro,1000
IND-ACC-2345,GST-INV-802345,2025-07-17,3999.0,Starter Startup Plan,1000
IND-ACC-2107,GST-INV-800702,2025-07-17,27999.0,Growth Suite Pro,18000
IND-ACC-2075,GST-INV-800504,2025-07-17,3999.0,Starter Startup Plan,1000
IND-ACC-2059,GST-INV-800372,2025-07-17,12499.0,Growth Suite Pro,2500
IND-ACC-2235,GST-INV-801572,2025-07-17,25999.0,Scale Business Platform,1000
IND-ACC-2106,GST-INV-800694,2025-07-17,3999.0,Starter Startup Plan,1000
IND-ACC-2297,GST-INV-802014,2025-07-17,3999.0,Starter Startup Plan,1000
IND-ACC-2221,GST-INV-801479,2025-07-17,27999.0,Growth Suite Pro,18000
IND-ACC-2229,GST-INV-801544,2025-07-17,17499.0,Growth Suite Pro,7500
IND-ACC-2359,GST-INV-802419,2025-07-17,24999.0,Scale Business Platform,0
IND-ACC-2179,GST-INV-801194,2025-07-17,12499.0,Growth Suite Pro,2500
IND-ACC-2323,GST-INV-802209,2025-07-18,20999.0,Starter Startup Plan,18000
IND-ACC-2319,GST-INV-802186,2025-07-18,77499.0,Enterprise Custom Tier,2500
IND-ACC-2372,GST-INV-802520,2025-07-18,5499.0,Starter Startup Plan,2500
IND-ACC-2256,GST-INV-801716,2025-07-18,24999.0,Scale Business Platform,0
IND-ACC-2282,GST-INV-801904,2025-07-18,3999.0,Starter Startup Plan,1000
IND-ACC-2163,GST-INV-801084,2025-07-18,10499.0,Starter Startup Plan,7500
IND-ACC-2195,GST-INV-801300,2025-07-18,3999.0,Starter Startup Plan,1000
IND-ACC-2055,GST-INV-800338,2025-07-18,25999.0,Scale Business Platform,1000
IND-ACC-2126,GST-INV-800842,2025-07-18,3999.0,Starter Startup Plan,1000
IND-ACC-2291,GST-INV-801971,2025-07-18,20999.0,Starter Startup Plan,18000
IND-ACC-2357,GST-INV-802410,2025-07-18,17499.0,Growth Suite Pro,7500
IND-ACC-2295,GST-INV-801999,2025-07-18,24999.0,Scale Business Platform,0
IND-ACC-2142,GST-INV-800944,2025-07-18,42999.0,Scale Business Platform,18000
IND-ACC-2208,GST-INV-801387,2025-07-18,12499.0,Growth Suite Pro,2500
IND-ACC-2270,GST-INV-801819,2025-07-19,9999.0,Growth Suite Pro,0
IND-ACC-2144,GST-INV-800953,2025-07-19,10499.0,Starter Startup Plan,7500
IND-ACC-2368,GST-INV-802484,2025-07-19,10999.0,Growth Suite Pro,1000
IND-ACC-2014,GST-INV-800090,2025-07-19,10499.0,Starter Startup Plan,7500
IND-ACC-2298,GST-INV-802022,2025-07-19,5499.0,Starter Startup Plan,2500
IND-ACC-2201,GST-INV-801339,2025-07-19,42999.0,Scale Business Platform,18000
IND-ACC-2342,GST-INV-802323,2025-07-19,9999.0,Growth Suite Pro,0
IND-ACC-2243,GST-INV-801626,2025-07-19,17499.0,Growth Suite Pro,7500
IND-ACC-2392,GST-INV-802665,2025-07-19,27499.0,Scale Business Platform,2500
IND-ACC-2343,GST-INV-802329,2025-07-20,32499.0,Scale Business Platform,7500
IND-ACC-2276,GST-INV-801848,2025-07-20,10999.0,Growth Suite Pro,1000
IND-ACC-2121,GST-INV-800806,2025-07-20,25999.0,Scale Business Platform,1000
IND-ACC-2338,GST-INV-802299,2025-07-20,10999.0,Growth Suite Pro,1000
IND-ACC-2174,GST-INV-801160,2025-07-20,5499.0,Starter Startup Plan,2500
IND-ACC-2108,GST-INV-800707,2025-07-20,17499.0,Growth Suite Pro,7500
IND-ACC-2321,GST-INV-802200,2025-07-20,27999.0,Growth Suite Pro,18000
IND-ACC-2104,GST-INV-800681,2025-07-20,2999.0,Starter Startup Plan,0
IND-ACC-2225,GST-INV-801515,2025-07-20,20999.0,Starter Startup Plan,18000
IND-ACC-2147,GST-INV-800985,2025-07-20,27999.0,Growth Suite Pro,18000
IND-ACC-2102,GST-INV-800668,2025-07-20,10499.0,Starter Startup Plan,7500
IND-ACC-2352,GST-INV-802380,2025-07-20,3999.0,Starter Startup Plan,1000
IND-ACC-2340,GST-INV-802310,2025-07-20,3999.0,Starter Startup Plan,1000
IND-ACC-2397,GST-INV-802691,2025-07-20,92999.0,Enterprise Custom Tier,18000
IND-ACC-2087,GST-INV-800570,2025-07-20,17499.0,Growth Suite Pro,7500
IND-ACC-2203,GST-INV-801351,2025-07-20,42999.0,Scale Business Platform,18000
IND-ACC-2013,GST-INV-800086,2025-07-21,27999.0,Growth Suite Pro,18000
IND-ACC-2262,GST-INV-801757,2025-07-21,10999.0,Growth Suite Pro,1000
IND-ACC-2110,GST-INV-800721,2025-07-21,27499.0,Scale Business Platform,2500
IND-ACC-2111,GST-INV-800727,2025-07-21,12499.0,Growth Suite Pro,2500
IND-ACC-2278,GST-INV-801869,2025-07-21,17499.0,Growth Suite Pro,7500
IND-ACC-2169,GST-INV-801122,2025-07-21,10499.0,Starter Startup Plan,7500
IND-ACC-2211,GST-INV-801402,2025-07-21,10499.0,Starter Startup Plan,7500
IND-ACC-2316,GST-INV-802166,2025-07-21,3999.0,Starter Startup Plan,1000
IND-ACC-2328,GST-INV-802239,2025-07-21,17499.0,Growth Suite Pro,7500
IND-ACC-2214,GST-INV-801424,2025-07-21,27999.0,Growth Suite Pro,18000
IND-ACC-2022,GST-INV-800136,2025-07-21,5499.0,Starter Startup Plan,2500
IND-ACC-2322,GST-INV-802203,2025-07-21,2999.0,Starter Startup Plan,0
IND-ACC-2084,GST-INV-800552,2025-07-21,20999.0,Starter Startup Plan,18000
IND-ACC-2172,GST-INV-801142,2025-07-21,27499.0,Scale Business Platform,2500
IND-ACC-2123,GST-INV-800821,2025-07-21,20999.0,Starter Startup Plan,18000
IND-ACC-2057,GST-INV-800350,2025-07-21,5499.0,Starter Startup Plan,2500
IND-ACC-2314,GST-INV-802156,2025-07-21,12499.0,Growth Suite Pro,2500
IND-ACC-2301,GST-INV-802045,2025-07-22,9999.0,Growth Suite Pro,0
IND-ACC-2296,GST-INV-802008,2025-07-22,77499.0,Enterprise Custom Tier,2500
IND-ACC-2050,GST-INV-800298,2025-07-22,10999.0,Growth Suite Pro,1000
IND-ACC-2049,GST-INV-800292,2025-07-22,17499.0,Growth Suite Pro,7500
IND-ACC-2283,GST-INV-801913,2025-07-22,17499.0,Growth Suite Pro,7500
IND-ACC-2263,GST-INV-801766,2025-07-22,5499.0,Starter Startup Plan,2500
IND-ACC-2184,GST-INV-801227,2025-07-22,10999.0,Growth Suite Pro,1000
IND-ACC-2292,GST-INV-801978,2025-07-22,10999.0,Growth Suite Pro,1000
IND-ACC-2047,GST-INV-800276,2025-07-22,10499.0,Starter Startup Plan,7500
IND-ACC-2068,GST-INV-800448,2025-07-22,20999.0,Starter Startup Plan,18000
IND-ACC-2098,GST-INV-800647,2025-07-22,5499.0,Starter Startup Plan,2500
IND-ACC-2113,GST-INV-800745,2025-07-22,25999.0,Scale Business Platform,1000
IND-ACC-2216,GST-INV-801439,2025-07-22,92999.0,Enterprise Custom Tier,18000
IND-ACC-2003,GST-INV-800025,2025-07-22,3999.0,Starter Startup Plan,1000
IND-ACC-2258,GST-INV-801732,2025-07-22,10499.0,Starter Startup Plan,7500
IND-ACC-2175,GST-INV-801171,2025-07-23,12499.0,Growth Suite Pro,2500
IND-ACC-2015,GST-INV-800094,2025-07-23,92999.0,Enterprise Custom Tier,18000
IND-ACC-2128,GST-INV-800854,2025-07-23,27999.0,Growth Suite Pro,18000
IND-ACC-2060,GST-INV-800382,2025-07-23,17499.0,Growth Suite Pro,7500
IND-ACC-2124,GST-INV-800826,2025-07-23,5499.0,Starter Startup Plan,2500
IND-ACC-2264,GST-INV-801775,2025-07-23,20999.0,Starter Startup Plan,18000
IND-ACC-2187,GST-INV-801251,2025-07-23,27499.0,Scale Business Platform,2500
IND-ACC-2093,GST-INV-800607,2025-07-23,32499.0,Scale Business Platform,7500
IND-ACC-2044,GST-INV-800256,2025-07-23,2999.0,Starter Startup Plan,0
IND-ACC-2188,GST-INV-801257,2025-07-23,32499.0,Scale Business Platform,7500
IND-ACC-2268,GST-INV-801805,2025-07-23,5499.0,Starter Startup Plan,2500
IND-ACC-2341,GST-INV-802316,2025-07-24,5499.0,Starter Startup Plan,2500
IND-ACC-2074,GST-INV-800496,2025-07-24,32499.0,Scale Business Platform,7500
IND-ACC-2375,GST-INV-802548,2025-07-24,9999.0,Growth Suite Pro,0
IND-ACC-2377,GST-INV-802562,2025-07-24,3999.0,Starter Startup Plan,1000
IND-ACC-2133,GST-INV-800881,2025-07-24,9999.0,Growth Suite Pro,0
IND-ACC-2369,GST-INV-802494,2025-07-24,10999.0,Growth Suite Pro,1000
IND-ACC-2036,GST-INV-800215,2025-07-24,3999.0,Starter Startup Plan,1000
IND-ACC-2159,GST-INV-801062,2025-07-24,10499.0,Starter Startup Plan,7500
IND-ACC-2228,GST-INV-801535,2025-07-24,9999.0,Growth Suite Pro,0
IND-ACC-2331,GST-INV-802256,2025-07-24,10999.0,Growth Suite Pro,1000
IND-ACC-2052,GST-INV-800317,2025-07-24,42999.0,Scale Business Platform,18000
IND-ACC-2362,GST-INV-802441,2025-07-25,5499.0,Starter Startup Plan,2500
IND-ACC-2118,GST-INV-800788,2025-07-25,10499.0,Starter Startup Plan,7500
IND-ACC-2309,GST-INV-802120,2025-07-25,27999.0,Growth Suite Pro,18000
IND-ACC-2396,GST-INV-802683,2025-07-25,2999.0,Starter Startup Plan,0
IND-ACC-2116,GST-INV-800773,2025-07-25,3999.0,Starter Startup Plan,1000
IND-ACC-2165,GST-INV-801093,2025-07-25,17499.0,Growth Suite Pro,7500
IND-ACC-2095,GST-INV-800625,2025-07-25,5499.0,Starter Startup Plan,2500
IND-ACC-2170,GST-INV-801129,2025-07-25,20999.0,Starter Startup Plan,18000
IND-ACC-2242,GST-INV-801618,2025-07-25,10499.0,Starter Startup Plan,7500
IND-ACC-2067,GST-INV-800441,2025-07-25,27499.0,Scale Business Platform,2500
IND-ACC-2090,GST-INV-800586,2025-07-25,10999.0,Growth Suite Pro,1000
IND-ACC-2189,GST-INV-801262,2025-07-26,25999.0,Scale Business Platform,1000
IND-ACC-2281,GST-INV-801893,2025-07-26,17499.0,Growth Suite Pro,7500
IND-ACC-2017,GST-INV-800106,2025-07-26,24999.0,Scale Business Platform,0
IND-ACC-2286,GST-INV-801932,2025-07-26,5499.0,Starter Startup Plan,2500
IND-ACC-2000,GST-INV-800005,2025-07-26,17499.0,Growth Suite Pro,7500
IND-ACC-2130,GST-INV-800865,2025-07-26,20999.0,Starter Startup Plan,18000
IND-ACC-2382,GST-INV-802613,2025-07-26,92999.0,Enterprise Custom Tier,18000
IND-ACC-2227,GST-INV-801527,2025-07-26,20999.0,Starter Startup Plan,18000
IND-ACC-2248,GST-INV-801674,2025-07-26,9999.0,Growth Suite Pro,0
IND-ACC-2119,GST-INV-800796,2025-07-26,9999.0,Growth Suite Pro,0
IND-ACC-2307,GST-INV-802102,2025-07-26,17499.0,Growth Suite Pro,7500
IND-ACC-2217,GST-INV-801446,2025-07-26,32499.0,Scale Business Platform,7500
IND-ACC-2061,GST-INV-800390,2025-07-26,5499.0,Starter Startup Plan,2500
IND-ACC-2114,GST-INV-800753,2025-07-27,77499.0,Enterprise Custom Tier,2500
IND-ACC-2290,GST-INV-801964,2025-07-27,24999.0,Scale Business Platform,0
IND-ACC-2151,GST-INV-801010,2025-07-27,20999.0,Starter Startup Plan,18000
IND-ACC-2247,GST-INV-801663,2025-07-27,24999.0,Scale Business Platform,0
IND-ACC-2378,GST-INV-802571,2025-07-27,27999.0,Growth Suite Pro,18000
IND-ACC-2158,GST-INV-801053,2025-07-27,24999.0,Scale Business Platform,0
IND-ACC-2046,GST-INV-800270,2025-07-27,20999.0,Starter Startup Plan,18000
IND-ACC-2324,GST-INV-802216,2025-07-27,27499.0,Scale Business Platform,2500
IND-ACC-2096,GST-INV-800634,2025-07-27,25999.0,Scale Business Platform,1000
IND-ACC-2337,GST-INV-802297,2025-07-27,74999.0,Enterprise Custom Tier,0
IND-ACC-2355,GST-INV-802397,2025-07-27,27999.0,Growth Suite Pro,18000
IND-ACC-2016,GST-INV-800100,2025-07-27,3999.0,Starter Startup Plan,1000
IND-ACC-2325,GST-INV-802224,2025-07-28,75999.0,Enterprise Custom Tier,1000
IND-ACC-2277,GST-INV-801858,2025-07-28,2999.0,Starter Startup Plan,0
IND-ACC-2376,GST-INV-802556,2025-07-28,5499.0,Starter Startup Plan,2500
IND-ACC-2308,GST-INV-802113,2025-07-28,9999.0,Growth Suite Pro,0
IND-ACC-2304,GST-INV-802072,2025-07-28,24999.0,Scale Business Platform,0
IND-ACC-2166,GST-INV-801096,2025-07-28,9999.0,Growth Suite Pro,0
IND-ACC-2091,GST-INV-800595,2025-07-28,77499.0,Enterprise Custom Tier,2500
IND-ACC-2240,GST-INV-801602,2025-07-28,27499.0,Scale Business Platform,2500
IND-ACC-2160,GST-INV-801068,2025-07-28,20999.0,Starter Startup Plan,18000
IND-ACC-2269,GST-INV-801812,2025-07-28,12499.0,Growth Suite Pro,2500
IND-ACC-2112,GST-INV-800737,2025-07-28,42999.0,Scale Business Platform,18000
IND-ACC-2143,GST-INV-800948,2025-07-28,24999.0,Scale Business Platform,0
IND-ACC-2370,GST-INV-802506,2025-07-28,3999.0,Starter Startup Plan,1000
IND-ACC-2285,GST-INV-801922,2025-07-28,3999.0,Starter Startup Plan,1000
IND-ACC-2078,GST-INV-800519,2025-07-28,12499.0,Growth Suite Pro,2500
IND-ACC-2320,GST-INV-802191,2025-07-29,10999.0,Growth Suite Pro,1000
IND-ACC-2186,GST-INV-801244,2025-07-29,2999.0,Starter Startup Plan,0
IND-ACC-2173,GST-INV-801150,2025-07-29,10999.0,Growth Suite Pro,1000
IND-ACC-2374,GST-INV-802538,2025-07-29,27999.0,Growth Suite Pro,18000
IND-ACC-2002,GST-INV-800018,2025-07-29,5499.0,Starter Startup Plan,2500
IND-ACC-2162,GST-INV-801076,2025-07-29,10999.0,Growth Suite Pro,1000
IND-ACC-2379,GST-INV-802582,2025-07-29,10499.0,Starter Startup Plan,7500
IND-ACC-2191,GST-INV-801273,2025-07-29,2999.0,Starter Startup Plan,0
IND-ACC-2069,GST-INV-800456,2025-07-29,92999.0,Enterprise Custom Tier,18000
IND-ACC-2366,GST-INV-802465,2025-07-29,27499.0,Scale Business Platform,2500
IND-ACC-2332,GST-INV-802265,2025-07-29,5499.0,Starter Startup Plan,2500
IND-ACC-2058,GST-INV-800361,2025-07-29,42999.0,Scale Business Platform,18000
IND-ACC-2261,GST-INV-801749,2025-07-30,9999.0,Growth Suite Pro,0
IND-ACC-2019,GST-INV-800115,2025-07-30,20999.0,Starter Startup Plan,18000
IND-ACC-2071,GST-INV-800470,2025-07-30,3999.0,Starter Startup Plan,1000
IND-ACC-2349,GST-INV-802364,2025-07-30,32499.0,Scale Business Platform,7500
IND-ACC-2348,GST-INV-802358,2025-07-30,5499.0,Starter Startup Plan,2500
IND-ACC-2070,GST-INV-800464,2025-07-30,12499.0,Growth Suite Pro,2500
IND-ACC-2381,GST-INV-802603,2025-07-30,9999.0,Growth Suite Pro,0
IND-ACC-2062,GST-INV-800398,2025-07-30,17499.0,Growth Suite Pro,7500
IND-ACC-2245,GST-INV-801640,2025-07-30,17499.0,Growth Suite Pro,7500
IND-ACC-2318,GST-INV-802182,2025-07-30,17499.0,Growth Suite Pro,7500
IND-ACC-2353,GST-INV-802389,2025-07-30,10499.0,Starter Startup Plan,7500
IND-ACC-2266,GST-INV-801786,2025-07-30,17499.0,Growth Suite Pro,7500
IND-ACC-2035,GST-INV-800204,2025-07-31,5499.0,Starter Startup Plan,2500
IND-ACC-2257,GST-INV-801726,2025-07-31,12499.0,Growth Suite Pro,2500
IND-ACC-2246,GST-INV-801652,2025-07-31,5499.0,Starter Startup Plan,2500
IND-ACC-2101,GST-INV-800657,2025-07-31,10999.0,Growth Suite Pro,1000
IND-ACC-2105,GST-INV-800686,2025-07-31,3999.0,Starter Startup Plan,1000
IND-ACC-2048,GST-INV-800284,2025-07-31,25999.0,Scale Business Platform,1000
IND-ACC-2232,GST-INV-801561,2025-07-31,10499.0,Starter Startup Plan,7500
IND-ACC-2021,GST-INV-800127,2025-07-31,17499.0,Growth Suite Pro,7500
IND-ACC-2271,GST-INV-801824,2025-08-01,5499.0,Starter Startup Plan,2500
IND-ACC-2008,GST-INV-800049,2025-08-01,32499.0,Scale Business Platform,7500
IND-ACC-2363,GST-INV-802449,2025-08-01,10999.0,Growth Suite Pro,1000
IND-ACC-2167,GST-INV-801103,2025-08-01,75999.0,Enterprise Custom Tier,1000
IND-ACC-2312,GST-INV-802144,2025-08-01,5499.0,Starter Startup Plan,2500
IND-ACC-2132,GST-INV-800874,2025-08-01,17499.0,Growth Suite Pro,7500
IND-ACC-2063,GST-INV-800410,2025-08-01,27999.0,Growth Suite Pro,18000
IND-ACC-2241,GST-INV-801610,2025-08-01,25999.0,Scale Business Platform,1000
IND-ACC-2192,GST-INV-801283,2025-08-01,10999.0,Growth Suite Pro,1000
IND-ACC-2383,GST-INV-802622,2025-08-01,42999.0,Scale Business Platform,18000
IND-ACC-2029,GST-INV-800178,2025-08-01,25999.0,Scale Business Platform,1000
IND-ACC-2334,GST-INV-802273,2025-08-01,2999.0,Starter Startup Plan,0
IND-ACC-2145,GST-INV-800965,2025-08-01,27499.0,Scale Business Platform,2500
IND-ACC-2027,GST-INV-800163,2025-08-01,17499.0,Growth Suite Pro,7500
IND-ACC-2279,GST-INV-801875,2025-08-01,3999.0,Starter Startup Plan,1000
IND-ACC-2041,GST-INV-800237,2025-08-02,10499.0,Starter Startup Plan,7500
IND-ACC-2299,GST-INV-802027,2025-08-02,9999.0,Growth Suite Pro,0
IND-ACC-2079,GST-INV-800527,2025-08-02,5499.0,Starter Startup Plan,2500
IND-ACC-2168,GST-INV-801112,2025-08-02,42999.0,Scale Business Platform,18000
IND-ACC-2094,GST-INV-800617,2025-08-02,12499.0,Growth Suite Pro,2500
IND-ACC-2302,GST-INV-802050,2025-08-02,3999.0,Starter Startup Plan,1000
IND-ACC-2365,GST-INV-802458,2025-08-02,5499.0,Starter Startup Plan,2500
IND-ACC-2077,GST-INV-800511,2025-08-02,24999.0,Scale Business Platform,0
IND-ACC-2222,GST-INV-801489,2025-08-02,27999.0,Growth Suite Pro,18000
IND-ACC-2254,GST-INV-801704,2025-08-02,5499.0,Starter Startup Plan,2500
IND-ACC-2138,GST-INV-800913,2025-08-02,27499.0,Scale Business Platform,2500
IND-ACC-2388,GST-INV-802641,2025-08-02,12499.0,Growth Suite Pro,2500
IND-ACC-2182,GST-INV-801214,2025-08-02,10499.0,Starter Startup Plan,7500
IND-ACC-2103,GST-INV-800674,2025-08-02,27999.0,Growth Suite Pro,18000
IND-ACC-2204,GST-INV-801361,2025-08-02,20999.0,Starter Startup Plan,18000
IND-ACC-2303,GST-INV-802061,2025-08-02,27999.0,Growth Suite Pro,18000
IND-ACC-2197,GST-INV-801315,2025-08-03,25999.0,Scale Business Platform,1000
IND-ACC-2153,GST-INV-801020,2025-08-03,3999.0,Starter Startup Plan,1000
IND-ACC-2030,GST-INV-800182,2025-08-03,3999.0,Starter Startup Plan,1000
IND-ACC-2267,GST-INV-801795,2025-08-03,27999.0,Growth Suite Pro,18000
IND-ACC-2335,GST-INV-802280,2025-08-03,82499.0,Enterprise Custom Tier,7500
IND-ACC-2148,GST-INV-800992,2025-08-04,9999.0,Growth Suite Pro,0
IND-ACC-2361,GST-INV-802432,2025-08-04,10999.0,Growth Suite Pro,1000
IND-ACC-2012,GST-INV-800079,2025-08-04,9999.0,Growth Suite Pro,0
IND-ACC-2149,GST-INV-801001,2025-08-04,42999.0,Scale Business Platform,18000
IND-ACC-2156,GST-INV-801040,2025-08-04,5499.0,Starter Startup Plan,2500
IND-ACC-2249,GST-INV-801678,2025-08-05,5499.0,Starter Startup Plan,2500
IND-ACC-2161,GST-INV-801070,2025-08-05,32499.0,Scale Business Platform,7500
IND-ACC-2011,GST-INV-800070,2025-08-05,5499.0,Starter Startup Plan,2500
IND-ACC-2239,GST-INV-801593,2025-08-05,25999.0,Scale Business Platform,1000
IND-ACC-2305,GST-INV-802082,2025-08-05,24999.0,Scale Business Platform,0
IND-ACC-2001,GST-INV-800013,2025-08-05,10999.0,Growth Suite Pro,1000
IND-ACC-2176,GST-INV-801179,2025-08-05,10499.0,Starter Startup Plan,7500
IND-ACC-2347,GST-INV-802354,2025-08-05,77499.0,Enterprise Custom Tier,2500
IND-ACC-2152,GST-INV-801016,2025-08-05,12499.0,Growth Suite Pro,2500
IND-ACC-2237,GST-INV-801580,2025-08-06,32499.0,Scale Business Platform,7500
IND-ACC-2146,GST-INV-800976,2025-08-06,25999.0,Scale Business Platform,1000
IND-ACC-2371,GST-INV-802515,2025-08-06,2999.0,Starter Startup Plan,0
IND-ACC-2127,GST-INV-800849,2025-08-06,42999.0,Scale Business Platform,18000
IND-ACC-2294,GST-INV-801996,2025-08-06,9999.0,Growth Suite Pro,0
IND-ACC-2202,GST-INV-801346,2025-08-06,92999.0,Enterprise Custom Tier,18000
IND-ACC-2230,GST-INV-801549,2025-08-06,27499.0,Scale Business Platform,2500
IND-ACC-2384,GST-INV-802625,2025-08-06,27499.0,Scale Business Platform,2500
IND-ACC-2190,GST-INV-801265,2025-08-07,2999.0,Starter Startup Plan,0
IND-ACC-2066,GST-INV-800437,2025-08-07,17499.0,Growth Suite Pro,7500
IND-ACC-2364,GST-INV-802451,2025-08-07,82499.0,Enterprise Custom Tier,7500
IND-ACC-2117,GST-INV-800783,2025-08-07,10999.0,Growth Suite Pro,1000
IND-ACC-2272,GST-INV-801826,2025-08-07,20999.0,Starter Startup Plan,18000
IND-ACC-2092,GST-INV-800602,2025-08-08,10499.0,Starter Startup Plan,7500
IND-ACC-2293,GST-INV-801989,2025-08-08,10999.0,Growth Suite Pro,1000
IND-ACC-2180,GST-INV-801197,2025-08-08,25999.0,Scale Business Platform,1000
IND-ACC-2317,GST-INV-802174,2025-08-08,3999.0,Starter Startup Plan,1000
IND-ACC-2053,GST-INV-800321,2025-08-08,25999.0,Scale Business Platform,1000
IND-ACC-2006,GST-INV-800039,2025-08-09,10499.0,Starter Startup Plan,7500
IND-ACC-2122,GST-INV-800813,2025-08-09,12499.0,Growth Suite Pro,2500
IND-ACC-2178,GST-INV-801189,2025-08-09,9999.0,Growth Suite Pro,0
IND-ACC-2171,GST-INV-801137,2025-08-09,10999.0,Growth Suite Pro,1000
IND-ACC-2259,GST-INV-801737,2025-08-10,10999.0,Growth Suite Pro,1000
IND-ACC-2099,GST-INV-800651,2025-08-10,77499.0,Enterprise Custom Tier,2500
IND-ACC-2085,GST-INV-800560,2025-08-10,20999.0,Starter Startup Plan,18000
IND-ACC-2231,GST-INV-801555,2025-08-10,25999.0,Scale Business Platform,1000
IND-ACC-2141,GST-INV-800939,2025-08-10,42999.0,Scale Business Platform,18000
IND-ACC-2226,GST-INV-801523,2025-08-10,27499.0,Scale Business Platform,2500
IND-ACC-2206,GST-INV-801371,2025-08-10,92999.0,Enterprise Custom Tier,18000
IND-ACC-2287,GST-INV-801941,2025-08-11,9999.0,Growth Suite Pro,0
IND-ACC-2273,GST-INV-801834,2025-08-11,20999.0,Starter Startup Plan,18000
IND-ACC-2005,GST-INV-800035,2025-08-11,82499.0,Enterprise Custom Tier,7500
IND-ACC-2136,GST-INV-800894,2025-08-11,9999.0,Growth Suite Pro,0
IND-ACC-2081,GST-INV-800539,2025-08-11,42999.0,Scale Business Platform,18000
IND-ACC-2056,GST-INV-800343,2025-08-11,25999.0,Scale Business Platform,1000
IND-ACC-2284,GST-INV-801919,2025-08-11,12499.0,Growth Suite Pro,2500
IND-ACC-2265,GST-INV-801780,2025-08-11,27999.0,Growth Suite Pro,18000
IND-ACC-2313,GST-INV-802149,2025-08-11,9999.0,Growth Suite Pro,0
IND-ACC-2033,GST-INV-800192,2025-08-11,27499.0,Scale Business Platform,2500
IND-ACC-2037,GST-INV-800222,2025-08-12,2999.0,Starter Startup Plan,0
IND-ACC-2207,GST-INV-801381,2025-08-12,42999.0,Scale Business Platform,18000
IND-ACC-2311,GST-INV-802133,2025-08-12,5499.0,Starter Startup Plan,2500
IND-ACC-2233,GST-INV-801566,2025-08-12,92999.0,Enterprise Custom Tier,18000
IND-ACC-2260,GST-INV-801741,2025-08-12,27999.0,Growth Suite Pro,18000
IND-ACC-2200,GST-INV-801332,2025-08-13,5499.0,Starter Startup Plan,2500
IND-ACC-2155,GST-INV-801029,2025-08-13,2999.0,Starter Startup Plan,0
IND-ACC-2051,GST-INV-800306,2025-08-13,10499.0,Starter Startup Plan,7500
IND-ACC-2157,GST-INV-801047,2025-08-13,3999.0,Starter Startup Plan,1000
IND-ACC-2223,GST-INV-801496,2025-08-13,10499.0,Starter Startup Plan,7500
IND-ACC-2310,GST-INV-802127,2025-08-13,27999.0,Growth Suite Pro,18000
IND-ACC-2193,GST-INV-801290,2025-08-13,2999.0,Starter Startup Plan,0
IND-ACC-2054,GST-INV-800329,2025-08-13,9999.0,Growth Suite Pro,0
IND-ACC-2028,GST-INV-800170,2025-08-13,42999.0,Scale Business Platform,18000
IND-ACC-2009,GST-INV-800058,2025-08-13,75999.0,Enterprise Custom Tier,1000
IND-ACC-2336,GST-INV-802286,2025-08-13,3999.0,Starter Startup Plan,1000
IND-ACC-2073,GST-INV-800487,2025-08-13,10999.0,Growth Suite Pro,1000
IND-ACC-2274,GST-INV-801840,2025-08-13,5499.0,Starter Startup Plan,2500
IND-ACC-2134,GST-INV-800887,2025-08-13,20999.0,Starter Startup Plan,18000
IND-ACC-2219,GST-INV-801463,2025-08-13,20999.0,Starter Startup Plan,18000
IND-ACC-2394,GST-INV-802675,2025-08-13,32499.0,Scale Business Platform,7500
IND-ACC-2139,GST-INV-800921,2025-08-13,32499.0,Scale Business Platform,7500
IND-ACC-2185,GST-INV-801233,2025-08-13,10499.0,Starter Startup Plan,7500
IND-ACC-2289,GST-INV-801955,2025-08-13,5499.0,Starter Startup Plan,2500
IND-ACC-2280,GST-INV-801884,2025-08-14,5499.0,Starter Startup Plan,2500
IND-ACC-2212,GST-INV-801412,2025-08-14,10499.0,Starter Startup Plan,7500
IND-ACC-2350,GST-INV-802373,2025-08-14,32499.0,Scale Business Platform,7500
IND-ACC-2215,GST-INV-801432,2025-08-14,20999.0,Starter Startup Plan,18000
IND-ACC-2326,GST-INV-802227,2025-08-14,3999.0,Starter Startup Plan,1000
IND-ACC-2255,GST-INV-801707,2025-08-14,5499.0,Starter Startup Plan,2500
IND-ACC-2238,GST-INV-801583,2025-08-14,42999.0,Scale Business Platform,18000
IND-ACC-2043,GST-INV-800247,2025-08-14,10999.0,Growth Suite Pro,1000
IND-ACC-2300,GST-INV-802033,2025-08-14,25999.0,Scale Business Platform,1000
IND-ACC-2025,GST-INV-800150,2025-08-14,42999.0,Scale Business Platform,18000
IND-ACC-2385,GST-INV-802630,2025-08-14,12499.0,Growth Suite Pro,2500
IND-ACC-2390,GST-INV-802652,2025-08-14,5499.0,Starter Startup Plan,2500
IND-ACC-2329,GST-INV-802242,2025-08-14,42999.0,Scale Business Platform,18000
IND-ACC-2137,GST-INV-800901,2025-08-14,17499.0,Growth Suite Pro,7500
IND-ACC-2199,GST-INV-801324,2025-08-14,10999.0,Growth Suite Pro,1000
IND-ACC-2183,GST-INV-801223,2025-08-14,5499.0,Starter Startup Plan,2500
IND-ACC-2315,GST-INV-802160,2025-08-14,5499.0,Starter Startup Plan,2500
IND-ACC-2010,GST-INV-800064,2025-08-14,42999.0,Scale Business Platform,18000
IND-ACC-2330,GST-INV-802247,2025-08-14,17499.0,Growth Suite Pro,7500
IND-ACC-2306,GST-INV-802089,2025-08-14,10999.0,Growth Suite Pro,1000
IND-ACC-2065,GST-INV-800427,2025-08-15,27999.0,Growth Suite Pro,18000
IND-ACC-2367,GST-INV-802475,2025-08-15,32499.0,Scale Business Platform,7500
IND-ACC-2360,GST-INV-802426,2025-08-15,5499.0,Starter Startup Plan,2500
IND-ACC-2140,GST-INV-800931,2025-08-15,20999.0,Starter Startup Plan,18000
IND-ACC-2373,GST-INV-802529,2025-08-15,12499.0,Growth Suite Pro,2500
IND-ACC-2393,GST-INV-802667,2025-08-15,75999.0,Enterprise Custom Tier,1000
IND-ACC-2088,GST-INV-800578,2025-08-15,20999.0,Starter Startup Plan,18000
IND-ACC-2380,GST-INV-802591,2025-08-15,9999.0,Growth Suite Pro,0
IND-ACC-2196,GST-INV-801307,2025-08-15,9999.0,Growth Suite Pro,0
IND-ACC-2072,GST-INV-800477,2025-08-15,10999.0,Growth Suite Pro,1000
IND-ACC-2218,GST-INV-801455,2025-08-15,25999.0,Scale Business Platform,1000
IND-ACC-2181,GST-INV-801204,2025-08-15,10999.0,Growth Suite Pro,1000
IND-ACC-2252,GST-INV-801693,2025-08-15,10999.0,Growth Suite Pro,1000
IND-ACC-2007,GST-INV-800043,2025-08-15,20999.0,Starter Startup Plan,18000
IND-ACC-2288,GST-INV-801948,2025-08-15,2999.0,Starter Startup Plan,0
IND-ACC-2064,GST-INV-800417,2025-08-15,9999.0,Growth Suite Pro,0
IND-ACC-2097,GST-INV-800638,2025-08-15,5499.0,Starter Startup Plan,2500
IND-ACC-2224,GST-INV-801508,2025-08-15,2999.0,Starter Startup Plan,0
IND-ACC-2080,GST-INV-800534,2025-08-16,27999.0,Growth Suite Pro,18000
IND-ACC-2229,GST-INV-801543,2025-08-16,27999.0,Growth Suite Pro,18000
IND-ACC-2297,GST-INV-802013,2025-08-16,20999.0,Starter Startup Plan,18000
IND-ACC-2106,GST-INV-800693,2025-08-16,5499.0,Starter Startup Plan,2500
IND-ACC-2235,GST-INV-801571,2025-08-16,27499.0,Scale Business Platform,2500
IND-ACC-2179,GST-INV-801193,2025-08-16,10999.0,Growth Suite Pro,1000
IND-ACC-2177,GST-INV-801183,2025-08-16,32499.0,Scale Business Platform,7500
IND-ACC-2059,GST-INV-800371,2025-08-16,27999.0,Growth Suite Pro,18000
IND-ACC-2107,GST-INV-800701,2025-08-16,10999.0,Growth Suite Pro,1000
IND-ACC-2221,GST-INV-801478,2025-08-16,10999.0,Growth Suite Pro,1000
IND-ACC-2039,GST-INV-800230,2025-08-16,25999.0,Scale Business Platform,1000
IND-ACC-2356,GST-INV-802405,2025-08-16,17499.0,Growth Suite Pro,7500
IND-ACC-2115,GST-INV-800760,2025-08-16,27999.0,Growth Suite Pro,18000
IND-ACC-2345,GST-INV-802344,2025-08-16,3999.0,Starter Startup Plan,1000
IND-ACC-2253,GST-INV-801700,2025-08-16,5499.0,Starter Startup Plan,2500
IND-ACC-2075,GST-INV-800503,2025-08-16,20999.0,Starter Startup Plan,18000
IND-ACC-2359,GST-INV-802418,2025-08-16,25999.0,Scale Business Platform,1000
IND-ACC-2208,GST-INV-801386,2025-08-17,10999.0,Growth Suite Pro,1000
IND-ACC-2282,GST-INV-801903,2025-08-17,2999.0,Starter Startup Plan,0
IND-ACC-2195,GST-INV-801299,2025-08-17,20999.0,Starter Startup Plan,18000
IND-ACC-2319,GST-INV-802185,2025-08-17,74999.0,Enterprise Custom Tier,0
IND-ACC-2372,GST-INV-802519,2025-08-17,20999.0,Starter Startup Plan,18000
IND-ACC-2142,GST-INV-800943,2025-08-17,42999.0,Scale Business Platform,18000
IND-ACC-2323,GST-INV-802208,2025-08-17,2999.0,Starter Startup Plan,0
IND-ACC-2291,GST-INV-801970,2025-08-17,10499.0,Starter Startup Plan,7500
IND-ACC-2163,GST-INV-801083,2025-08-17,20999.0,Starter Startup Plan,18000
IND-ACC-2126,GST-INV-800841,2025-08-17,2999.0,Starter Startup Plan,0
IND-ACC-2357,GST-INV-802409,2025-08-17,10999.0,Growth Suite Pro,1000
IND-ACC-2055,GST-INV-800337,2025-08-17,25999.0,Scale Business Platform,1000
IND-ACC-2256,GST-INV-801715,2025-08-17,25999.0,Scale Business Platform,1000
IND-ACC-2270,GST-INV-801818,2025-08-18,12499.0,Growth Suite Pro,2500
IND-ACC-2243,GST-INV-801625,2025-08-18,9999.0,Growth Suite Pro,0
IND-ACC-2144,GST-INV-800952,2025-08-18,10499.0,Starter Startup Plan,7500
IND-ACC-2298,GST-INV-802021,2025-08-18,20999.0,Starter Startup Plan,18000
IND-ACC-2201,GST-INV-801338,2025-08-18,25999.0,Scale Business Platform,1000
IND-ACC-2342,GST-INV-802322,2025-08-18,10999.0,Growth Suite Pro,1000
IND-ACC-2014,GST-INV-800089,2025-08-18,5499.0,Starter Startup Plan,2500
IND-ACC-2392,GST-INV-802664,2025-08-18,24999.0,Scale Business Platform,0
IND-ACC-2368,GST-INV-802483,2025-08-18,10999.0,Growth Suite Pro,1000
IND-ACC-2352,GST-INV-802379,2025-08-19,3999.0,Starter Startup Plan,1000
IND-ACC-2340,GST-INV-802309,2025-08-19,10499.0,Starter Startup Plan,7500
IND-ACC-2343,GST-INV-802328,2025-08-19,42999.0,Scale Business Platform,18000
IND-ACC-2321,GST-INV-802199,2025-08-19,17499.0,Growth Suite Pro,7500
IND-ACC-2397,GST-INV-802690,2025-08-19,75999.0,Enterprise Custom Tier,1000
IND-ACC-2203,GST-INV-801350,2025-08-19,27499.0,Scale Business Platform,2500
IND-ACC-2174,GST-INV-801159,2025-08-19,3999.0,Starter Startup Plan,1000
IND-ACC-2108,GST-INV-800706,2025-08-19,10999.0,Growth Suite Pro,1000
IND-ACC-2102,GST-INV-800667,2025-08-19,3999.0,Starter Startup Plan,1000
IND-ACC-2225,GST-INV-801514,2025-08-19,10499.0,Starter Startup Plan,7500
IND-ACC-2121,GST-INV-800805,2025-08-19,25999.0,Scale Business Platform,1000
IND-ACC-2087,GST-INV-800569,2025-08-19,9999.0,Growth Suite Pro,0
IND-ACC-2104,GST-INV-800680,2025-08-19,3999.0,Starter Startup Plan,1000
IND-ACC-2147,GST-INV-800984,2025-08-19,10999.0,Growth Suite Pro,1000
IND-ACC-2013,GST-INV-800085,2025-08-20,9999.0,Growth Suite Pro,0
IND-ACC-2278,GST-INV-801868,2025-08-20,12499.0,Growth Suite Pro,2500
IND-ACC-2110,GST-INV-800720,2025-08-20,42999.0,Scale Business Platform,18000
IND-ACC-2022,GST-INV-800135,2025-08-20,5499.0,Starter Startup Plan,2500
IND-ACC-2123,GST-INV-800820,2025-08-20,3999.0,Starter Startup Plan,1000
IND-ACC-2211,GST-INV-801401,2025-08-20,2999.0,Starter Startup Plan,0
IND-ACC-2328,GST-INV-802238,2025-08-20,12499.0,Growth Suite Pro,2500
IND-ACC-2322,GST-INV-802202,2025-08-20,10499.0,Starter Startup Plan,7500
IND-ACC-2084,GST-INV-800551,2025-08-20,5499.0,Starter Startup Plan,2500
IND-ACC-2169,GST-INV-801121,2025-08-20,10499.0,Starter Startup Plan,7500
IND-ACC-2262,GST-INV-801756,2025-08-20,27999.0,Growth Suite Pro,18000
IND-ACC-2172,GST-INV-801141,2025-08-20,25999.0,Scale Business Platform,1000
IND-ACC-2316,GST-INV-802165,2025-08-20,2999.0,Starter Startup Plan,0
IND-ACC-2057,GST-INV-800349,2025-08-20,20999.0,Starter Startup Plan,18000
IND-ACC-2314,GST-INV-802155,2025-08-20,27999.0,Growth Suite Pro,18000
IND-ACC-2263,GST-INV-801765,2025-08-21,10499.0,Starter Startup Plan,7500
IND-ACC-2113,GST-INV-800744,2025-08-21,42999.0,Scale Business Platform,18000
IND-ACC-2283,GST-INV-801912,2025-08-21,12499.0,Growth Suite Pro,2500
IND-ACC-2216,GST-INV-801438,2025-08-21,75999.0,Enterprise Custom Tier,1000
IND-ACC-2292,GST-INV-801977,2025-08-21,27999.0,Growth Suite Pro,18000
IND-ACC-2296,GST-INV-802007,2025-08-21,75999.0,Enterprise Custom Tier,1000
IND-ACC-2098,GST-INV-800646,2025-08-21,2999.0,Starter Startup Plan,0
IND-ACC-2049,GST-INV-800291,2025-08-21,17499.0,Growth Suite Pro,7500
IND-ACC-2184,GST-INV-801226,2025-08-21,9999.0,Growth Suite Pro,0
IND-ACC-2047,GST-INV-800275,2025-08-21,2999.0,Starter Startup Plan,0
IND-ACC-2258,GST-INV-801731,2025-08-21,10499.0,Starter Startup Plan,7500
IND-ACC-2301,GST-INV-802044,2025-08-21,12499.0,Growth Suite Pro,2500
IND-ACC-2068,GST-INV-800447,2025-08-21,3999.0,Starter Startup Plan,1000
IND-ACC-2003,GST-INV-800024,2025-08-21,20999.0,Starter Startup Plan,18000
IND-ACC-2128,GST-INV-800853,2025-08-22,27999.0,Growth Suite Pro,18000
IND-ACC-2264,GST-INV-801774,2025-08-22,10499.0,Starter Startup Plan,7500
IND-ACC-2187,GST-INV-801250,2025-08-22,25999.0,Scale Business Platform,1000
IND-ACC-2015,GST-INV-800093,2025-08-22,82499.0,Enterprise Custom Tier,7500
IND-ACC-2060,GST-INV-800381,2025-08-22,9999.0,Growth Suite Pro,0
IND-ACC-2175,GST-INV-801170,2025-08-22,27999.0,Growth Suite Pro,18000
IND-ACC-2044,GST-INV-800255,2025-08-22,2999.0,Starter Startup Plan,0
IND-ACC-2124,GST-INV-800825,2025-08-22,20999.0,Starter Startup Plan,18000
IND-ACC-2093,GST-INV-800606,2025-08-22,27499.0,Scale Business Platform,2500
IND-ACC-2268,GST-INV-801804,2025-08-22,3999.0,Starter Startup Plan,1000
IND-ACC-2188,GST-INV-801256,2025-08-22,27499.0,Scale Business Platform,2500
IND-ACC-2228,GST-INV-801534,2025-08-23,10999.0,Growth Suite Pro,1000
IND-ACC-2341,GST-INV-802315,2025-08-23,2999.0,Starter Startup Plan,0
IND-ACC-2159,GST-INV-801061,2025-08-23,5499.0,Starter Startup Plan,2500
IND-ACC-2375,GST-INV-802547,2025-08-23,12499.0,Growth Suite Pro,2500
IND-ACC-2052,GST-INV-800316,2025-08-23,27499.0,Scale Business Platform,2500
IND-ACC-2331,GST-INV-802255,2025-08-23,10999.0,Growth Suite Pro,1000
IND-ACC-2074,GST-INV-800495,2025-08-23,42999.0,Scale Business Platform,18000
IND-ACC-2036,GST-INV-800214,2025-08-23,3999.0,Starter Startup Plan,1000
IND-ACC-2377,GST-INV-802561,2025-08-23,10499.0,Starter Startup Plan,7500
IND-ACC-2133,GST-INV-800880,2025-08-23,27999.0,Growth Suite Pro,18000
IND-ACC-2369,GST-INV-802493,2025-08-23,9999.0,Growth Suite Pro,0
IND-ACC-2116,GST-INV-800772,2025-08-24,10499.0,Starter Startup Plan,7500
IND-ACC-2362,GST-INV-802440,2025-08-24,5499.0,Starter Startup Plan,2500
IND-ACC-2165,GST-INV-801092,2025-08-24,10999.0,Growth Suite Pro,1000
IND-ACC-2067,GST-INV-800440,2025-08-24,25999.0,Scale Business Platform,1000
IND-ACC-2242,GST-INV-801617,2025-08-24,3999.0,Starter Startup Plan,1000
IND-ACC-2170,GST-INV-801128,2025-08-24,20999.0,Starter Startup Plan,18000
IND-ACC-2309,GST-INV-802119,2025-08-24,9999.0,Growth Suite Pro,0
IND-ACC-2090,GST-INV-800585,2025-08-24,9999.0,Growth Suite Pro,0
IND-ACC-2396,GST-INV-802682,2025-08-24,10499.0,Starter Startup Plan,7500
IND-ACC-2095,GST-INV-800624,2025-08-24,3999.0,Starter Startup Plan,1000
IND-ACC-2000,GST-INV-800004,2025-08-25,12499.0,Growth Suite Pro,2500
IND-ACC-2227,GST-INV-801526,2025-08-25,5499.0,Starter Startup Plan,2500
IND-ACC-2119,GST-INV-800795,2025-08-25,12499.0,Growth Suite Pro,2500
IND-ACC-2017,GST-INV-800105,2025-08-25,24999.0,Scale Business Platform,0
IND-ACC-2130,GST-INV-800864,2025-08-25,5499.0,Starter Startup Plan,2500
IND-ACC-2281,GST-INV-801892,2025-08-25,27999.0,Growth Suite Pro,18000
IND-ACC-2061,GST-INV-800389,2025-08-25,3999.0,Starter Startup Plan,1000
IND-ACC-2307,GST-INV-802101,2025-08-25,9999.0,Growth Suite Pro,0
IND-ACC-2286,GST-INV-801931,2025-08-25,10499.0,Starter Startup Plan,7500
IND-ACC-2382,GST-INV-802612,2025-08-25,77499.0,Enterprise Custom Tier,2500
IND-ACC-2189,GST-INV-801261,2025-08-25,24999.0,Scale Business Platform,0
IND-ACC-2248,GST-INV-801673,2025-08-25,17499.0,Growth Suite Pro,7500
IND-ACC-2217,GST-INV-801445,2025-08-25,25999.0,Scale Business Platform,1000
IND-ACC-2046,GST-INV-800269,2025-08-26,5499.0,Starter Startup Plan,2500
IND-ACC-2114,GST-INV-800752,2025-08-26,75999.0,Enterprise Custom Tier,1000
IND-ACC-2324,GST-INV-802215,2025-08-26,25999.0,Scale Business Platform,1000
IND-ACC-2158,GST-INV-801052,2025-08-26,25999.0,Scale Business Platform,1000
IND-ACC-2378,GST-INV-802570,2025-08-26,27999.0,Growth Suite Pro,18000
IND-ACC-2337,GST-INV-802296,2025-08-26,82499.0,Enterprise Custom Tier,7500
IND-ACC-2016,GST-INV-800099,2025-08-26,5499.0,Starter Startup Plan,2500
IND-ACC-2247,GST-INV-801662,2025-08-26,27499.0,Scale Business Platform,2500
IND-ACC-2151,GST-INV-801009,2025-08-26,20999.0,Starter Startup Plan,18000
IND-ACC-2290,GST-INV-801963,2025-08-26,27499.0,Scale Business Platform,2500
IND-ACC-2096,GST-INV-800633,2025-08-26,25999.0,Scale Business Platform,1000
IND-ACC-2304,GST-INV-802071,2025-08-27,32499.0,Scale Business Platform,7500
IND-ACC-2269,GST-INV-801811,2025-08-27,27999.0,Growth Suite Pro,18000
IND-ACC-2285,GST-INV-801921,2025-08-27,2999.0,Starter Startup Plan,0
IND-ACC-2376,GST-INV-802555,2025-08-27,2999.0,Starter Startup Plan,0
IND-ACC-2370,GST-INV-802505,2025-08-27,10499.0,Starter Startup Plan,7500
IND-ACC-2091,GST-INV-800594,2025-08-27,77499.0,Enterprise Custom Tier,2500
IND-ACC-2143,GST-INV-800947,2025-08-27,42999.0,Scale Business Platform,18000
IND-ACC-2078,GST-INV-800518,2025-08-27,12499.0,Growth Suite Pro,2500
IND-ACC-2112,GST-INV-800736,2025-08-27,25999.0,Scale Business Platform,1000
IND-ACC-2160,GST-INV-801067,2025-08-27,10499.0,Starter Startup Plan,7500
IND-ACC-2325,GST-INV-802223,2025-08-27,75999.0,Enterprise Custom Tier,1000
IND-ACC-2277,GST-INV-801857,2025-08-27,3999.0,Starter Startup Plan,1000
IND-ACC-2240,GST-INV-801601,2025-08-27,24999.0,Scale Business Platform,0
IND-ACC-2308,GST-INV-802112,2025-08-27,10999.0,Growth Suite Pro,1000
IND-ACC-2332,GST-INV-802264,2025-08-28,3999.0,Starter Startup Plan,1000
IND-ACC-2191,GST-INV-801272,2025-08-28,10499.0,Starter Startup Plan,7500
IND-ACC-2374,GST-INV-802537,2025-08-28,17499.0,Growth Suite Pro,7500
IND-ACC-2162,GST-INV-801075,2025-08-28,17499.0,Growth Suite Pro,7500
IND-ACC-2379,GST-INV-802581,2025-08-28,2999.0,Starter Startup Plan,0
IND-ACC-2173,GST-INV-801149,2025-08-28,27999.0,Growth Suite Pro,18000
IND-ACC-2069,GST-INV-800455,2025-08-28,92999.0,Enterprise Custom Tier,18000
IND-ACC-2058,GST-INV-800360,2025-08-28,25999.0,Scale Business Platform,1000
IND-ACC-2366,GST-INV-802464,2025-08-28,42999.0,Scale Business Platform,18000
IND-ACC-2186,GST-INV-801243,2025-08-28,10499.0,Starter Startup Plan,7500
IND-ACC-2071,GST-INV-800469,2025-08-29,2999.0,Starter Startup Plan,0
IND-ACC-2318,GST-INV-802181,2025-08-29,27999.0,Growth Suite Pro,18000
IND-ACC-2348,GST-INV-802357,2025-08-29,10499.0,Starter Startup Plan,7500
IND-ACC-2070,GST-INV-800463,2025-08-29,9999.0,Growth Suite Pro,0
IND-ACC-2353,GST-INV-802388,2025-08-29,20999.0,Starter Startup Plan,18000
IND-ACC-2245,GST-INV-801639,2025-08-29,27999.0,Growth Suite Pro,18000
IND-ACC-2349,GST-INV-802363,2025-08-29,27499.0,Scale Business Platform,2500
IND-ACC-2261,GST-INV-801748,2025-08-29,27999.0,Growth Suite Pro,18000
IND-ACC-2381,GST-INV-802602,2025-08-29,9999.0,Growth Suite Pro,0
IND-ACC-2062,GST-INV-800397,2025-08-29,12499.0,Growth Suite Pro,2500
IND-ACC-2246,GST-INV-801651,2025-08-30,2999.0,Starter Startup Plan,0
IND-ACC-2048,GST-INV-800283,2025-08-30,25999.0,Scale Business Platform,1000
IND-ACC-2232,GST-INV-801560,2025-08-30,2999.0,Starter Startup Plan,0
IND-ACC-2101,GST-INV-800656,2025-08-30,27999.0,Growth Suite Pro,18000
IND-ACC-2105,GST-INV-800685,2025-08-30,5499.0,Starter Startup Plan,2500
IND-ACC-2257,GST-INV-801725,2025-08-30,17499.0,Growth Suite Pro,7500
IND-ACC-2035,GST-INV-800203,2025-08-30,20999.0,Starter Startup Plan,18000
IND-ACC-2021,GST-INV-800126,2025-08-30,17499.0,Growth Suite Pro,7500
IND-ACC-2167,GST-INV-801102,2025-08-31,77499.0,Enterprise Custom Tier,2500
IND-ACC-2029,GST-INV-800177,2025-08-31,27499.0,Scale Business Platform,2500
IND-ACC-2383,GST-INV-802621,2025-08-31,27499.0,Scale Business Platform,2500
IND-ACC-2027,GST-INV-800162,2025-08-31,9999.0,Growth Suite Pro,0
IND-ACC-2363,GST-INV-802448,2025-08-31,17499.0,Growth Suite Pro,7500
IND-ACC-2145,GST-INV-800964,2025-08-31,25999.0,Scale Business Platform,1000
IND-ACC-2008,GST-INV-800048,2025-08-31,42999.0,Scale Business Platform,18000
IND-ACC-2192,GST-INV-801282,2025-08-31,9999.0,Growth Suite Pro,0
IND-ACC-2063,GST-INV-800409,2025-08-31,10999.0,Growth Suite Pro,1000
IND-ACC-2334,GST-INV-802272,2025-08-31,20999.0,Starter Startup Plan,18000
IND-ACC-2132,GST-INV-800873,2025-08-31,12499.0,Growth Suite Pro,2500
IND-ACC-2271,GST-INV-801823,2025-08-31,10499.0,Starter Startup Plan,7500
IND-ACC-2312,GST-INV-802143,2025-08-31,20999.0,Starter Startup Plan,18000
IND-ACC-2077,GST-INV-800510,2025-09-01,32499.0,Scale Business Platform,7500
IND-ACC-2299,GST-INV-802026,2025-09-01,12499.0,Growth Suite Pro,2500
IND-ACC-2103,GST-INV-800673,2025-09-01,9999.0,Growth Suite Pro,0
IND-ACC-2254,GST-INV-801703,2025-09-01,3999.0,Starter Startup Plan,1000
IND-ACC-2388,GST-INV-802640,2025-09-01,27999.0,Growth Suite Pro,18000
IND-ACC-2079,GST-INV-800526,2025-09-01,10499.0,Starter Startup Plan,7500
IND-ACC-2204,GST-INV-801360,2025-09-01,10499.0,Starter Startup Plan,7500
IND-ACC-2182,GST-INV-801213,2025-09-01,3999.0,Starter Startup Plan,1000
IND-ACC-2041,GST-INV-800236,2025-09-01,2999.0,Starter Startup Plan,0
IND-ACC-2094,GST-INV-800616,2025-09-01,10999.0,Growth Suite Pro,1000
IND-ACC-2168,GST-INV-801111,2025-09-01,27499.0,Scale Business Platform,2500
IND-ACC-2222,GST-INV-801488,2025-09-01,17499.0,Growth Suite Pro,7500
IND-ACC-2303,GST-INV-802060,2025-09-01,9999.0,Growth Suite Pro,0
IND-ACC-2365,GST-INV-802457,2025-09-01,3999.0,Starter Startup Plan,1000
IND-ACC-2138,GST-INV-800912,2025-09-01,32499.0,Scale Business Platform,7500
IND-ACC-2267,GST-INV-801794,2025-09-02,17499.0,Growth Suite Pro,7500
IND-ACC-2197,GST-INV-801314,2025-09-02,25999.0,Scale Business Platform,1000
IND-ACC-2335,GST-INV-802279,2025-09-02,77499.0,Enterprise Custom Tier,2500
IND-ACC-2153,GST-INV-801019,2025-09-02,5499.0,Starter Startup Plan,2500
IND-ACC-2156,GST-INV-801039,2025-09-03,3999.0,Starter Startup Plan,1000
IND-ACC-2012,GST-INV-800078,2025-09-03,12499.0,Growth Suite Pro,2500
IND-ACC-2148,GST-INV-800991,2025-09-03,9999.0,Growth Suite Pro,0
IND-ACC-2361,GST-INV-802431,2025-09-03,10999.0,Growth Suite Pro,1000
IND-ACC-2149,GST-INV-801000,2025-09-03,24999.0,Scale Business Platform,0
IND-ACC-2249,GST-INV-801677,2025-09-04,5499.0,Starter Startup Plan,2500
IND-ACC-2305,GST-INV-802081,2025-09-04,32499.0,Scale Business Platform,7500
IND-ACC-2001,GST-INV-800012,2025-09-04,10999.0,Growth Suite Pro,1000
IND-ACC-2161,GST-INV-801069,2025-09-04,32499.0,Scale Business Platform,7500
IND-ACC-2152,GST-INV-801015,2025-09-04,17499.0,Growth Suite Pro,7500
IND-ACC-2347,GST-INV-802353,2025-09-04,74999.0,Enterprise Custom Tier,0
IND-ACC-2176,GST-INV-801178,2025-09-04,3999.0,Starter Startup Plan,1000
IND-ACC-2239,GST-INV-801592,2025-09-04,24999.0,Scale Business Platform,0
IND-ACC-2202,GST-INV-801345,2025-09-05,77499.0,Enterprise Custom Tier,2500
IND-ACC-2294,GST-INV-801995,2025-09-05,27999.0,Growth Suite Pro,18000
IND-ACC-2237,GST-INV-801579,2025-09-05,24999.0,Scale Business Platform,0
IND-ACC-2371,GST-INV-802514,2025-09-05,5499.0,Starter Startup Plan,2500
IND-ACC-2127,GST-INV-800848,2025-09-05,25999.0,Scale Business Platform,1000
IND-ACC-2146,GST-INV-800975,2025-09-05,32499.0,Scale Business Platform,7500
IND-ACC-2230,GST-INV-801548,2025-09-05,27499.0,Scale Business Platform,2500
IND-ACC-2364,GST-INV-802450,2025-09-06,74999.0,Enterprise Custom Tier,0
IND-ACC-2117,GST-INV-800782,2025-09-06,10999.0,Growth Suite Pro,1000
IND-ACC-2066,GST-INV-800436,2025-09-06,17499.0,Growth Suite Pro,7500
IND-ACC-2272,GST-INV-801825,2025-09-06,2999.0,Starter Startup Plan,0
IND-ACC-2092,GST-INV-800601,2025-09-07,3999.0,Starter Startup Plan,1000
IND-ACC-2293,GST-INV-801988,2025-09-07,17499.0,Growth Suite Pro,7500
IND-ACC-2317,GST-INV-802173,2025-09-07,5499.0,Starter Startup Plan,2500
IND-ACC-2178,GST-INV-801188,2025-09-08,10999.0,Growth Suite Pro,1000
IND-ACC-2122,GST-INV-800812,2025-09-08,17499.0,Growth Suite Pro,7500
IND-ACC-2006,GST-INV-800038,2025-09-08,2999.0,Starter Startup Plan,0
IND-ACC-2171,GST-INV-801136,2025-09-08,12499.0,Growth Suite Pro,2500
IND-ACC-2231,GST-INV-801554,2025-09-09,24999.0,Scale Business Platform,0
IND-ACC-2141,GST-INV-800938,2025-09-09,27499.0,Scale Business Platform,2500
IND-ACC-2085,GST-INV-800559,2025-09-09,10499.0,Starter Startup Plan,7500
IND-ACC-2099,GST-INV-800650,2025-09-09,92999.0,Enterprise Custom Tier,18000
IND-ACC-2259,GST-INV-801736,2025-09-09,17499.0,Growth Suite Pro,7500
IND-ACC-2226,GST-INV-801522,2025-09-09,24999.0,Scale Business Platform,0
IND-ACC-2056,GST-INV-800342,2025-09-10,27499.0,Scale Business Platform,2500
IND-ACC-2273,GST-INV-801833,2025-09-10,2999.0,Starter Startup Plan,0
IND-ACC-2265,GST-INV-801779,2025-09-10,27999.0,Growth Suite Pro,18000
IND-ACC-2287,GST-INV-801940,2025-09-10,10999.0,Growth Suite Pro,1000
IND-ACC-2136,GST-INV-800893,2025-09-10,10999.0,Growth Suite Pro,1000
IND-ACC-2005,GST-INV-800034,2025-09-10,82499.0,Enterprise Custom Tier,7500
IND-ACC-2081,GST-INV-800538,2025-09-10,32499.0,Scale Business Platform,7500
IND-ACC-2284,GST-INV-801918,2025-09-10,27999.0,Growth Suite Pro,18000
IND-ACC-2207,GST-INV-801380,2025-09-11,32499.0,Scale Business Platform,7500
IND-ACC-2233,GST-INV-801565,2025-09-11,92999.0,Enterprise Custom Tier,18000
IND-ACC-2037,GST-INV-800221,2025-09-11,20999.0,Starter Startup Plan,18000
IND-ACC-2260,GST-INV-801740,2025-09-11,10999.0,Growth Suite Pro,1000
IND-ACC-2054,GST-INV-800328,2025-09-12,27999.0,Growth Suite Pro,18000
IND-ACC-2157,GST-INV-801046,2025-09-12,2999.0,Starter Startup Plan,0
IND-ACC-2155,GST-INV-801028,2025-09-12,2999.0,Starter Startup Plan,0
IND-ACC-2185,GST-INV-801232,2025-09-12,10499.0,Starter Startup Plan,7500
IND-ACC-2310,GST-INV-802126,2025-09-12,27999.0,Growth Suite Pro,18000
IND-ACC-2193,GST-INV-801289,2025-09-12,2999.0,Starter Startup Plan,0
IND-ACC-2051,GST-INV-800305,2025-09-12,3999.0,Starter Startup Plan,1000
IND-ACC-2274,GST-INV-801839,2025-09-12,10499.0,Starter Startup Plan,7500
IND-ACC-2009,GST-INV-800057,2025-09-12,82499.0,Enterprise Custom Tier,7500
IND-ACC-2073,GST-INV-800486,2025-09-12,17499.0,Growth Suite Pro,7500
IND-ACC-2134,GST-INV-800886,2025-09-12,10499.0,Starter Startup Plan,7500
IND-ACC-2200,GST-INV-801331,2025-09-12,20999.0,Starter Startup Plan,18000
IND-ACC-2336,GST-INV-802285,2025-09-12,2999.0,Starter Startup Plan,0
IND-ACC-2219,GST-INV-801462,2025-09-12,10499.0,Starter Startup Plan,7500
IND-ACC-2289,GST-INV-801954,2025-09-12,2999.0,Starter Startup Plan,0
IND-ACC-2223,GST-INV-801495,2025-09-12,5499.0,Starter Startup Plan,2500
IND-ACC-2394,GST-INV-802674,2025-09-12,27499.0,Scale Business Platform,2500
IND-ACC-2199,GST-INV-801323,2025-09-13,10999.0,Growth Suite Pro,1000
IND-ACC-2300,GST-INV-802032,2025-09-13,32499.0,Scale Business Platform,7500
IND-ACC-2212,GST-INV-801411,2025-09-13,2999.0,Starter Startup Plan,0
IND-ACC-2215,GST-INV-801431,2025-09-13,3999.0,Starter Startup Plan,1000
IND-ACC-2183,GST-INV-801222,2025-09-13,3999.0,Starter Startup Plan,1000
IND-ACC-2137,GST-INV-800900,2025-09-13,27999.0,Growth Suite Pro,18000
IND-ACC-2315,GST-INV-802159,2025-09-13,5499.0,Starter Startup Plan,2500
IND-ACC-2385,GST-INV-802629,2025-09-13,9999.0,Growth Suite Pro,0
IND-ACC-2280,GST-INV-801883,2025-09-13,10499.0,Starter Startup Plan,7500
IND-ACC-2306,GST-INV-802088,2025-09-13,17499.0,Growth Suite Pro,7500
IND-ACC-2390,GST-INV-802651,2025-09-13,3999.0,Starter Startup Plan,1000
IND-ACC-2350,GST-INV-802372,2025-09-13,27499.0,Scale Business Platform,2500
IND-ACC-2010,GST-INV-800063,2025-09-13,24999.0,Scale Business Platform,0
IND-ACC-2025,GST-INV-800149,2025-09-13,24999.0,Scale Business Platform,0
IND-ACC-2329,GST-INV-802241,2025-09-13,42999.0,Scale Business Platform,18000
IND-ACC-2330,GST-INV-802246,2025-09-13,12499.0,Growth Suite Pro,2500
IND-ACC-2255,GST-INV-801706,2025-09-13,5499.0,Starter Startup Plan,2500
IND-ACC-2043,GST-INV-800246,2025-09-13,27999.0,Growth Suite Pro,18000
IND-ACC-2326,GST-INV-802226,2025-09-13,20999.0,Starter Startup Plan,18000
IND-ACC-2072,GST-INV-800476,2025-09-14,9999.0,Growth Suite Pro,0
IND-ACC-2088,GST-INV-800577,2025-09-14,2999.0,Starter Startup Plan,0
IND-ACC-2064,GST-INV-800416,2025-09-14,12499.0,Growth Suite Pro,2500
IND-ACC-2380,GST-INV-802590,2025-09-14,10999.0,Growth Suite Pro,1000
IND-ACC-2181,GST-INV-801203,2025-09-14,17499.0,Growth Suite Pro,7500
IND-ACC-2196,GST-INV-801306,2025-09-14,17499.0,Growth Suite Pro,7500
IND-ACC-2252,GST-INV-801692,2025-09-14,17499.0,Growth Suite Pro,7500
IND-ACC-2373,GST-INV-802528,2025-09-14,17499.0,Growth Suite Pro,7500
IND-ACC-2288,GST-INV-801947,2025-09-14,2999.0,Starter Startup Plan,0
IND-ACC-2007,GST-INV-800042,2025-09-14,5499.0,Starter Startup Plan,2500
IND-ACC-2218,GST-INV-801454,2025-09-14,24999.0,Scale Business Platform,0
IND-ACC-2140,GST-INV-800930,2025-09-14,10499.0,Starter Startup Plan,7500
IND-ACC-2367,GST-INV-802474,2025-09-14,27499.0,Scale Business Platform,2500
IND-ACC-2224,GST-INV-801507,2025-09-14,20999.0,Starter Startup Plan,18000
IND-ACC-2065,GST-INV-800426,2025-09-14,10999.0,Growth Suite Pro,1000
IND-ACC-2097,GST-INV-800637,2025-09-14,2999.0,Starter Startup Plan,0
IND-ACC-2360,GST-INV-802425,2025-09-14,3999.0,Starter Startup Plan,1000
IND-ACC-2177,GST-INV-801182,2025-09-15,25999.0,Scale Business Platform,1000
IND-ACC-2179,GST-INV-801192,2025-09-15,27999.0,Growth Suite Pro,18000
IND-ACC-2235,GST-INV-801570,2025-09-15,25999.0,Scale Business Platform,1000
IND-ACC-2297,GST-INV-802012,2025-09-15,5499.0,Starter Startup Plan,2500
IND-ACC-2359,GST-INV-802417,2025-09-15,32499.0,Scale Business Platform,7500
IND-ACC-2115,GST-INV-800759,2025-09-15,17499.0,Growth Suite Pro,7500
IND-ACC-2229,GST-INV-801542,2025-09-15,9999.0,Growth Suite Pro,0
IND-ACC-2080,GST-INV-800533,2025-09-15,27999.0,Growth Suite Pro,18000
IND-ACC-2221,GST-INV-801477,2025-09-15,27999.0,Growth Suite Pro,18000
IND-ACC-2075,GST-INV-800502,2025-09-15,5499.0,Starter Startup Plan,2500
IND-ACC-2059,GST-INV-800370,2025-09-15,10999.0,Growth Suite Pro,1000
IND-ACC-2345,GST-INV-802343,2025-09-15,2999.0,Starter Startup Plan,0
IND-ACC-2107,GST-INV-800700,2025-09-15,12499.0,Growth Suite Pro,2500
IND-ACC-2356,GST-INV-802404,2025-09-15,12499.0,Growth Suite Pro,2500
IND-ACC-2106,GST-INV-800692,2025-09-15,2999.0,Starter Startup Plan,0
IND-ACC-2253,GST-INV-801699,2025-09-15,10499.0,Starter Startup Plan,7500
IND-ACC-2039,GST-INV-800229,2025-09-15,24999.0,Scale Business Platform,0
IND-ACC-2195,GST-INV-801298,2025-09-16,2999.0,Starter Startup Plan,0
IND-ACC-2163,GST-INV-801082,2025-09-16,10499.0,Starter Startup Plan,7500
IND-ACC-2208,GST-INV-801385,2025-09-16,27999.0,Growth Suite Pro,18000
IND-ACC-2291,GST-INV-801969,2025-09-16,2999.0,Starter Startup Plan,0
IND-ACC-2256,GST-INV-801714,2025-09-16,27499.0,Scale Business Platform,2500
IND-ACC-2055,GST-INV-800336,2025-09-16,27499.0,Scale Business Platform,2500
IND-ACC-2282,GST-INV-801902,2025-09-16,10499.0,Starter Startup Plan,7500
IND-ACC-2323,GST-INV-802207,2025-09-16,2999.0,Starter Startup Plan,0
IND-ACC-2126,GST-INV-800840,2025-09-16,20999.0,Starter Startup Plan,18000
IND-ACC-2357,GST-INV-802408,2025-09-16,27999.0,Growth Suite Pro,18000
IND-ACC-2372,GST-INV-802518,2025-09-16,3999.0,Starter Startup Plan,1000
IND-ACC-2142,GST-INV-800942,2025-09-16,27499.0,Scale Business Platform,2500
IND-ACC-2014,GST-INV-800088,2025-09-17,3999.0,Starter Startup Plan,1000
IND-ACC-2342,GST-INV-802321,2025-09-17,17499.0,Growth Suite Pro,7500
IND-ACC-2243,GST-INV-801624,2025-09-17,10999.0,Growth Suite Pro,1000
IND-ACC-2392,GST-INV-802663,2025-09-17,24999.0,Scale Business Platform,0
IND-ACC-2144,GST-INV-800951,2025-09-17,20999.0,Starter Startup Plan,18000
IND-ACC-2201,GST-INV-801337,2025-09-17,24999.0,Scale Business Platform,0
IND-ACC-2270,GST-INV-801817,2025-09-17,17499.0,Growth Suite Pro,7500
IND-ACC-2368,GST-INV-802482,2025-09-17,10999.0,Growth Suite Pro,1000
IND-ACC-2203,GST-INV-801349,2025-09-18,27499.0,Scale Business Platform,2500
IND-ACC-2147,GST-INV-800983,2025-09-18,12499.0,Growth Suite Pro,2500
IND-ACC-2108,GST-INV-800705,2025-09-18,9999.0,Growth Suite Pro,0
IND-ACC-2104,GST-INV-800679,2025-09-18,2999.0,Starter Startup Plan,0
IND-ACC-2340,GST-INV-802308,2025-09-18,20999.0,Starter Startup Plan,18000
IND-ACC-2174,GST-INV-801158,2025-09-18,2999.0,Starter Startup Plan,0
IND-ACC-2102,GST-INV-800666,2025-09-18,10499.0,Starter Startup Plan,7500
IND-ACC-2343,GST-INV-802327,2025-09-18,32499.0,Scale Business Platform,7500
IND-ACC-2321,GST-INV-802198,2025-09-18,12499.0,Growth Suite Pro,2500
IND-ACC-2225,GST-INV-801513,2025-09-18,3999.0,Starter Startup Plan,1000
IND-ACC-2121,GST-INV-800804,2025-09-18,24999.0,Scale Business Platform,0
IND-ACC-2087,GST-INV-800568,2025-09-18,17499.0,Growth Suite Pro,7500
IND-ACC-2328,GST-INV-802237,2025-09-19,12499.0,Growth Suite Pro,2500
IND-ACC-2211,GST-INV-801400,2025-09-19,3999.0,Starter Startup Plan,1000
IND-ACC-2314,GST-INV-802154,2025-09-19,10999.0,Growth Suite Pro,1000
IND-ACC-2084,GST-INV-800550,2025-09-19,10499.0,Starter Startup Plan,7500
IND-ACC-2057,GST-INV-800348,2025-09-19,5499.0,Starter Startup Plan,2500
IND-ACC-2013,GST-INV-800084,2025-09-19,12499.0,Growth Suite Pro,2500
IND-ACC-2169,GST-INV-801120,2025-09-19,2999.0,Starter Startup Plan,0
IND-ACC-2110,GST-INV-800719,2025-09-19,32499.0,Scale Business Platform,7500
IND-ACC-2022,GST-INV-800134,2025-09-19,3999.0,Starter Startup Plan,1000
IND-ACC-2316,GST-INV-802164,2025-09-19,5499.0,Starter Startup Plan,2500
IND-ACC-2172,GST-INV-801140,2025-09-19,42999.0,Scale Business Platform,18000
IND-ACC-2262,GST-INV-801755,2025-09-19,10999.0,Growth Suite Pro,1000
IND-ACC-2123,GST-INV-800819,2025-09-19,10499.0,Starter Startup Plan,7500
IND-ACC-2278,GST-INV-801867,2025-09-19,12499.0,Growth Suite Pro,2500
IND-ACC-2258,GST-INV-801730,2025-09-20,20999.0,Starter Startup Plan,18000
IND-ACC-2263,GST-INV-801764,2025-09-20,20999.0,Starter Startup Plan,18000
IND-ACC-2049,GST-INV-800290,2025-09-20,12499.0,Growth Suite Pro,2500
IND-ACC-2098,GST-INV-800645,2025-09-20,3999.0,Starter Startup Plan,1000
IND-ACC-2047,GST-INV-800274,2025-09-20,20999.0,Starter Startup Plan,18000
IND-ACC-2292,GST-INV-801976,2025-09-20,10999.0,Growth Suite Pro,1000
IND-ACC-2068,GST-INV-800446,2025-09-20,20999.0,Starter Startup Plan,18000
IND-ACC-2296,GST-INV-802006,2025-09-20,77499.0,Enterprise Custom Tier,2500
IND-ACC-2301,GST-INV-802043,2025-09-20,12499.0,Growth Suite Pro,2500
IND-ACC-2003,GST-INV-800023,2025-09-20,10499.0,Starter Startup Plan,7500
IND-ACC-2184,GST-INV-801225,2025-09-20,12499.0,Growth Suite Pro,2500
IND-ACC-2283,GST-INV-801911,2025-09-20,12499.0,Growth Suite Pro,2500
IND-ACC-2113,GST-INV-800743,2025-09-20,24999.0,Scale Business Platform,0
IND-ACC-2124,GST-INV-800824,2025-09-21,20999.0,Starter Startup Plan,18000
IND-ACC-2128,GST-INV-800852,2025-09-21,9999.0,Growth Suite Pro,0
IND-ACC-2264,GST-INV-801773,2025-09-21,20999.0,Starter Startup Plan,18000
IND-ACC-2093,GST-INV-800605,2025-09-21,27499.0,Scale Business Platform,2500
IND-ACC-2175,GST-INV-801169,2025-09-21,27999.0,Growth Suite Pro,18000
IND-ACC-2060,GST-INV-800380,2025-09-21,9999.0,Growth Suite Pro,0
IND-ACC-2187,GST-INV-801249,2025-09-21,24999.0,Scale Business Platform,0
IND-ACC-2188,GST-INV-801255,2025-09-21,24999.0,Scale Business Platform,0
IND-ACC-2268,GST-INV-801803,2025-09-21,20999.0,Starter Startup Plan,18000
IND-ACC-2044,GST-INV-800254,2025-09-21,2999.0,Starter Startup Plan,0
IND-ACC-2133,GST-INV-800879,2025-09-22,10999.0,Growth Suite Pro,1000
IND-ACC-2331,GST-INV-802254,2025-09-22,27999.0,Growth Suite Pro,18000
IND-ACC-2375,GST-INV-802546,2025-09-22,10999.0,Growth Suite Pro,1000
IND-ACC-2377,GST-INV-802560,2025-09-22,20999.0,Starter Startup Plan,18000
IND-ACC-2228,GST-INV-801533,2025-09-22,10999.0,Growth Suite Pro,1000
IND-ACC-2159,GST-INV-801060,2025-09-22,5499.0,Starter Startup Plan,2500
IND-ACC-2052,GST-INV-800315,2025-09-22,32499.0,Scale Business Platform,7500
IND-ACC-2341,GST-INV-802314,2025-09-22,3999.0,Starter Startup Plan,1000
IND-ACC-2074,GST-INV-800494,2025-09-22,25999.0,Scale Business Platform,1000
IND-ACC-2369,GST-INV-802492,2025-09-22,10999.0,Growth Suite Pro,1000
IND-ACC-2036,GST-INV-800213,2025-09-22,20999.0,Starter Startup Plan,18000
IND-ACC-2067,GST-INV-800439,2025-09-23,24999.0,Scale Business Platform,0
IND-ACC-2362,GST-INV-802439,2025-09-23,3999.0,Starter Startup Plan,1000
IND-ACC-2165,GST-INV-801091,2025-09-23,27999.0,Growth Suite Pro,18000
IND-ACC-2396,GST-INV-802681,2025-09-23,3999.0,Starter Startup Plan,1000
IND-ACC-2170,GST-INV-801127,2025-09-23,2999.0,Starter Startup Plan,0
IND-ACC-2242,GST-INV-801616,2025-09-23,5499.0,Starter Startup Plan,2500
IND-ACC-2090,GST-INV-800584,2025-09-23,9999.0,Growth Suite Pro,0
IND-ACC-2095,GST-INV-800623,2025-09-23,20999.0,Starter Startup Plan,18000
IND-ACC-2116,GST-INV-800771,2025-09-23,2999.0,Starter Startup Plan,0
IND-ACC-2000,GST-INV-800003,2025-09-24,9999.0,Growth Suite Pro,0
IND-ACC-2119,GST-INV-800794,2025-09-24,12499.0,Growth Suite Pro,2500
IND-ACC-2227,GST-INV-801525,2025-09-24,5499.0,Starter Startup Plan,2500
IND-ACC-2017,GST-INV-800104,2025-09-24,32499.0,Scale Business Platform,7500
IND-ACC-2281,GST-INV-801891,2025-09-24,10999.0,Growth Suite Pro,1000
IND-ACC-2286,GST-INV-801930,2025-09-24,3999.0,Starter Startup Plan,1000
IND-ACC-2061,GST-INV-800388,2025-09-24,2999.0,Starter Startup Plan,0
IND-ACC-2217,GST-INV-801444,2025-09-24,24999.0,Scale Business Platform,0
IND-ACC-2189,GST-INV-801260,2025-09-24,25999.0,Scale Business Platform,1000
IND-ACC-2307,GST-INV-802100,2025-09-24,27999.0,Growth Suite Pro,18000
IND-ACC-2130,GST-INV-800863,2025-09-24,10499.0,Starter Startup Plan,7500
IND-ACC-2382,GST-INV-802611,2025-09-24,82499.0,Enterprise Custom Tier,7500
IND-ACC-2248,GST-INV-801672,2025-09-24,17499.0,Growth Suite Pro,7500
IND-ACC-2378,GST-INV-802569,2025-09-25,12499.0,Growth Suite Pro,2500
IND-ACC-2324,GST-INV-802214,2025-09-25,27499.0,Scale Business Platform,2500
IND-ACC-2290,GST-INV-801962,2025-09-25,42999.0,Scale Business Platform,18000
IND-ACC-2337,GST-INV-802295,2025-09-25,75999.0,Enterprise Custom Tier,1000
IND-ACC-2114,GST-INV-800751,2025-09-25,82499.0,Enterprise Custom Tier,7500
IND-ACC-2046,GST-INV-800268,2025-09-25,3999.0,Starter Startup Plan,1000
IND-ACC-2096,GST-INV-800632,2025-09-25,27499.0,Scale Business Platform,2500
IND-ACC-2016,GST-INV-800098,2025-09-25,5499.0,Starter Startup Plan,2500
IND-ACC-2151,GST-INV-801008,2025-09-25,20999.0,Starter Startup Plan,18000
IND-ACC-2158,GST-INV-801051,2025-09-25,27499.0,Scale Business Platform,2500
IND-ACC-2247,GST-INV-801661,2025-09-25,42999.0,Scale Business Platform,18000
IND-ACC-2160,GST-INV-801066,2025-09-26,2999.0,Starter Startup Plan,0
IND-ACC-2308,GST-INV-802111,2025-09-26,12499.0,Growth Suite Pro,2500
IND-ACC-2269,GST-INV-801810,2025-09-26,10999.0,Growth Suite Pro,1000
IND-ACC-2091,GST-INV-800593,2025-09-26,82499.0,Enterprise Custom Tier,7500
IND-ACC-2325,GST-INV-802222,2025-09-26,75999.0,Enterprise Custom Tier,1000
IND-ACC-2143,GST-INV-800946,2025-09-26,25999.0,Scale Business Platform,1000
IND-ACC-2277,GST-INV-801856,2025-09-26,5499.0,Starter Startup Plan,2500
IND-ACC-2240,GST-INV-801600,2025-09-26,42999.0,Scale Business Platform,18000
IND-ACC-2370,GST-INV-802504,2025-09-26,3999.0,Starter Startup Plan,1000
IND-ACC-2112,GST-INV-800735,2025-09-26,42999.0,Scale Business Platform,18000
IND-ACC-2078,GST-INV-800517,2025-09-26,12499.0,Growth Suite Pro,2500
IND-ACC-2304,GST-INV-802070,2025-09-26,24999.0,Scale Business Platform,0
IND-ACC-2191,GST-INV-801271,2025-09-27,5499.0,Starter Startup Plan,2500
IND-ACC-2162,GST-INV-801074,2025-09-27,27999.0,Growth Suite Pro,18000
IND-ACC-2069,GST-INV-800454,2025-09-27,74999.0,Enterprise Custom Tier,0
IND-ACC-2379,GST-INV-802580,2025-09-27,3999.0,Starter Startup Plan,1000
IND-ACC-2366,GST-INV-802463,2025-09-27,25999.0,Scale Business Platform,1000
IND-ACC-2186,GST-INV-801242,2025-09-27,10499.0,Starter Startup Plan,7500
IND-ACC-2058,GST-INV-800359,2025-09-27,32499.0,Scale Business Platform,7500
IND-ACC-2173,GST-INV-801148,2025-09-27,17499.0,Growth Suite Pro,7500
IND-ACC-2374,GST-INV-802536,2025-09-27,9999.0,Growth Suite Pro,0
IND-ACC-2349,GST-INV-802362,2025-09-28,42999.0,Scale Business Platform,18000
IND-ACC-2348,GST-INV-802356,2025-09-28,5499.0,Starter Startup Plan,2500
IND-ACC-2261,GST-INV-801747,2025-09-28,17499.0,Growth Suite Pro,7500
IND-ACC-2245,GST-INV-801638,2025-09-28,17499.0,Growth Suite Pro,7500
IND-ACC-2071,GST-INV-800468,2025-09-28,20999.0,Starter Startup Plan,18000
IND-ACC-2353,GST-INV-802387,2025-09-28,3999.0,Starter Startup Plan,1000
IND-ACC-2381,GST-INV-802601,2025-09-28,10999.0,Growth Suite Pro,1000
IND-ACC-2062,GST-INV-800396,2025-09-28,10999.0,Growth Suite Pro,1000
IND-ACC-2318,GST-INV-802180,2025-09-28,10999.0,Growth Suite Pro,1000
IND-ACC-2070,GST-INV-800462,2025-09-28,17499.0,Growth Suite Pro,7500
IND-ACC-2021,GST-INV-800125,2025-09-29,9999.0,Growth Suite Pro,0
IND-ACC-2246,GST-INV-801650,2025-09-29,20999.0,Starter Startup Plan,18000
IND-ACC-2105,GST-INV-800684,2025-09-29,5499.0,Starter Startup Plan,2500
IND-ACC-2101,GST-INV-800655,2025-09-29,9999.0,Growth Suite Pro,0
IND-ACC-2257,GST-INV-801724,2025-09-29,27999.0,Growth Suite Pro,18000
IND-ACC-2048,GST-INV-800282,2025-09-29,25999.0,Scale Business Platform,1000
IND-ACC-2035,GST-INV-800202,2025-09-29,3999.0,Starter Startup Plan,1000
IND-ACC-2167,GST-INV-801101,2025-09-30,74999.0,Enterprise Custom Tier,0
IND-ACC-2008,GST-INV-800047,2025-09-30,25999.0,Scale Business Platform,1000
IND-ACC-2029,GST-INV-800176,2025-09-30,25999.0,Scale Business Platform,1000
IND-ACC-2145,GST-INV-800963,2025-09-30,27499.0,Scale Business Platform,2500
IND-ACC-2027,GST-INV-800161,2025-09-30,10999.0,Growth Suite Pro,1000
IND-ACC-2063,GST-INV-800408,2025-09-30,10999.0,Growth Suite Pro,1000
IND-ACC-2271,GST-INV-801822,2025-09-30,3999.0,Starter Startup Plan,1000
IND-ACC-2132,GST-INV-800872,2025-09-30,10999.0,Growth Suite Pro,1000
IND-ACC-2383,GST-INV-802620,2025-09-30,25999.0,Scale Business Platform,1000
IND-ACC-2312,GST-INV-802142,2025-09-30,2999.0,Starter Startup Plan,0
IND-ACC-2363,GST-INV-802447,2025-09-30,17499.0,Growth Suite Pro,7500
IND-ACC-2192,GST-INV-801281,2025-09-30,10999.0,Growth Suite Pro,1000
IND-ACC-2334,GST-INV-802271,2025-09-30,3999.0,Starter Startup Plan,1000
IND-ACC-2094,GST-INV-800615,2025-10-01,9999.0,Growth Suite Pro,0
IND-ACC-2204,GST-INV-801359,2025-10-01,3999.0,Starter Startup Plan,1000
IND-ACC-2388,GST-INV-802639,2025-10-01,17499.0,Growth Suite Pro,7500
IND-ACC-2138,GST-INV-800911,2025-10-01,32499.0,Scale Business Platform,7500
IND-ACC-2303,GST-INV-802059,2025-10-01,12499.0,Growth Suite Pro,2500
IND-ACC-2079,GST-INV-800525,2025-10-01,10499.0,Starter Startup Plan,7500
IND-ACC-2299,GST-INV-802025,2025-10-01,9999.0,Growth Suite Pro,0
IND-ACC-2254,GST-INV-801702,2025-10-01,3999.0,Starter Startup Plan,1000
IND-ACC-2365,GST-INV-802456,2025-10-01,10499.0,Starter Startup Plan,7500
IND-ACC-2182,GST-INV-801212,2025-10-01,5499.0,Starter Startup Plan,2500
IND-ACC-2077,GST-INV-800509,2025-10-01,27499.0,Scale Business Platform,2500
IND-ACC-2168,GST-INV-801110,2025-10-01,25999.0,Scale Business Platform,1000
IND-ACC-2222,GST-INV-801487,2025-10-01,10999.0,Growth Suite Pro,1000
IND-ACC-2335,GST-INV-802278,2025-10-02,75999.0,Enterprise Custom Tier,1000
IND-ACC-2197,GST-INV-801313,2025-10-02,27499.0,Scale Business Platform,2500
IND-ACC-2267,GST-INV-801793,2025-10-02,12499.0,Growth Suite Pro,2500
IND-ACC-2361,GST-INV-802430,2025-10-03,9999.0,Growth Suite Pro,0
IND-ACC-2149,GST-INV-800999,2025-10-03,42999.0,Scale Business Platform,18000
IND-ACC-2156,GST-INV-801038,2025-10-03,5499.0,Starter Startup Plan,2500
IND-ACC-2012,GST-INV-800077,2025-10-03,10999.0,Growth Suite Pro,1000
IND-ACC-2148,GST-INV-800990,2025-10-03,12499.0,Growth Suite Pro,2500
IND-ACC-2176,GST-INV-801177,2025-10-04,10499.0,Starter Startup Plan,7500
IND-ACC-2152,GST-INV-801014,2025-10-04,27999.0,Growth Suite Pro,18000
IND-ACC-2305,GST-INV-802080,2025-10-04,42999.0,Scale Business Platform,18000
IND-ACC-2001,GST-INV-800011,2025-10-04,17499.0,Growth Suite Pro,7500
IND-ACC-2249,GST-INV-801676,2025-10-04,2999.0,Starter Startup Plan,0
IND-ACC-2347,GST-INV-802352,2025-10-04,77499.0,Enterprise Custom Tier,2500
IND-ACC-2239,GST-INV-801591,2025-10-04,24999.0,Scale Business Platform,0
IND-ACC-2237,GST-INV-801578,2025-10-05,25999.0,Scale Business Platform,1000
IND-ACC-2371,GST-INV-802513,2025-10-05,10499.0,Starter Startup Plan,7500
IND-ACC-2230,GST-INV-801547,2025-10-05,42999.0,Scale Business Platform,18000
IND-ACC-2127,GST-INV-800847,2025-10-05,24999.0,Scale Business Platform,0
IND-ACC-2294,GST-INV-801994,2025-10-05,12499.0,Growth Suite Pro,2500
IND-ACC-2202,GST-INV-801344,2025-10-05,82499.0,Enterprise Custom Tier,7500
IND-ACC-2146,GST-INV-800974,2025-10-05,25999.0,Scale Business Platform,1000
IND-ACC-2117,GST-INV-800781,2025-10-06,12499.0,Growth Suite Pro,2500
IND-ACC-2066,GST-INV-800435,2025-10-06,17499.0,Growth Suite Pro,7500
IND-ACC-2293,GST-INV-801987,2025-10-07,10999.0,Growth Suite Pro,1000
IND-ACC-2092,GST-INV-800600,2025-10-07,2999.0,Starter Startup Plan,0
IND-ACC-2317,GST-INV-802172,2025-10-07,5499.0,Starter Startup Plan,2500
IND-ACC-2171,GST-INV-801135,2025-10-08,12499.0,Growth Suite Pro,2500
IND-ACC-2122,GST-INV-800811,2025-10-08,27999.0,Growth Suite Pro,18000
IND-ACC-2006,GST-INV-800037,2025-10-08,20999.0,Starter Startup Plan,18000
IND-ACC-2259,GST-INV-801735,2025-10-09,17499.0,Growth Suite Pro,7500
IND-ACC-2099,GST-INV-800649,2025-10-09,77499.0,Enterprise Custom Tier,2500
IND-ACC-2141,GST-INV-800937,2025-10-09,24999.0,Scale Business Platform,0
IND-ACC-2231,GST-INV-801553,2025-10-09,42999.0,Scale Business Platform,18000
IND-ACC-2226,GST-INV-801521,2025-10-09,25999.0,Scale Business Platform,1000
IND-ACC-2005,GST-INV-800033,2025-10-10,75999.0,Enterprise Custom Tier,1000
IND-ACC-2273,GST-INV-801832,2025-10-10,3999.0,Starter Startup Plan,1000
IND-ACC-2265,GST-INV-801778,2025-10-10,27999.0,Growth Suite Pro,18000
IND-ACC-2287,GST-INV-801939,2025-10-10,9999.0,Growth Suite Pro,0
IND-ACC-2081,GST-INV-800537,2025-10-10,27499.0,Scale Business Platform,2500
IND-ACC-2233,GST-INV-801564,2025-10-11,92999.0,Enterprise Custom Tier,18000
IND-ACC-2037,GST-INV-800220,2025-10-11,2999.0,Starter Startup Plan,0
IND-ACC-2207,GST-INV-801379,2025-10-11,24999.0,Scale Business Platform,0
IND-ACC-2310,GST-INV-802125,2025-10-12,10999.0,Growth Suite Pro,1000
IND-ACC-2009,GST-INV-800056,2025-10-12,77499.0,Enterprise Custom Tier,2500
IND-ACC-2274,GST-INV-801838,2025-10-12,10499.0,Starter Startup Plan,7500
IND-ACC-2157,GST-INV-801045,2025-10-12,3999.0,Starter Startup Plan,1000
IND-ACC-2394,GST-INV-802673,2025-10-12,27499.0,Scale Business Platform,2500
IND-ACC-2219,GST-INV-801461,2025-10-12,2999.0,Starter Startup Plan,0
IND-ACC-2185,GST-INV-801231,2025-10-12,3999.0,Starter Startup Plan,1000
IND-ACC-2155,GST-INV-801027,2025-10-12,3999.0,Starter Startup Plan,1000
IND-ACC-2051,GST-INV-800304,2025-10-12,3999.0,Starter Startup Plan,1000
IND-ACC-2289,GST-INV-801953,2025-10-12,20999.0,Starter Startup Plan,18000
IND-ACC-2073,GST-INV-800485,2025-10-12,10999.0,Growth Suite Pro,1000
IND-ACC-2200,GST-INV-801330,2025-10-12,3999.0,Starter Startup Plan,1000
IND-ACC-2223,GST-INV-801494,2025-10-12,5499.0,Starter Startup Plan,2500
IND-ACC-2193,GST-INV-801288,2025-10-12,2999.0,Starter Startup Plan,0
IND-ACC-2336,GST-INV-802284,2025-10-12,10499.0,Starter Startup Plan,7500
IND-ACC-2054,GST-INV-800327,2025-10-12,9999.0,Growth Suite Pro,0
IND-ACC-2306,GST-INV-802087,2025-10-13,27999.0,Growth Suite Pro,18000
IND-ACC-2326,GST-INV-802225,2025-10-13,10499.0,Starter Startup Plan,7500
IND-ACC-2300,GST-INV-802031,2025-10-13,42999.0,Scale Business Platform,18000
IND-ACC-2010,GST-INV-800062,2025-10-13,27499.0,Scale Business Platform,2500
IND-ACC-2043,GST-INV-800245,2025-10-13,10999.0,Growth Suite Pro,1000
IND-ACC-2183,GST-INV-801221,2025-10-13,20999.0,Starter Startup Plan,18000
IND-ACC-2350,GST-INV-802371,2025-10-13,32499.0,Scale Business Platform,7500
IND-ACC-2385,GST-INV-802628,2025-10-13,10999.0,Growth Suite Pro,1000
IND-ACC-2137,GST-INV-800899,2025-10-13,9999.0,Growth Suite Pro,0
IND-ACC-2025,GST-INV-800148,2025-10-13,27499.0,Scale Business Platform,2500
IND-ACC-2329,GST-INV-802240,2025-10-13,24999.0,Scale Business Platform,0
IND-ACC-2255,GST-INV-801705,2025-10-13,5499.0,Starter Startup Plan,2500
IND-ACC-2280,GST-INV-801882,2025-10-13,5499.0,Starter Startup Plan,2500
IND-ACC-2315,GST-INV-802158,2025-10-13,10499.0,Starter Startup Plan,7500
IND-ACC-2330,GST-INV-802245,2025-10-13,17499.0,Growth Suite Pro,7500
IND-ACC-2199,GST-INV-801322,2025-10-13,27999.0,Growth Suite Pro,18000
IND-ACC-2390,GST-INV-802650,2025-10-13,5499.0,Starter Startup Plan,2500
IND-ACC-2212,GST-INV-801410,2025-10-13,3999.0,Starter Startup Plan,1000
IND-ACC-2140,GST-INV-800929,2025-10-14,20999.0,Starter Startup Plan,18000
IND-ACC-2360,GST-INV-802424,2025-10-14,3999.0,Starter Startup Plan,1000
IND-ACC-2072,GST-INV-800475,2025-10-14,9999.0,Growth Suite Pro,0
IND-ACC-2224,GST-INV-801506,2025-10-14,10499.0,Starter Startup Plan,7500
IND-ACC-2064,GST-INV-800415,2025-10-14,27999.0,Growth Suite Pro,18000
IND-ACC-2196,GST-INV-801305,2025-10-14,12499.0,Growth Suite Pro,2500
IND-ACC-2088,GST-INV-800576,2025-10-14,3999.0,Starter Startup Plan,1000
IND-ACC-2218,GST-INV-801453,2025-10-14,32499.0,Scale Business Platform,7500
IND-ACC-2288,GST-INV-801946,2025-10-14,10499.0,Starter Startup Plan,7500
IND-ACC-2181,GST-INV-801202,2025-10-14,9999.0,Growth Suite Pro,0
IND-ACC-2252,GST-INV-801691,2025-10-14,9999.0,Growth Suite Pro,0
IND-ACC-2367,GST-INV-802473,2025-10-14,32499.0,Scale Business Platform,7500
IND-ACC-2007,GST-INV-800041,2025-10-14,10499.0,Starter Startup Plan,7500
IND-ACC-2097,GST-INV-800636,2025-10-14,3999.0,Starter Startup Plan,1000
IND-ACC-2065,GST-INV-800425,2025-10-14,12499.0,Growth Suite Pro,2500
IND-ACC-2373,GST-INV-802527,2025-10-14,27999.0,Growth Suite Pro,18000
IND-ACC-2380,GST-INV-802589,2025-10-14,10999.0,Growth Suite Pro,1000
IND-ACC-2059,GST-INV-800369,2025-10-15,27999.0,Growth Suite Pro,18000
IND-ACC-2253,GST-INV-801698,2025-10-15,3999.0,Starter Startup Plan,1000
IND-ACC-2345,GST-INV-802342,2025-10-15,3999.0,Starter Startup Plan,1000
IND-ACC-2075,GST-INV-800501,2025-10-15,20999.0,Starter Startup Plan,18000
IND-ACC-2080,GST-INV-800532,2025-10-15,17499.0,Growth Suite Pro,7500
IND-ACC-2106,GST-INV-800691,2025-10-15,5499.0,Starter Startup Plan,2500
IND-ACC-2297,GST-INV-802011,2025-10-15,10499.0,Starter Startup Plan,7500
IND-ACC-2115,GST-INV-800758,2025-10-15,9999.0,Growth Suite Pro,0
IND-ACC-2359,GST-INV-802416,2025-10-15,32499.0,Scale Business Platform,7500
IND-ACC-2107,GST-INV-800699,2025-10-15,27999.0,Growth Suite Pro,18000
IND-ACC-2356,GST-INV-802403,2025-10-15,10999.0,Growth Suite Pro,1000
IND-ACC-2221,GST-INV-801476,2025-10-15,12499.0,Growth Suite Pro,2500
IND-ACC-2235,GST-INV-801569,2025-10-15,32499.0,Scale Business Platform,7500
IND-ACC-2039,GST-INV-800228,2025-10-15,32499.0,Scale Business Platform,7500
IND-ACC-2142,GST-INV-800941,2025-10-16,25999.0,Scale Business Platform,1000
IND-ACC-2372,GST-INV-802517,2025-10-16,3999.0,Starter Startup Plan,1000
IND-ACC-2208,GST-INV-801384,2025-10-16,9999.0,Growth Suite Pro,0
IND-ACC-2256,GST-INV-801713,2025-10-16,32499.0,Scale Business Platform,7500
IND-ACC-2282,GST-INV-801901,2025-10-16,20999.0,Starter Startup Plan,18000
IND-ACC-2291,GST-INV-801968,2025-10-16,2999.0,Starter Startup Plan,0
IND-ACC-2357,GST-INV-802407,2025-10-16,17499.0,Growth Suite Pro,7500
IND-ACC-2323,GST-INV-802206,2025-10-16,2999.0,Starter Startup Plan,0
IND-ACC-2195,GST-INV-801297,2025-10-16,20999.0,Starter Startup Plan,18000
IND-ACC-2126,GST-INV-800839,2025-10-16,10499.0,Starter Startup Plan,7500
IND-ACC-2163,GST-INV-801081,2025-10-16,3999.0,Starter Startup Plan,1000
IND-ACC-2055,GST-INV-800335,2025-10-16,24999.0,Scale Business Platform,0
IND-ACC-2368,GST-INV-802481,2025-10-17,12499.0,Growth Suite Pro,2500
IND-ACC-2243,GST-INV-801623,2025-10-17,17499.0,Growth Suite Pro,7500
IND-ACC-2270,GST-INV-801816,2025-10-17,10999.0,Growth Suite Pro,1000
IND-ACC-2144,GST-INV-800950,2025-10-17,3999.0,Starter Startup Plan,1000
IND-ACC-2342,GST-INV-802320,2025-10-17,17499.0,Growth Suite Pro,7500
IND-ACC-2201,GST-INV-801336,2025-10-17,25999.0,Scale Business Platform,1000
IND-ACC-2392,GST-INV-802662,2025-10-17,24999.0,Scale Business Platform,0
IND-ACC-2014,GST-INV-800087,2025-10-17,20999.0,Starter Startup Plan,18000
IND-ACC-2121,GST-INV-800803,2025-10-18,27499.0,Scale Business Platform,2500
IND-ACC-2147,GST-INV-800982,2025-10-18,12499.0,Growth Suite Pro,2500
IND-ACC-2343,GST-INV-802326,2025-10-18,42999.0,Scale Business Platform,18000
IND-ACC-2174,GST-INV-801157,2025-10-18,20999.0,Starter Startup Plan,18000
IND-ACC-2340,GST-INV-802307,2025-10-18,3999.0,Starter Startup Plan,1000
IND-ACC-2108,GST-INV-800704,2025-10-18,9999.0,Growth Suite Pro,0
IND-ACC-2203,GST-INV-801348,2025-10-18,42999.0,Scale Business Platform,18000
IND-ACC-2087,GST-INV-800567,2025-10-18,9999.0,Growth Suite Pro,0
IND-ACC-2102,GST-INV-800665,2025-10-18,5499.0,Starter Startup Plan,2500
IND-ACC-2057,GST-INV-800347,2025-10-19,2999.0,Starter Startup Plan,0
IND-ACC-2084,GST-INV-800549,2025-10-19,5499.0,Starter Startup Plan,2500
IND-ACC-2022,GST-INV-800133,2025-10-19,20999.0,Starter Startup Plan,18000
IND-ACC-2013,GST-INV-800083,2025-10-19,17499.0,Growth Suite Pro,7500
IND-ACC-2328,GST-INV-802236,2025-10-19,10999.0,Growth Suite Pro,1000
IND-ACC-2172,GST-INV-801139,2025-10-19,25999.0,Scale Business Platform,1000
IND-ACC-2316,GST-INV-802163,2025-10-19,3999.0,Starter Startup Plan,1000
IND-ACC-2278,GST-INV-801866,2025-10-19,27999.0,Growth Suite Pro,18000
IND-ACC-2262,GST-INV-801754,2025-10-19,17499.0,Growth Suite Pro,7500
IND-ACC-2314,GST-INV-802153,2025-10-19,27999.0,Growth Suite Pro,18000
IND-ACC-2110,GST-INV-800718,2025-10-19,42999.0,Scale Business Platform,18000
IND-ACC-2211,GST-INV-801399,2025-10-19,5499.0,Starter Startup Plan,2500
IND-ACC-2169,GST-INV-801119,2025-10-19,3999.0,Starter Startup Plan,1000
IND-ACC-2047,GST-INV-800273,2025-10-20,3999.0,Starter Startup Plan,1000
IND-ACC-2263,GST-INV-801763,2025-10-20,3999.0,Starter Startup Plan,1000
IND-ACC-2301,GST-INV-802042,2025-10-20,12499.0,Growth Suite Pro,2500
IND-ACC-2113,GST-INV-800742,2025-10-20,24999.0,Scale Business Platform,0
IND-ACC-2003,GST-INV-800022,2025-10-20,2999.0,Starter Startup Plan,0
IND-ACC-2068,GST-INV-800445,2025-10-20,5499.0,Starter Startup Plan,2500
IND-ACC-2283,GST-INV-801910,2025-10-20,17499.0,Growth Suite Pro,7500
IND-ACC-2292,GST-INV-801975,2025-10-20,9999.0,Growth Suite Pro,0
IND-ACC-2049,GST-INV-800289,2025-10-20,9999.0,Growth Suite Pro,0
IND-ACC-2264,GST-INV-801772,2025-10-21,10499.0,Starter Startup Plan,7500
IND-ACC-2268,GST-INV-801802,2025-10-21,10499.0,Starter Startup Plan,7500
IND-ACC-2128,GST-INV-800851,2025-10-21,12499.0,Growth Suite Pro,2500
IND-ACC-2060,GST-INV-800379,2025-10-21,27999.0,Growth Suite Pro,18000
IND-ACC-2124,GST-INV-800823,2025-10-21,10499.0,Starter Startup Plan,7500
IND-ACC-2187,GST-INV-801248,2025-10-21,27499.0,Scale Business Platform,2500
IND-ACC-2175,GST-INV-801168,2025-10-21,9999.0,Growth Suite Pro,0
IND-ACC-2093,GST-INV-800604,2025-10-21,32499.0,Scale Business Platform,7500
IND-ACC-2044,GST-INV-800253,2025-10-21,3999.0,Starter Startup Plan,1000
IND-ACC-2188,GST-INV-801254,2025-10-21,32499.0,Scale Business Platform,7500
IND-ACC-2036,GST-INV-800212,2025-10-22,10499.0,Starter Startup Plan,7500
IND-ACC-2074,GST-INV-800493,2025-10-22,24999.0,Scale Business Platform,0
IND-ACC-2377,GST-INV-802559,2025-10-22,10499.0,Starter Startup Plan,7500
IND-ACC-2133,GST-INV-800878,2025-10-22,9999.0,Growth Suite Pro,0
IND-ACC-2331,GST-INV-802253,2025-10-22,9999.0,Growth Suite Pro,0
IND-ACC-2052,GST-INV-800314,2025-10-22,32499.0,Scale Business Platform,7500
IND-ACC-2375,GST-INV-802545,2025-10-22,9999.0,Growth Suite Pro,0
IND-ACC-2369,GST-INV-802491,2025-10-22,10999.0,Growth Suite Pro,1000
IND-ACC-2159,GST-INV-801059,2025-10-22,3999.0,Starter Startup Plan,1000
IND-ACC-2228,GST-INV-801532,2025-10-22,9999.0,Growth Suite Pro,0
IND-ACC-2396,GST-INV-802680,2025-10-23,3999.0,Starter Startup Plan,1000
IND-ACC-2242,GST-INV-801615,2025-10-23,20999.0,Starter Startup Plan,18000
IND-ACC-2067,GST-INV-800438,2025-10-23,27499.0,Scale Business Platform,2500
IND-ACC-2362,GST-INV-802438,2025-10-23,20999.0,Starter Startup Plan,18000
IND-ACC-2170,GST-INV-801126,2025-10-23,2999.0,Starter Startup Plan,0
IND-ACC-2165,GST-INV-801090,2025-10-23,9999.0,Growth Suite Pro,0
IND-ACC-2095,GST-INV-800622,2025-10-23,3999.0,Starter Startup Plan,1000
IND-ACC-2090,GST-INV-800583,2025-10-23,12499.0,Growth Suite Pro,2500
IND-ACC-2116,GST-INV-800770,2025-10-23,5499.0,Starter Startup Plan,2500
IND-ACC-2307,GST-INV-802099,2025-10-24,27999.0,Growth Suite Pro,18000
IND-ACC-2061,GST-INV-800387,2025-10-24,3999.0,Starter Startup Plan,1000
IND-ACC-2286,GST-INV-801929,2025-10-24,2999.0,Starter Startup Plan,0
IND-ACC-2217,GST-INV-801443,2025-10-24,32499.0,Scale Business Platform,7500
IND-ACC-2248,GST-INV-801671,2025-10-24,12499.0,Growth Suite Pro,2500
IND-ACC-2000,GST-INV-800002,2025-10-24,10999.0,Growth Suite Pro,1000
IND-ACC-2017,GST-INV-800103,2025-10-24,27499.0,Scale Business Platform,2500
IND-ACC-2227,GST-INV-801524,2025-10-24,20999.0,Starter Startup Plan,18000
IND-ACC-2189,GST-INV-801259,2025-10-24,32499.0,Scale Business Platform,7500
IND-ACC-2130,GST-INV-800862,2025-10-24,5499.0,Starter Startup Plan,2500
IND-ACC-2281,GST-INV-801890,2025-10-24,17499.0,Growth Suite Pro,7500
IND-ACC-2119,GST-INV-800793,2025-10-24,10999.0,Growth Suite Pro,1000
IND-ACC-2382,GST-INV-802610,2025-10-24,92999.0,Enterprise Custom Tier,18000
IND-ACC-2046,GST-INV-800267,2025-10-25,10499.0,Starter Startup Plan,7500
IND-ACC-2114,GST-INV-800750,2025-10-25,92999.0,Enterprise Custom Tier,18000
IND-ACC-2158,GST-INV-801050,2025-10-25,25999.0,Scale Business Platform,1000
IND-ACC-2290,GST-INV-801961,2025-10-25,27499.0,Scale Business Platform,2500
IND-ACC-2337,GST-INV-802294,2025-10-25,92999.0,Enterprise Custom Tier,18000
IND-ACC-2324,GST-INV-802213,2025-10-25,24999.0,Scale Business Platform,0
IND-ACC-2016,GST-INV-800097,2025-10-25,2999.0,Starter Startup Plan,0
IND-ACC-2096,GST-INV-800631,2025-10-25,32499.0,Scale Business Platform,7500
IND-ACC-2378,GST-INV-802568,2025-10-25,10999.0,Growth Suite Pro,1000
IND-ACC-2151,GST-INV-801007,2025-10-25,10499.0,Starter Startup Plan,7500
IND-ACC-2247,GST-INV-801660,2025-10-25,42999.0,Scale Business Platform,18000
IND-ACC-2112,GST-INV-800734,2025-10-26,25999.0,Scale Business Platform,1000
IND-ACC-2304,GST-INV-802069,2025-10-26,42999.0,Scale Business Platform,18000
IND-ACC-2308,GST-INV-802110,2025-10-26,10999.0,Growth Suite Pro,1000
IND-ACC-2240,GST-INV-801599,2025-10-26,32499.0,Scale Business Platform,7500
IND-ACC-2269,GST-INV-801809,2025-10-26,10999.0,Growth Suite Pro,1000
IND-ACC-2370,GST-INV-802503,2025-10-26,2999.0,Starter Startup Plan,0
IND-ACC-2160,GST-INV-801065,2025-10-26,20999.0,Starter Startup Plan,18000
IND-ACC-2078,GST-INV-800516,2025-10-26,10999.0,Growth Suite Pro,1000
IND-ACC-2091,GST-INV-800592,2025-10-26,77499.0,Enterprise Custom Tier,2500
IND-ACC-2277,GST-INV-801855,2025-10-26,2999.0,Starter Startup Plan,0
IND-ACC-2069,GST-INV-800453,2025-10-27,77499.0,Enterprise Custom Tier,2500
IND-ACC-2366,GST-INV-802462,2025-10-27,27499.0,Scale Business Platform,2500
IND-ACC-2162,GST-INV-801073,2025-10-27,17499.0,Growth Suite Pro,7500
IND-ACC-2379,GST-INV-802579,2025-10-27,20999.0,Starter Startup Plan,18000
IND-ACC-2058,GST-INV-800358,2025-10-27,42999.0,Scale Business Platform,18000
IND-ACC-2186,GST-INV-801241,2025-10-27,2999.0,Starter Startup Plan,0
IND-ACC-2173,GST-INV-801147,2025-10-27,9999.0,Growth Suite Pro,0
IND-ACC-2374,GST-INV-802535,2025-10-27,17499.0,Growth Suite Pro,7500
IND-ACC-2191,GST-INV-801270,2025-10-27,20999.0,Starter Startup Plan,18000
IND-ACC-2318,GST-INV-802179,2025-10-28,27999.0,Growth Suite Pro,18000
IND-ACC-2349,GST-INV-802361,2025-10-28,27499.0,Scale Business Platform,2500
IND-ACC-2071,GST-INV-800467,2025-10-28,3999.0,Starter Startup Plan,1000
IND-ACC-2062,GST-INV-800395,2025-10-28,9999.0,Growth Suite Pro,0
IND-ACC-2348,GST-INV-802355,2025-10-28,5499.0,Starter Startup Plan,2500
IND-ACC-2070,GST-INV-800461,2025-10-28,17499.0,Growth Suite Pro,7500
IND-ACC-2245,GST-INV-801637,2025-10-28,10999.0,Growth Suite Pro,1000
IND-ACC-2381,GST-INV-802600,2025-10-28,27999.0,Growth Suite Pro,18000
IND-ACC-2261,GST-INV-801746,2025-10-28,12499.0,Growth Suite Pro,2500
IND-ACC-2353,GST-INV-802386,2025-10-28,2999.0,Starter Startup Plan,0
IND-ACC-2105,GST-INV-800683,2025-10-29,5499.0,Starter Startup Plan,2500
IND-ACC-2257,GST-INV-801723,2025-10-29,12499.0,Growth Suite Pro,2500
IND-ACC-2048,GST-INV-800281,2025-10-29,24999.0,Scale Business Platform,0
IND-ACC-2101,GST-INV-800654,2025-10-29,10999.0,Growth Suite Pro,1000
IND-ACC-2035,GST-INV-800201,2025-10-29,5499.0,Starter Startup Plan,2500
IND-ACC-2246,GST-INV-801649,2025-10-29,5499.0,Starter Startup Plan,2500
IND-ACC-2021,GST-INV-800124,2025-10-29,10999.0,Growth Suite Pro,1000
IND-ACC-2192,GST-INV-801280,2025-10-30,17499.0,Growth Suite Pro,7500
IND-ACC-2167,GST-INV-801100,2025-10-30,92999.0,Enterprise Custom Tier,18000
IND-ACC-2312,GST-INV-802141,2025-10-30,5499.0,Starter Startup Plan,2500
IND-ACC-2063,GST-INV-800407,2025-10-30,27999.0,Growth Suite Pro,18000
IND-ACC-2008,GST-INV-800046,2025-10-30,42999.0,Scale Business Platform,18000
IND-ACC-2029,GST-INV-800175,2025-10-30,32499.0,Scale Business Platform,7500
IND-ACC-2334,GST-INV-802270,2025-10-30,3999.0,Starter Startup Plan,1000
IND-ACC-2145,GST-INV-800962,2025-10-30,32499.0,Scale Business Platform,7500
IND-ACC-2271,GST-INV-801821,2025-10-30,5499.0,Starter Startup Plan,2500
IND-ACC-2132,GST-INV-800871,2025-10-30,10999.0,Growth Suite Pro,1000
IND-ACC-2027,GST-INV-800160,2025-10-30,10999.0,Growth Suite Pro,1000
IND-ACC-2363,GST-INV-802446,2025-10-30,9999.0,Growth Suite Pro,0
IND-ACC-2383,GST-INV-802619,2025-10-30,42999.0,Scale Business Platform,18000
IND-ACC-2254,GST-INV-801701,2025-10-31,3999.0,Starter Startup Plan,1000
IND-ACC-2079,GST-INV-800524,2025-10-31,20999.0,Starter Startup Plan,18000
IND-ACC-2168,GST-INV-801109,2025-10-31,27499.0,Scale Business Platform,2500
IND-ACC-2204,GST-INV-801358,2025-10-31,10499.0,Starter Startup Plan,7500
IND-ACC-2365,GST-INV-802455,2025-10-31,3999.0,Starter Startup Plan,1000
IND-ACC-2222,GST-INV-801486,2025-10-31,17499.0,Growth Suite Pro,7500
IND-ACC-2388,GST-INV-802638,2025-10-31,10999.0,Growth Suite Pro,1000
IND-ACC-2303,GST-INV-802058,2025-10-31,17499.0,Growth Suite Pro,7500
IND-ACC-2138,GST-INV-800910,2025-10-31,42999.0,Scale Business Platform,18000
IND-ACC-2182,GST-INV-801211,2025-10-31,10499.0,Starter Startup Plan,7500
IND-ACC-2299,GST-INV-802024,2025-10-31,17499.0,Growth Suite Pro,7500
IND-ACC-2077,GST-INV-800508,2025-10-31,42999.0,Scale Business Platform,18000
IND-ACC-2094,GST-INV-800614,2025-10-31,12499.0,Growth Suite Pro,2500
IND-ACC-2197,GST-INV-801312,2025-11-01,25999.0,Scale Business Platform,1000
IND-ACC-2267,GST-INV-801792,2025-11-01,27999.0,Growth Suite Pro,18000
IND-ACC-2335,GST-INV-802277,2025-11-01,82499.0,Enterprise Custom Tier,7500
IND-ACC-2148,GST-INV-800989,2025-11-02,9999.0,Growth Suite Pro,0
IND-ACC-2012,GST-INV-800076,2025-11-02,12499.0,Growth Suite Pro,2500
IND-ACC-2149,GST-INV-800998,2025-11-02,42999.0,Scale Business Platform,18000
IND-ACC-2361,GST-INV-802429,2025-11-02,12499.0,Growth Suite Pro,2500
IND-ACC-2156,GST-INV-801037,2025-11-02,20999.0,Starter Startup Plan,18000
IND-ACC-2176,GST-INV-801176,2025-11-03,5499.0,Starter Startup Plan,2500
IND-ACC-2001,GST-INV-800010,2025-11-03,12499.0,Growth Suite Pro,2500
IND-ACC-2239,GST-INV-801590,2025-11-03,27499.0,Scale Business Platform,2500
IND-ACC-2347,GST-INV-802351,2025-11-03,82499.0,Enterprise Custom Tier,7500
IND-ACC-2305,GST-INV-802079,2025-11-03,32499.0,Scale Business Platform,7500
IND-ACC-2152,GST-INV-801013,2025-11-03,27999.0,Growth Suite Pro,18000
IND-ACC-2249,GST-INV-801675,2025-11-03,3999.0,Starter Startup Plan,1000
IND-ACC-2146,GST-INV-800973,2025-11-04,25999.0,Scale Business Platform,1000
IND-ACC-2202,GST-INV-801343,2025-11-04,82499.0,Enterprise Custom Tier,7500
IND-ACC-2230,GST-INV-801546,2025-11-04,24999.0,Scale Business Platform,0
IND-ACC-2371,GST-INV-802512,2025-11-04,3999.0,Starter Startup Plan,1000
IND-ACC-2127,GST-INV-800846,2025-11-04,25999.0,Scale Business Platform,1000
IND-ACC-2237,GST-INV-801577,2025-11-04,32499.0,Scale Business Platform,7500
IND-ACC-2294,GST-INV-801993,2025-11-04,17499.0,Growth Suite Pro,7500
IND-ACC-2066,GST-INV-800434,2025-11-05,9999.0,Growth Suite Pro,0
IND-ACC-2117,GST-INV-800780,2025-11-05,27999.0,Growth Suite Pro,18000
IND-ACC-2092,GST-INV-800599,2025-11-06,20999.0,Starter Startup Plan,18000
IND-ACC-2293,GST-INV-801986,2025-11-06,17499.0,Growth Suite Pro,7500
IND-ACC-2317,GST-INV-802171,2025-11-06,5499.0,Starter Startup Plan,2500
IND-ACC-2171,GST-INV-801134,2025-11-07,12499.0,Growth Suite Pro,2500
IND-ACC-2006,GST-INV-800036,2025-11-07,5499.0,Starter Startup Plan,2500
IND-ACC-2122,GST-INV-800810,2025-11-07,10999.0,Growth Suite Pro,1000
IND-ACC-2231,GST-INV-801552,2025-11-08,32499.0,Scale Business Platform,7500
IND-ACC-2099,GST-INV-800648,2025-11-08,77499.0,Enterprise Custom Tier,2500
IND-ACC-2259,GST-INV-801734,2025-11-08,27999.0,Growth Suite Pro,18000
IND-ACC-2226,GST-INV-801520,2025-11-08,24999.0,Scale Business Platform,0
IND-ACC-2141,GST-INV-800936,2025-11-08,27499.0,Scale Business Platform,2500
IND-ACC-2005,GST-INV-800032,2025-11-09,74999.0,Enterprise Custom Tier,0
IND-ACC-2287,GST-INV-801938,2025-11-09,9999.0,Growth Suite Pro,0
IND-ACC-2265,GST-INV-801777,2025-11-09,10999.0,Growth Suite Pro,1000
IND-ACC-2081,GST-INV-800536,2025-11-09,32499.0,Scale Business Platform,7500
IND-ACC-2273,GST-INV-801831,2025-11-09,5499.0,Starter Startup Plan,2500
IND-ACC-2233,GST-INV-801563,2025-11-10,75999.0,Enterprise Custom Tier,1000
IND-ACC-2207,GST-INV-801378,2025-11-10,42999.0,Scale Business Platform,18000
IND-ACC-2037,GST-INV-800219,2025-11-10,10499.0,Starter Startup Plan,7500
IND-ACC-2219,GST-INV-801460,2025-11-11,5499.0,Starter Startup Plan,2500
IND-ACC-2336,GST-INV-802283,2025-11-11,3999.0,Starter Startup Plan,1000
IND-ACC-2200,GST-INV-801329,2025-11-11,5499.0,Starter Startup Plan,2500
IND-ACC-2155,GST-INV-801026,2025-11-11,10499.0,Starter Startup Plan,7500
IND-ACC-2073,GST-INV-800484,2025-11-11,10999.0,Growth Suite Pro,1000
IND-ACC-2054,GST-INV-800326,2025-11-11,9999.0,Growth Suite Pro,0
IND-ACC-2223,GST-INV-801493,2025-11-11,20999.0,Starter Startup Plan,18000
IND-ACC-2274,GST-INV-801837,2025-11-11,20999.0,Starter Startup Plan,18000
IND-ACC-2394,GST-INV-802672,2025-11-11,24999.0,Scale Business Platform,0
IND-ACC-2051,GST-INV-800303,2025-11-11,20999.0,Starter Startup Plan,18000
IND-ACC-2310,GST-INV-802124,2025-11-11,9999.0,Growth Suite Pro,0
IND-ACC-2185,GST-INV-801230,2025-11-11,10499.0,Starter Startup Plan,7500
IND-ACC-2300,GST-INV-802030,2025-11-12,27499.0,Scale Business Platform,2500
IND-ACC-2199,GST-INV-801321,2025-11-12,12499.0,Growth Suite Pro,2500
IND-ACC-2137,GST-INV-800898,2025-11-12,12499.0,Growth Suite Pro,2500
IND-ACC-2330,GST-INV-802244,2025-11-12,17499.0,Growth Suite Pro,7500
IND-ACC-2306,GST-INV-802086,2025-11-12,17499.0,Growth Suite Pro,7500
IND-ACC-2010,GST-INV-800061,2025-11-12,42999.0,Scale Business Platform,18000
IND-ACC-2280,GST-INV-801881,2025-11-12,20999.0,Starter Startup Plan,18000
IND-ACC-2390,GST-INV-802649,2025-11-12,3999.0,Starter Startup Plan,1000
IND-ACC-2025,GST-INV-800147,2025-11-12,42999.0,Scale Business Platform,18000
IND-ACC-2043,GST-INV-800244,2025-11-12,10999.0,Growth Suite Pro,1000
IND-ACC-2212,GST-INV-801409,2025-11-12,5499.0,Starter Startup Plan,2500
IND-ACC-2183,GST-INV-801220,2025-11-12,2999.0,Starter Startup Plan,0
IND-ACC-2218,GST-INV-801452,2025-11-13,25999.0,Scale Business Platform,1000
IND-ACC-2224,GST-INV-801505,2025-11-13,5499.0,Starter Startup Plan,2500
IND-ACC-2380,GST-INV-802588,2025-11-13,17499.0,Growth Suite Pro,7500
IND-ACC-2373,GST-INV-802526,2025-11-13,27999.0,Growth Suite Pro,18000
IND-ACC-2065,GST-INV-800424,2025-11-13,12499.0,Growth Suite Pro,2500
IND-ACC-2140,GST-INV-800928,2025-11-13,2999.0,Starter Startup Plan,0
IND-ACC-2367,GST-INV-802472,2025-11-13,42999.0,Scale Business Platform,18000
IND-ACC-2072,GST-INV-800474,2025-11-13,9999.0,Growth Suite Pro,0
IND-ACC-2196,GST-INV-801304,2025-11-13,9999.0,Growth Suite Pro,0
IND-ACC-2088,GST-INV-800575,2025-11-13,3999.0,Starter Startup Plan,1000
IND-ACC-2007,GST-INV-800040,2025-11-13,3999.0,Starter Startup Plan,1000
IND-ACC-2097,GST-INV-800635,2025-11-13,10499.0,Starter Startup Plan,7500
IND-ACC-2181,GST-INV-801201,2025-11-13,17499.0,Growth Suite Pro,7500
IND-ACC-2359,GST-INV-802415,2025-11-14,42999.0,Scale Business Platform,18000
IND-ACC-2221,GST-INV-801475,2025-11-14,27999.0,Growth Suite Pro,18000
IND-ACC-2356,GST-INV-802402,2025-11-14,12499.0,Growth Suite Pro,2500
IND-ACC-2115,GST-INV-800757,2025-11-14,27999.0,Growth Suite Pro,18000
IND-ACC-2059,GST-INV-800368,2025-11-14,10999.0,Growth Suite Pro,1000
IND-ACC-2106,GST-INV-800690,2025-11-14,10499.0,Starter Startup Plan,7500
IND-ACC-2039,GST-INV-800227,2025-11-14,32499.0,Scale Business Platform,7500
IND-ACC-2345,GST-INV-802341,2025-11-14,10499.0,Starter Startup Plan,7500
IND-ACC-2297,GST-INV-802010,2025-11-14,5499.0,Starter Startup Plan,2500
IND-ACC-2253,GST-INV-801697,2025-11-14,10499.0,Starter Startup Plan,7500
IND-ACC-2235,GST-INV-801568,2025-11-14,42999.0,Scale Business Platform,18000
IND-ACC-2075,GST-INV-800500,2025-11-14,5499.0,Starter Startup Plan,2500
IND-ACC-2195,GST-INV-801296,2025-11-15,3999.0,Starter Startup Plan,1000
IND-ACC-2323,GST-INV-802205,2025-11-15,2999.0,Starter Startup Plan,0
IND-ACC-2055,GST-INV-800334,2025-11-15,24999.0,Scale Business Platform,0
IND-ACC-2282,GST-INV-801900,2025-11-15,3999.0,Starter Startup Plan,1000
IND-ACC-2372,GST-INV-802516,2025-11-15,2999.0,Starter Startup Plan,0
IND-ACC-2126,GST-INV-800838,2025-11-15,10499.0,Starter Startup Plan,7500
IND-ACC-2163,GST-INV-801080,2025-11-15,5499.0,Starter Startup Plan,2500
IND-ACC-2256,GST-INV-801712,2025-11-15,32499.0,Scale Business Platform,7500
IND-ACC-2201,GST-INV-801335,2025-11-16,25999.0,Scale Business Platform,1000
IND-ACC-2368,GST-INV-802480,2025-11-16,9999.0,Growth Suite Pro,0
IND-ACC-2392,GST-INV-802661,2025-11-16,25999.0,Scale Business Platform,1000
IND-ACC-2144,GST-INV-800949,2025-11-16,20999.0,Starter Startup Plan,18000
IND-ACC-2243,GST-INV-801622,2025-11-16,17499.0,Growth Suite Pro,7500
IND-ACC-2270,GST-INV-801815,2025-11-16,27999.0,Growth Suite Pro,18000
IND-ACC-2343,GST-INV-802325,2025-11-17,25999.0,Scale Business Platform,1000
IND-ACC-2108,GST-INV-800703,2025-11-17,10999.0,Growth Suite Pro,1000
IND-ACC-2147,GST-INV-800981,2025-11-17,17499.0,Growth Suite Pro,7500
IND-ACC-2174,GST-INV-801156,2025-11-17,20999.0,Starter Startup Plan,18000
IND-ACC-2203,GST-INV-801347,2025-11-17,32499.0,Scale Business Platform,7500
IND-ACC-2022,GST-INV-800132,2025-11-18,10499.0,Starter Startup Plan,7500
IND-ACC-2057,GST-INV-800346,2025-11-18,2999.0,Starter Startup Plan,0
IND-ACC-2169,GST-INV-801118,2025-11-18,5499.0,Starter Startup Plan,2500
IND-ACC-2211,GST-INV-801398,2025-11-18,5499.0,Starter Startup Plan,2500
IND-ACC-2172,GST-INV-801138,2025-11-18,27499.0,Scale Business Platform,2500
IND-ACC-2084,GST-INV-800548,2025-11-18,3999.0,Starter Startup Plan,1000
IND-ACC-2113,GST-INV-800741,2025-11-19,42999.0,Scale Business Platform,18000
IND-ACC-2068,GST-INV-800444,2025-11-19,10499.0,Starter Startup Plan,7500
IND-ACC-2003,GST-INV-800021,2025-11-19,20999.0,Starter Startup Plan,18000
IND-ACC-2292,GST-INV-801974,2025-11-19,27999.0,Growth Suite Pro,18000
IND-ACC-2047,GST-INV-800272,2025-11-19,3999.0,Starter Startup Plan,1000
IND-ACC-2268,GST-INV-801801,2025-11-20,20999.0,Starter Startup Plan,18000
IND-ACC-2093,GST-INV-800603,2025-11-20,25999.0,Scale Business Platform,1000
IND-ACC-2060,GST-INV-800378,2025-11-20,17499.0,Growth Suite Pro,7500
IND-ACC-2128,GST-INV-800850,2025-11-20,17499.0,Growth Suite Pro,7500
IND-ACC-2124,GST-INV-800822,2025-11-20,20999.0,Starter Startup Plan,18000
IND-ACC-2044,GST-INV-800252,2025-11-20,10499.0,Starter Startup Plan,7500
IND-ACC-2074,GST-INV-800492,2025-11-21,24999.0,Scale Business Platform,0
IND-ACC-2052,GST-INV-800313,2025-11-21,32499.0,Scale Business Platform,7500
IND-ACC-2331,GST-INV-802252,2025-11-21,9999.0,Growth Suite Pro,0
IND-ACC-2228,GST-INV-801531,2025-11-21,10999.0,Growth Suite Pro,1000
IND-ACC-2369,GST-INV-802490,2025-11-21,10999.0,Growth Suite Pro,1000
IND-ACC-2036,GST-INV-800211,2025-11-21,10499.0,Starter Startup Plan,7500
IND-ACC-2375,GST-INV-802544,2025-11-21,12499.0,Growth Suite Pro,2500
IND-ACC-2242,GST-INV-801614,2025-11-22,10499.0,Starter Startup Plan,7500
IND-ACC-2362,GST-INV-802437,2025-11-22,20999.0,Starter Startup Plan,18000
IND-ACC-2116,GST-INV-800769,2025-11-22,2999.0,Starter Startup Plan,0
IND-ACC-2396,GST-INV-802679,2025-11-22,5499.0,Starter Startup Plan,2500
IND-ACC-2090,GST-INV-800582,2025-11-22,9999.0,Growth Suite Pro,0
IND-ACC-2095,GST-INV-800621,2025-11-22,10499.0,Starter Startup Plan,7500
IND-ACC-2307,GST-INV-802098,2025-11-23,27999.0,Growth Suite Pro,18000
IND-ACC-2130,GST-INV-800861,2025-11-23,10499.0,Starter Startup Plan,7500
IND-ACC-2000,GST-INV-800001,2025-11-23,10999.0,Growth Suite Pro,1000
IND-ACC-2061,GST-INV-800386,2025-11-23,5499.0,Starter Startup Plan,2500
IND-ACC-2017,GST-INV-800102,2025-11-23,32499.0,Scale Business Platform,7500
IND-ACC-2217,GST-INV-801442,2025-11-23,24999.0,Scale Business Platform,0
IND-ACC-2281,GST-INV-801889,2025-11-23,27999.0,Growth Suite Pro,18000
IND-ACC-2286,GST-INV-801928,2025-11-23,2999.0,Starter Startup Plan,0
IND-ACC-2247,GST-INV-801659,2025-11-24,25999.0,Scale Business Platform,1000
IND-ACC-2378,GST-INV-802567,2025-11-24,9999.0,Growth Suite Pro,0
IND-ACC-2078,GST-INV-800515,2025-11-25,27999.0,Growth Suite Pro,18000
IND-ACC-2112,GST-INV-800733,2025-11-25,42999.0,Scale Business Platform,18000
IND-ACC-2370,GST-INV-802502,2025-11-25,2999.0,Starter Startup Plan,0
IND-ACC-2091,GST-INV-800591,2025-11-25,82499.0,Enterprise Custom Tier,7500
IND-ACC-2308,GST-INV-802109,2025-11-25,12499.0,Growth Suite Pro,2500
IND-ACC-2240,GST-INV-801598,2025-11-25,27499.0,Scale Business Platform,2500
IND-ACC-2277,GST-INV-801854,2025-11-25,20999.0,Starter Startup Plan,18000
IND-ACC-2304,GST-INV-802068,2025-11-25,24999.0,Scale Business Platform,0
IND-ACC-2366,GST-INV-802461,2025-11-26,24999.0,Scale Business Platform,0
IND-ACC-2069,GST-INV-800452,2025-11-26,75999.0,Enterprise Custom Tier,1000
IND-ACC-2191,GST-INV-801269,2025-11-26,5499.0,Starter Startup Plan,2500
IND-ACC-2058,GST-INV-800357,2025-11-26,27499.0,Scale Business Platform,2500
IND-ACC-2349,GST-INV-802360,2025-11-27,42999.0,Scale Business Platform,18000
IND-ACC-2245,GST-INV-801636,2025-11-27,9999.0,Growth Suite Pro,0
IND-ACC-2353,GST-INV-802385,2025-11-27,5499.0,Starter Startup Plan,2500
IND-ACC-2062,GST-INV-800394,2025-11-27,12499.0,Growth Suite Pro,2500
IND-ACC-2381,GST-INV-802599,2025-11-27,17499.0,Growth Suite Pro,7500
IND-ACC-2246,GST-INV-801648,2025-11-28,20999.0,Starter Startup Plan,18000
IND-ACC-2105,GST-INV-800682,2025-11-28,2999.0,Starter Startup Plan,0
IND-ACC-2035,GST-INV-800200,2025-11-28,2999.0,Starter Startup Plan,0
IND-ACC-2048,GST-INV-800280,2025-11-28,24999.0,Scale Business Platform,0
IND-ACC-2101,GST-INV-800653,2025-11-28,27999.0,Growth Suite Pro,18000
IND-ACC-2192,GST-INV-801279,2025-11-29,12499.0,Growth Suite Pro,2500
IND-ACC-2029,GST-INV-800174,2025-11-29,42999.0,Scale Business Platform,18000
IND-ACC-2027,GST-INV-800159,2025-11-29,17499.0,Growth Suite Pro,7500
IND-ACC-2132,GST-INV-800870,2025-11-29,17499.0,Growth Suite Pro,7500
IND-ACC-2145,GST-INV-800961,2025-11-29,27499.0,Scale Business Platform,2500
IND-ACC-2008,GST-INV-800045,2025-11-29,25999.0,Scale Business Platform,1000
IND-ACC-2312,GST-INV-802140,2025-11-29,5499.0,Starter Startup Plan,2500
IND-ACC-2063,GST-INV-800406,2025-11-29,12499.0,Growth Suite Pro,2500
IND-ACC-2167,GST-INV-801099,2025-11-29,82499.0,Enterprise Custom Tier,7500
IND-ACC-2303,GST-INV-802057,2025-11-30,27999.0,Growth Suite Pro,18000
IND-ACC-2204,GST-INV-801357,2025-11-30,3999.0,Starter Startup Plan,1000
IND-ACC-2079,GST-INV-800523,2025-11-30,3999.0,Starter Startup Plan,1000
IND-ACC-2138,GST-INV-800909,2025-11-30,27499.0,Scale Business Platform,2500
IND-ACC-2388,GST-INV-802637,2025-11-30,12499.0,Growth Suite Pro,2500
IND-ACC-2222,GST-INV-801485,2025-11-30,9999.0,Growth Suite Pro,0
IND-ACC-2094,GST-INV-800613,2025-11-30,17499.0,Growth Suite Pro,7500
IND-ACC-2182,GST-INV-801210,2025-11-30,10499.0,Starter Startup Plan,7500
IND-ACC-2168,GST-INV-801108,2025-11-30,24999.0,Scale Business Platform,0
